Copyright 1986-2022 Xilinx, Inc. All Rights Reserved. Copyright 2022-2023 Advanced Micro Devices, Inc. All Rights Reserved.
-----------------------------------------------------------------------------------------------------------------------------------------------------------------------------------------------------------------------------
| Tool Version : Vivado v.2023.1 (win64) Build 3865809 Sun May  7 15:05:29 MDT 2023
| Date         : Fri Aug 14 17:19:42 2026
| Host         : SHUBHAM running 64-bit major release  (build 9200)
| Command      : report_timing_summary -max_paths 10 -file async_fifo_negedge_timing_summary_routed.rpt -pb async_fifo_negedge_timing_summary_routed.pb -rpx async_fifo_negedge_timing_summary_routed.rpx -warn_on_violation
| Design       : async_fifo_negedge
| Device       : 7a35t-cpg236
| Speed File   : -1  PRODUCTION 1.23 2018-06-13
| Design State : Routed
-----------------------------------------------------------------------------------------------------------------------------------------------------------------------------------------------------------------------------

Timing Summary Report

------------------------------------------------------------------------------------------------
| Timer Settings
| --------------
------------------------------------------------------------------------------------------------

  Enable Multi Corner Analysis               :  Yes
  Enable Pessimism Removal                   :  Yes
  Pessimism Removal Resolution               :  Nearest Common Node
  Enable Input Delay Default Clock           :  No
  Enable Preset / Clear Arcs                 :  No
  Disable Flight Delays                      :  No
  Ignore I/O Paths                           :  No
  Timing Early Launch at Borrowing Latches   :  No
  Borrow Time for Max Delay Exceptions       :  Yes
  Merge Timing Exceptions                    :  Yes

  Corner  Analyze    Analyze    
  Name    Max Paths  Min Paths  
  ------  ---------  ---------  
  Slow    Yes        Yes        
  Fast    Yes        Yes        


------------------------------------------------------------------------------------------------
| Report Methodology
| ------------------
------------------------------------------------------------------------------------------------

Rule       Severity  Description                                           Violations  
---------  --------  ----------------------------------------------------  ----------  
TIMING-10  Warning   Missing property on synchronizer                      1           
TIMING-18  Warning   Missing input or output delay                         22          
XDCC-4     Warning   User Clock constraint overwritten with the same name  2           
XDCC-8     Warning   User Clock constraint overwritten on the same source  2           

Note: This report is based on the most recent report_methodology run and may not be up-to-date. Run report_methodology on the current design for the latest report.



check_timing report

Table of Contents
-----------------
1. checking no_clock (0)
2. checking constant_clock (0)
3. checking pulse_width_clock (0)
4. checking unconstrained_internal_endpoints (0)
5. checking no_input_delay (0)
6. checking no_output_delay (0)
7. checking multiple_clock (0)
8. checking generated_clocks (0)
9. checking loops (0)
10. checking partial_input_delay (0)
11. checking partial_output_delay (0)
12. checking latch_loops (0)

1. checking no_clock (0)
------------------------
 There are 0 register/latch pins with no clock.


2. checking constant_clock (0)
------------------------------
 There are 0 register/latch pins with constant_clock.


3. checking pulse_width_clock (0)
---------------------------------
 There are 0 register/latch pins which need pulse_width check


4. checking unconstrained_internal_endpoints (0)
------------------------------------------------
 There are 0 pins that are not constrained for maximum delay.

 There are 0 pins that are not constrained for maximum delay due to constant clock.


5. checking no_input_delay (0)
------------------------------
 There are 0 input ports with no input delay specified.

 There are 0 input ports with no input delay but user has a false path constraint.


6. checking no_output_delay (0)
-------------------------------
 There are 0 ports with no output delay specified.

 There are 0 ports with no output delay but user has a false path constraint

 There are 0 ports with no output delay but with a timing clock defined on it or propagating through it


7. checking multiple_clock (0)
------------------------------
 There are 0 register/latch pins with multiple clocks.


8. checking generated_clocks (0)
--------------------------------
 There are 0 generated clocks that are not connected to a clock source.


9. checking loops (0)
---------------------
 There are 0 combinational loops in the design.


10. checking partial_input_delay (0)
------------------------------------
 There are 0 input ports with partial input delay specified.


11. checking partial_output_delay (0)
-------------------------------------
 There are 0 ports with partial output delay specified.


12. checking latch_loops (0)
----------------------------
 There are 0 combinational latch loops in the design through latch input



------------------------------------------------------------------------------------------------
| Design Timing Summary
| ---------------------
------------------------------------------------------------------------------------------------

    WNS(ns)      TNS(ns)  TNS Failing Endpoints  TNS Total Endpoints      WHS(ns)      THS(ns)  THS Failing Endpoints  THS Total Endpoints     WPWS(ns)     TPWS(ns)  TPWS Failing Endpoints  TPWS Total Endpoints  
    -------      -------  ---------------------  -------------------      -------      -------  ---------------------  -------------------     --------     --------  ----------------------  --------------------  
      1.064        0.000                      0                  218        0.077        0.000                      0                  218       14.500        0.000                       0                   106  


All user specified timing constraints are met.


------------------------------------------------------------------------------------------------
| Clock Summary
| -------------
------------------------------------------------------------------------------------------------

Clock  Waveform(ns)       Period(ns)      Frequency(MHz)
-----  ------------       ----------      --------------
rclk   {0.000 20.000}     40.000          25.000          
wclk   {0.000 15.000}     30.000          33.333          


------------------------------------------------------------------------------------------------
| Intra Clock Table
| -----------------
------------------------------------------------------------------------------------------------

Clock             WNS(ns)      TNS(ns)  TNS Failing Endpoints  TNS Total Endpoints      WHS(ns)      THS(ns)  THS Failing Endpoints  THS Total Endpoints     WPWS(ns)     TPWS(ns)  TPWS Failing Endpoints  TPWS Total Endpoints  
-----             -------      -------  ---------------------  -------------------      -------      -------  ---------------------  -------------------     --------     --------  ----------------------  --------------------  
rclk                5.883        0.000                      0                   37        0.077        0.000                      0                   37       19.500        0.000                       0                    25  
wclk                1.064        0.000                      0                  141        0.077        0.000                      0                  141       14.500        0.000                       0                    81  


------------------------------------------------------------------------------------------------
| Inter Clock Table
| -----------------
------------------------------------------------------------------------------------------------

From Clock    To Clock          WNS(ns)      TNS(ns)  TNS Failing Endpoints  TNS Total Endpoints      WHS(ns)      THS(ns)  THS Failing Endpoints  THS Total Endpoints  
----------    --------          -------      -------  ---------------------  -------------------      -------      -------  ---------------------  -------------------  


------------------------------------------------------------------------------------------------
| Other Path Groups Table
| -----------------------
------------------------------------------------------------------------------------------------

Path Group         From Clock         To Clock               WNS(ns)      TNS(ns)  TNS Failing Endpoints  TNS Total Endpoints      WHS(ns)      THS(ns)  THS Failing Endpoints  THS Total Endpoints  
----------         ----------         --------               -------      -------  ---------------------  -------------------      -------      -------  ---------------------  -------------------  
**async_default**  rclk               rclk                    16.023        0.000                      0                   24       20.095        0.000                      0                   24  
**async_default**  wclk               wclk                    10.886        0.000                      0                   16       15.436        0.000                      0                   16  


------------------------------------------------------------------------------------------------
| Timing Details
| --------------
------------------------------------------------------------------------------------------------


---------------------------------------------------------------------------------------------------
From Clock:  rclk
  To Clock:  rclk

Setup :            0  Failing Endpoints,  Worst Slack        5.883ns,  Total Violation        0.000ns
Hold  :            0  Failing Endpoints,  Worst Slack        0.077ns,  Total Violation        0.000ns
PW    :            0  Failing Endpoints,  Worst Slack       19.500ns,  Total Violation        0.000ns
---------------------------------------------------------------------------------------------------


Max Delay Paths
--------------------------------------------------------------------------------------
Slack (MET) :             5.883ns  (required time - arrival time)
  Source:                 rdata_reg[4]/C
                            (falling edge-triggered cell FDCE clocked by rclk  {rise@0.000ns fall@20.000ns period=40.000ns})
  Destination:            rdata[4]
                            (output port clocked by rclk  {rise@0.000ns fall@20.000ns period=40.000ns})
  Path Group:             rclk
  Path Type:              Max at Slow Process Corner
  Requirement:            20.000ns  (rclk rise@40.000ns - rclk fall@20.000ns)
  Data Path Delay:        5.142ns  (logic 3.066ns (59.631%)  route 2.076ns (40.369%))
  Logic Levels:           1  (OBUF=1)
  Output Delay:           4.000ns
  Clock Path Skew:        -4.639ns (DCD - SCD + CPR)
    Destination Clock Delay (DCD):    0.000ns = ( 40.000 - 40.000 ) 
    Source Clock Delay      (SCD):    4.639ns = ( 24.639 - 20.000 ) 
    Clock Pessimism Removal (CPR):    0.000ns
  Clock Uncertainty:      0.335ns  ((TSJ^2 + TIJ^2)^1/2 + DJ) / 2 + PE + UU
    Total System Jitter     (TSJ):    0.071ns
    Total Input Jitter      (TIJ):    0.000ns
    Discrete Jitter          (DJ):    0.000ns
    Phase Error              (PE):    0.000ns
    User Uncertainty         (UU):    0.300ns

    Location             Delay type                Incr(ns)  Path(ns)    Netlist Resource(s)
  -------------------------------------------------------------------    -------------------
                         (clock rclk fall edge)      20.000    20.000 f  
    M18                                               0.000    20.000 f  rclk (IN)
                         net (fo=0)                   0.000    20.000    rclk
    M18                  IBUF (Prop_ibuf_I_O)         0.938    20.938 f  rclk_IBUF_inst/O
                         net (fo=1, routed)           1.972    22.910    rclk_IBUF
    BUFGCTRL_X0Y1        BUFG (Prop_bufg_I_O)         0.096    23.006 f  rclk_IBUF_BUFG_inst/O
                         net (fo=24, routed)          1.633    24.639    rclk_IBUF_BUFG
    SLICE_X3Y14          FDCE                                         r  rdata_reg[4]/C  (IS_INVERTED)
  -------------------------------------------------------------------    -------------------
    SLICE_X3Y14          FDCE (Prop_fdce_C_Q)         0.459    25.098 r  rdata_reg[4]/Q
                         net (fo=1, routed)           2.076    27.174    rdata_OBUF[4]
    U15                  OBUF (Prop_obuf_I_O)         2.607    29.781 r  rdata_OBUF[4]_inst/O
                         net (fo=0)                   0.000    29.781    rdata[4]
    U15                                                               r  rdata[4] (OUT)
  -------------------------------------------------------------------    -------------------

                         (clock rclk rise edge)      40.000    40.000 r  
                         clock pessimism              0.000    40.000    
                         clock uncertainty           -0.335    39.665    
                         output delay                -4.000    35.665    
  -------------------------------------------------------------------
                         required time                         35.665    
                         arrival time                         -29.781    
  -------------------------------------------------------------------
                         slack                                  5.883    

Slack (MET) :             5.888ns  (required time - arrival time)
  Source:                 rdata_reg[0]/C
                            (falling edge-triggered cell FDCE clocked by rclk  {rise@0.000ns fall@20.000ns period=40.000ns})
  Destination:            rdata[0]
                            (output port clocked by rclk  {rise@0.000ns fall@20.000ns period=40.000ns})
  Path Group:             rclk
  Path Type:              Max at Slow Process Corner
  Requirement:            20.000ns  (rclk rise@40.000ns - rclk fall@20.000ns)
  Data Path Delay:        5.138ns  (logic 3.058ns (59.518%)  route 2.080ns (40.482%))
  Logic Levels:           1  (OBUF=1)
  Output Delay:           4.000ns
  Clock Path Skew:        -4.639ns (DCD - SCD + CPR)
    Destination Clock Delay (DCD):    0.000ns = ( 40.000 - 40.000 ) 
    Source Clock Delay      (SCD):    4.639ns = ( 24.639 - 20.000 ) 
    Clock Pessimism Removal (CPR):    0.000ns
  Clock Uncertainty:      0.335ns  ((TSJ^2 + TIJ^2)^1/2 + DJ) / 2 + PE + UU
    Total System Jitter     (TSJ):    0.071ns
    Total Input Jitter      (TIJ):    0.000ns
    Discrete Jitter          (DJ):    0.000ns
    Phase Error              (PE):    0.000ns
    User Uncertainty         (UU):    0.300ns

    Location             Delay type                Incr(ns)  Path(ns)    Netlist Resource(s)
  -------------------------------------------------------------------    -------------------
                         (clock rclk fall edge)      20.000    20.000 f  
    M18                                               0.000    20.000 f  rclk (IN)
                         net (fo=0)                   0.000    20.000    rclk
    M18                  IBUF (Prop_ibuf_I_O)         0.938    20.938 f  rclk_IBUF_inst/O
                         net (fo=1, routed)           1.972    22.910    rclk_IBUF
    BUFGCTRL_X0Y1        BUFG (Prop_bufg_I_O)         0.096    23.006 f  rclk_IBUF_BUFG_inst/O
                         net (fo=24, routed)          1.633    24.639    rclk_IBUF_BUFG
    SLICE_X1Y13          FDCE                                         r  rdata_reg[0]/C  (IS_INVERTED)
  -------------------------------------------------------------------    -------------------
    SLICE_X1Y13          FDCE (Prop_fdce_C_Q)         0.459    25.098 r  rdata_reg[0]/Q
                         net (fo=1, routed)           2.080    27.178    rdata_OBUF[0]
    U14                  OBUF (Prop_obuf_I_O)         2.599    29.777 r  rdata_OBUF[0]_inst/O
                         net (fo=0)                   0.000    29.777    rdata[0]
    U14                                                               r  rdata[0] (OUT)
  -------------------------------------------------------------------    -------------------

                         (clock rclk rise edge)      40.000    40.000 r  
                         clock pessimism              0.000    40.000    
                         clock uncertainty           -0.335    39.665    
                         output delay                -4.000    35.665    
  -------------------------------------------------------------------
                         required time                         35.665    
                         arrival time                         -29.777    
  -------------------------------------------------------------------
                         slack                                  5.888    

Slack (MET) :             5.893ns  (required time - arrival time)
  Source:                 rdata_reg[3]/C
                            (falling edge-triggered cell FDCE clocked by rclk  {rise@0.000ns fall@20.000ns period=40.000ns})
  Destination:            rdata[3]
                            (output port clocked by rclk  {rise@0.000ns fall@20.000ns period=40.000ns})
  Path Group:             rclk
  Path Type:              Max at Slow Process Corner
  Requirement:            20.000ns  (rclk rise@40.000ns - rclk fall@20.000ns)
  Data Path Delay:        5.133ns  (logic 3.057ns (59.555%)  route 2.076ns (40.445%))
  Logic Levels:           1  (OBUF=1)
  Output Delay:           4.000ns
  Clock Path Skew:        -4.639ns (DCD - SCD + CPR)
    Destination Clock Delay (DCD):    0.000ns = ( 40.000 - 40.000 ) 
    Source Clock Delay      (SCD):    4.639ns = ( 24.639 - 20.000 ) 
    Clock Pessimism Removal (CPR):    0.000ns
  Clock Uncertainty:      0.335ns  ((TSJ^2 + TIJ^2)^1/2 + DJ) / 2 + PE + UU
    Total System Jitter     (TSJ):    0.071ns
    Total Input Jitter      (TIJ):    0.000ns
    Discrete Jitter          (DJ):    0.000ns
    Phase Error              (PE):    0.000ns
    User Uncertainty         (UU):    0.300ns

    Location             Delay type                Incr(ns)  Path(ns)    Netlist Resource(s)
  -------------------------------------------------------------------    -------------------
                         (clock rclk fall edge)      20.000    20.000 f  
    M18                                               0.000    20.000 f  rclk (IN)
                         net (fo=0)                   0.000    20.000    rclk
    M18                  IBUF (Prop_ibuf_I_O)         0.938    20.938 f  rclk_IBUF_inst/O
                         net (fo=1, routed)           1.972    22.910    rclk_IBUF
    BUFGCTRL_X0Y1        BUFG (Prop_bufg_I_O)         0.096    23.006 f  rclk_IBUF_BUFG_inst/O
                         net (fo=24, routed)          1.633    24.639    rclk_IBUF_BUFG
    SLICE_X3Y13          FDCE                                         r  rdata_reg[3]/C  (IS_INVERTED)
  -------------------------------------------------------------------    -------------------
    SLICE_X3Y13          FDCE (Prop_fdce_C_Q)         0.459    25.098 r  rdata_reg[3]/Q
                         net (fo=1, routed)           2.076    27.174    rdata_OBUF[3]
    U16                  OBUF (Prop_obuf_I_O)         2.598    29.772 r  rdata_OBUF[3]_inst/O
                         net (fo=0)                   0.000    29.772    rdata[3]
    U16                                                               r  rdata[3] (OUT)
  -------------------------------------------------------------------    -------------------

                         (clock rclk rise edge)      40.000    40.000 r  
                         clock pessimism              0.000    40.000    
                         clock uncertainty           -0.335    39.665    
                         output delay                -4.000    35.665    
  -------------------------------------------------------------------
                         required time                         35.665    
                         arrival time                         -29.772    
  -------------------------------------------------------------------
                         slack                                  5.893    

Slack (MET) :             5.896ns  (required time - arrival time)
  Source:                 rdata_reg[1]/C
                            (falling edge-triggered cell FDCE clocked by rclk  {rise@0.000ns fall@20.000ns period=40.000ns})
  Destination:            rdata[1]
                            (output port clocked by rclk  {rise@0.000ns fall@20.000ns period=40.000ns})
  Path Group:             rclk
  Path Type:              Max at Slow Process Corner
  Requirement:            20.000ns  (rclk rise@40.000ns - rclk fall@20.000ns)
  Data Path Delay:        5.130ns  (logic 3.053ns (59.511%)  route 2.077ns (40.489%))
  Logic Levels:           1  (OBUF=1)
  Output Delay:           4.000ns
  Clock Path Skew:        -4.639ns (DCD - SCD + CPR)
    Destination Clock Delay (DCD):    0.000ns = ( 40.000 - 40.000 ) 
    Source Clock Delay      (SCD):    4.639ns = ( 24.639 - 20.000 ) 
    Clock Pessimism Removal (CPR):    0.000ns
  Clock Uncertainty:      0.335ns  ((TSJ^2 + TIJ^2)^1/2 + DJ) / 2 + PE + UU
    Total System Jitter     (TSJ):    0.071ns
    Total Input Jitter      (TIJ):    0.000ns
    Discrete Jitter          (DJ):    0.000ns
    Phase Error              (PE):    0.000ns
    User Uncertainty         (UU):    0.300ns

    Location             Delay type                Incr(ns)  Path(ns)    Netlist Resource(s)
  -------------------------------------------------------------------    -------------------
                         (clock rclk fall edge)      20.000    20.000 f  
    M18                                               0.000    20.000 f  rclk (IN)
                         net (fo=0)                   0.000    20.000    rclk
    M18                  IBUF (Prop_ibuf_I_O)         0.938    20.938 f  rclk_IBUF_inst/O
                         net (fo=1, routed)           1.972    22.910    rclk_IBUF
    BUFGCTRL_X0Y1        BUFG (Prop_bufg_I_O)         0.096    23.006 f  rclk_IBUF_BUFG_inst/O
                         net (fo=24, routed)          1.633    24.639    rclk_IBUF_BUFG
    SLICE_X1Y13          FDCE                                         r  rdata_reg[1]/C  (IS_INVERTED)
  -------------------------------------------------------------------    -------------------
    SLICE_X1Y13          FDCE (Prop_fdce_C_Q)         0.459    25.098 r  rdata_reg[1]/Q
                         net (fo=1, routed)           2.077    27.175    rdata_OBUF[1]
    V14                  OBUF (Prop_obuf_I_O)         2.594    29.769 r  rdata_OBUF[1]_inst/O
                         net (fo=0)                   0.000    29.769    rdata[1]
    V14                                                               r  rdata[1] (OUT)
  -------------------------------------------------------------------    -------------------

                         (clock rclk rise edge)      40.000    40.000 r  
                         clock pessimism              0.000    40.000    
                         clock uncertainty           -0.335    39.665    
                         output delay                -4.000    35.665    
  -------------------------------------------------------------------
                         required time                         35.665    
                         arrival time                         -29.769    
  -------------------------------------------------------------------
                         slack                                  5.896    

Slack (MET) :             5.897ns  (required time - arrival time)
  Source:                 rdata_reg[2]/C
                            (falling edge-triggered cell FDCE clocked by rclk  {rise@0.000ns fall@20.000ns period=40.000ns})
  Destination:            rdata[2]
                            (output port clocked by rclk  {rise@0.000ns fall@20.000ns period=40.000ns})
  Path Group:             rclk
  Path Type:              Max at Slow Process Corner
  Requirement:            20.000ns  (rclk rise@40.000ns - rclk fall@20.000ns)
  Data Path Delay:        5.127ns  (logic 3.056ns (59.602%)  route 2.071ns (40.398%))
  Logic Levels:           1  (OBUF=1)
  Output Delay:           4.000ns
  Clock Path Skew:        -4.640ns (DCD - SCD + CPR)
    Destination Clock Delay (DCD):    0.000ns = ( 40.000 - 40.000 ) 
    Source Clock Delay      (SCD):    4.640ns = ( 24.640 - 20.000 ) 
    Clock Pessimism Removal (CPR):    0.000ns
  Clock Uncertainty:      0.335ns  ((TSJ^2 + TIJ^2)^1/2 + DJ) / 2 + PE + UU
    Total System Jitter     (TSJ):    0.071ns
    Total Input Jitter      (TIJ):    0.000ns
    Discrete Jitter          (DJ):    0.000ns
    Phase Error              (PE):    0.000ns
    User Uncertainty         (UU):    0.300ns

    Location             Delay type                Incr(ns)  Path(ns)    Netlist Resource(s)
  -------------------------------------------------------------------    -------------------
                         (clock rclk fall edge)      20.000    20.000 f  
    M18                                               0.000    20.000 f  rclk (IN)
                         net (fo=0)                   0.000    20.000    rclk
    M18                  IBUF (Prop_ibuf_I_O)         0.938    20.938 f  rclk_IBUF_inst/O
                         net (fo=1, routed)           1.972    22.910    rclk_IBUF
    BUFGCTRL_X0Y1        BUFG (Prop_bufg_I_O)         0.096    23.006 f  rclk_IBUF_BUFG_inst/O
                         net (fo=24, routed)          1.634    24.640    rclk_IBUF_BUFG
    SLICE_X1Y12          FDCE                                         r  rdata_reg[2]/C  (IS_INVERTED)
  -------------------------------------------------------------------    -------------------
    SLICE_X1Y12          FDCE (Prop_fdce_C_Q)         0.459    25.099 r  rdata_reg[2]/Q
                         net (fo=1, routed)           2.071    27.170    rdata_OBUF[2]
    V13                  OBUF (Prop_obuf_I_O)         2.597    29.767 r  rdata_OBUF[2]_inst/O
                         net (fo=0)                   0.000    29.767    rdata[2]
    V13                                                               r  rdata[2] (OUT)
  -------------------------------------------------------------------    -------------------

                         (clock rclk rise edge)      40.000    40.000 r  
                         clock pessimism              0.000    40.000    
                         clock uncertainty           -0.335    39.665    
                         output delay                -4.000    35.665    
  -------------------------------------------------------------------
                         required time                         35.665    
                         arrival time                         -29.767    
  -------------------------------------------------------------------
                         slack                                  5.897    

Slack (MET) :             5.941ns  (required time - arrival time)
  Source:                 rdata_reg[6]/C
                            (falling edge-triggered cell FDCE clocked by rclk  {rise@0.000ns fall@20.000ns period=40.000ns})
  Destination:            rdata[6]
                            (output port clocked by rclk  {rise@0.000ns fall@20.000ns period=40.000ns})
  Path Group:             rclk
  Path Type:              Max at Slow Process Corner
  Requirement:            20.000ns  (rclk rise@40.000ns - rclk fall@20.000ns)
  Data Path Delay:        5.085ns  (logic 3.066ns (60.291%)  route 2.019ns (39.709%))
  Logic Levels:           1  (OBUF=1)
  Output Delay:           4.000ns
  Clock Path Skew:        -4.639ns (DCD - SCD + CPR)
    Destination Clock Delay (DCD):    0.000ns = ( 40.000 - 40.000 ) 
    Source Clock Delay      (SCD):    4.639ns = ( 24.639 - 20.000 ) 
    Clock Pessimism Removal (CPR):    0.000ns
  Clock Uncertainty:      0.335ns  ((TSJ^2 + TIJ^2)^1/2 + DJ) / 2 + PE + UU
    Total System Jitter     (TSJ):    0.071ns
    Total Input Jitter      (TIJ):    0.000ns
    Discrete Jitter          (DJ):    0.000ns
    Phase Error              (PE):    0.000ns
    User Uncertainty         (UU):    0.300ns

    Location             Delay type                Incr(ns)  Path(ns)    Netlist Resource(s)
  -------------------------------------------------------------------    -------------------
                         (clock rclk fall edge)      20.000    20.000 f  
    M18                                               0.000    20.000 f  rclk (IN)
                         net (fo=0)                   0.000    20.000    rclk
    M18                  IBUF (Prop_ibuf_I_O)         0.938    20.938 f  rclk_IBUF_inst/O
                         net (fo=1, routed)           1.972    22.910    rclk_IBUF
    BUFGCTRL_X0Y1        BUFG (Prop_bufg_I_O)         0.096    23.006 f  rclk_IBUF_BUFG_inst/O
                         net (fo=24, routed)          1.633    24.639    rclk_IBUF_BUFG
    SLICE_X3Y13          FDCE                                         r  rdata_reg[6]/C  (IS_INVERTED)
  -------------------------------------------------------------------    -------------------
    SLICE_X3Y13          FDCE (Prop_fdce_C_Q)         0.459    25.098 r  rdata_reg[6]/Q
                         net (fo=1, routed)           2.019    27.117    rdata_OBUF[6]
    W13                  OBUF (Prop_obuf_I_O)         2.607    29.724 r  rdata_OBUF[6]_inst/O
                         net (fo=0)                   0.000    29.724    rdata[6]
    W13                                                               r  rdata[6] (OUT)
  -------------------------------------------------------------------    -------------------

                         (clock rclk rise edge)      40.000    40.000 r  
                         clock pessimism              0.000    40.000    
                         clock uncertainty           -0.335    39.665    
                         output delay                -4.000    35.665    
  -------------------------------------------------------------------
                         required time                         35.665    
                         arrival time                         -29.724    
  -------------------------------------------------------------------
                         slack                                  5.941    

Slack (MET) :             5.949ns  (required time - arrival time)
  Source:                 rdata_reg[7]/C
                            (falling edge-triggered cell FDCE clocked by rclk  {rise@0.000ns fall@20.000ns period=40.000ns})
  Destination:            rdata[7]
                            (output port clocked by rclk  {rise@0.000ns fall@20.000ns period=40.000ns})
  Path Group:             rclk
  Path Type:              Max at Slow Process Corner
  Requirement:            20.000ns  (rclk rise@40.000ns - rclk fall@20.000ns)
  Data Path Delay:        5.077ns  (logic 3.058ns (60.227%)  route 2.019ns (39.773%))
  Logic Levels:           1  (OBUF=1)
  Output Delay:           4.000ns
  Clock Path Skew:        -4.639ns (DCD - SCD + CPR)
    Destination Clock Delay (DCD):    0.000ns = ( 40.000 - 40.000 ) 
    Source Clock Delay      (SCD):    4.639ns = ( 24.639 - 20.000 ) 
    Clock Pessimism Removal (CPR):    0.000ns
  Clock Uncertainty:      0.335ns  ((TSJ^2 + TIJ^2)^1/2 + DJ) / 2 + PE + UU
    Total System Jitter     (TSJ):    0.071ns
    Total Input Jitter      (TIJ):    0.000ns
    Discrete Jitter          (DJ):    0.000ns
    Phase Error              (PE):    0.000ns
    User Uncertainty         (UU):    0.300ns

    Location             Delay type                Incr(ns)  Path(ns)    Netlist Resource(s)
  -------------------------------------------------------------------    -------------------
                         (clock rclk fall edge)      20.000    20.000 f  
    M18                                               0.000    20.000 f  rclk (IN)
                         net (fo=0)                   0.000    20.000    rclk
    M18                  IBUF (Prop_ibuf_I_O)         0.938    20.938 f  rclk_IBUF_inst/O
                         net (fo=1, routed)           1.972    22.910    rclk_IBUF
    BUFGCTRL_X0Y1        BUFG (Prop_bufg_I_O)         0.096    23.006 f  rclk_IBUF_BUFG_inst/O
                         net (fo=24, routed)          1.633    24.639    rclk_IBUF_BUFG
    SLICE_X3Y14          FDCE                                         r  rdata_reg[7]/C  (IS_INVERTED)
  -------------------------------------------------------------------    -------------------
    SLICE_X3Y14          FDCE (Prop_fdce_C_Q)         0.459    25.098 r  rdata_reg[7]/Q
                         net (fo=1, routed)           2.019    27.117    rdata_OBUF[7]
    W15                  OBUF (Prop_obuf_I_O)         2.599    29.716 r  rdata_OBUF[7]_inst/O
                         net (fo=0)                   0.000    29.716    rdata[7]
    W15                                                               r  rdata[7] (OUT)
  -------------------------------------------------------------------    -------------------

                         (clock rclk rise edge)      40.000    40.000 r  
                         clock pessimism              0.000    40.000    
                         clock uncertainty           -0.335    39.665    
                         output delay                -4.000    35.665    
  -------------------------------------------------------------------
                         required time                         35.665    
                         arrival time                         -29.716    
  -------------------------------------------------------------------
                         slack                                  5.949    

Slack (MET) :             5.992ns  (required time - arrival time)
  Source:                 empty_reg/C
                            (falling edge-triggered cell FDPE clocked by rclk  {rise@0.000ns fall@20.000ns period=40.000ns})
  Destination:            empty
                            (output port clocked by rclk  {rise@0.000ns fall@20.000ns period=40.000ns})
  Path Group:             rclk
  Path Type:              Max at Slow Process Corner
  Requirement:            20.000ns  (rclk rise@40.000ns - rclk fall@20.000ns)
  Data Path Delay:        5.037ns  (logic 3.073ns (61.006%)  route 1.964ns (38.994%))
  Logic Levels:           1  (OBUF=1)
  Output Delay:           4.000ns
  Clock Path Skew:        -4.636ns (DCD - SCD + CPR)
    Destination Clock Delay (DCD):    0.000ns = ( 40.000 - 40.000 ) 
    Source Clock Delay      (SCD):    4.636ns = ( 24.636 - 20.000 ) 
    Clock Pessimism Removal (CPR):    0.000ns
  Clock Uncertainty:      0.335ns  ((TSJ^2 + TIJ^2)^1/2 + DJ) / 2 + PE + UU
    Total System Jitter     (TSJ):    0.071ns
    Total Input Jitter      (TIJ):    0.000ns
    Discrete Jitter          (DJ):    0.000ns
    Phase Error              (PE):    0.000ns
    User Uncertainty         (UU):    0.300ns

    Location             Delay type                Incr(ns)  Path(ns)    Netlist Resource(s)
  -------------------------------------------------------------------    -------------------
                         (clock rclk fall edge)      20.000    20.000 f  
    M18                                               0.000    20.000 f  rclk (IN)
                         net (fo=0)                   0.000    20.000    rclk
    M18                  IBUF (Prop_ibuf_I_O)         0.938    20.938 f  rclk_IBUF_inst/O
                         net (fo=1, routed)           1.972    22.910    rclk_IBUF
    BUFGCTRL_X0Y1        BUFG (Prop_bufg_I_O)         0.096    23.006 f  rclk_IBUF_BUFG_inst/O
                         net (fo=24, routed)          1.630    24.636    rclk_IBUF_BUFG
    SLICE_X5Y13          FDPE                                         r  empty_reg/C  (IS_INVERTED)
  -------------------------------------------------------------------    -------------------
    SLICE_X5Y13          FDPE (Prop_fdpe_C_Q)         0.459    25.095 r  empty_reg/Q
                         net (fo=11, routed)          1.964    27.059    empty_OBUF
    V15                  OBUF (Prop_obuf_I_O)         2.614    29.673 r  empty_OBUF_inst/O
                         net (fo=0)                   0.000    29.673    empty
    V15                                                               r  empty (OUT)
  -------------------------------------------------------------------    -------------------

                         (clock rclk rise edge)      40.000    40.000 r  
                         clock pessimism              0.000    40.000    
                         clock uncertainty           -0.335    39.665    
                         output delay                -4.000    35.665    
  -------------------------------------------------------------------
                         required time                         35.665    
                         arrival time                         -29.673    
  -------------------------------------------------------------------
                         slack                                  5.992    

Slack (MET) :             6.094ns  (required time - arrival time)
  Source:                 rdata_reg[5]/C
                            (falling edge-triggered cell FDCE clocked by rclk  {rise@0.000ns fall@20.000ns period=40.000ns})
  Destination:            rdata[5]
                            (output port clocked by rclk  {rise@0.000ns fall@20.000ns period=40.000ns})
  Path Group:             rclk
  Path Type:              Max at Slow Process Corner
  Requirement:            20.000ns  (rclk rise@40.000ns - rclk fall@20.000ns)
  Data Path Delay:        4.930ns  (logic 3.057ns (61.996%)  route 1.874ns (38.004%))
  Logic Levels:           1  (OBUF=1)
  Output Delay:           4.000ns
  Clock Path Skew:        -4.640ns (DCD - SCD + CPR)
    Destination Clock Delay (DCD):    0.000ns = ( 40.000 - 40.000 ) 
    Source Clock Delay      (SCD):    4.640ns = ( 24.640 - 20.000 ) 
    Clock Pessimism Removal (CPR):    0.000ns
  Clock Uncertainty:      0.335ns  ((TSJ^2 + TIJ^2)^1/2 + DJ) / 2 + PE + UU
    Total System Jitter     (TSJ):    0.071ns
    Total Input Jitter      (TIJ):    0.000ns
    Discrete Jitter          (DJ):    0.000ns
    Phase Error              (PE):    0.000ns
    User Uncertainty         (UU):    0.300ns

    Location             Delay type                Incr(ns)  Path(ns)    Netlist Resource(s)
  -------------------------------------------------------------------    -------------------
                         (clock rclk fall edge)      20.000    20.000 f  
    M18                                               0.000    20.000 f  rclk (IN)
                         net (fo=0)                   0.000    20.000    rclk
    M18                  IBUF (Prop_ibuf_I_O)         0.938    20.938 f  rclk_IBUF_inst/O
                         net (fo=1, routed)           1.972    22.910    rclk_IBUF
    BUFGCTRL_X0Y1        BUFG (Prop_bufg_I_O)         0.096    23.006 f  rclk_IBUF_BUFG_inst/O
                         net (fo=24, routed)          1.634    24.640    rclk_IBUF_BUFG
    SLICE_X1Y12          FDCE                                         r  rdata_reg[5]/C  (IS_INVERTED)
  -------------------------------------------------------------------    -------------------
    SLICE_X1Y12          FDCE (Prop_fdce_C_Q)         0.459    25.099 r  rdata_reg[5]/Q
                         net (fo=1, routed)           1.874    26.973    rdata_OBUF[5]
    W14                  OBUF (Prop_obuf_I_O)         2.598    29.570 r  rdata_OBUF[5]_inst/O
                         net (fo=0)                   0.000    29.570    rdata[5]
    W14                                                               r  rdata[5] (OUT)
  -------------------------------------------------------------------    -------------------

                         (clock rclk rise edge)      40.000    40.000 r  
                         clock pessimism              0.000    40.000    
                         clock uncertainty           -0.335    39.665    
                         output delay                -4.000    35.665    
  -------------------------------------------------------------------
                         required time                         35.665    
                         arrival time                         -29.570    
  -------------------------------------------------------------------
                         slack                                  6.094    

Slack (MET) :             16.286ns  (required time - arrival time)
  Source:                 rd_en
                            (input port clocked by rclk  {rise@0.000ns fall@20.000ns period=40.000ns})
  Destination:            empty_reg/D
                            (falling edge-triggered cell FDPE clocked by rclk  {rise@0.000ns fall@20.000ns period=40.000ns})
  Path Group:             rclk
  Path Type:              Setup (Max at Fast Process Corner)
  Requirement:            20.000ns  (rclk fall@20.000ns - rclk rise@0.000ns)
  Data Path Delay:        1.812ns  (logic 0.545ns (30.104%)  route 1.267ns (69.896%))
  Logic Levels:           3  (IBUF=1 LUT5=1 LUT6=1)
  Input Delay:            3.000ns
  Clock Path Skew:        1.416ns (DCD - SCD + CPR)
    Destination Clock Delay (DCD):    1.416ns = ( 21.416 - 20.000 ) 
    Source Clock Delay      (SCD):    0.000ns
    Clock Pessimism Removal (CPR):    0.000ns
  Clock Uncertainty:      0.335ns  ((TSJ^2 + TIJ^2)^1/2 + DJ) / 2 + PE + UU
    Total System Jitter     (TSJ):    0.071ns
    Total Input Jitter      (TIJ):    0.000ns
    Discrete Jitter          (DJ):    0.000ns
    Phase Error              (PE):    0.000ns
    User Uncertainty         (UU):    0.300ns

    Location             Delay type                Incr(ns)  Path(ns)    Netlist Resource(s)
  -------------------------------------------------------------------    -------------------
                         (clock rclk rise edge)       0.000     0.000 r  
                         input delay                  3.000     3.000    
    W18                                               0.000     3.000 r  rd_en (IN)
                         net (fo=0)                   0.000     3.000    rd_en
    W18                  IBUF (Prop_ibuf_I_O)         0.356     3.356 r  rd_en_IBUF_inst/O
                         net (fo=10, routed)          0.888     4.244    rd_en_IBUF
    SLICE_X5Y14          LUT5 (Prop_lut5_I1_O)        0.055     4.299 r  rptr_bin[2]_i_1/O
                         net (fo=2, routed)           0.379     4.678    rptr_bin_next__0[2]
    SLICE_X5Y13          LUT6 (Prop_lut6_I2_O)        0.134     4.812 r  empty_i_1/O
                         net (fo=1, routed)           0.000     4.812    empty0
    SLICE_X5Y13          FDPE                                         r  empty_reg/D
  -------------------------------------------------------------------    -------------------

                         (clock rclk fall edge)      20.000    20.000 f  
    M18                                               0.000    20.000 f  rclk (IN)
                         net (fo=0)                   0.000    20.000    rclk
    M18                  IBUF (Prop_ibuf_I_O)         0.167    20.167 f  rclk_IBUF_inst/O
                         net (fo=1, routed)           0.634    20.801    rclk_IBUF
    BUFGCTRL_X0Y1        BUFG (Prop_bufg_I_O)         0.026    20.827 f  rclk_IBUF_BUFG_inst/O
                         net (fo=24, routed)          0.589    21.416    rclk_IBUF_BUFG
    SLICE_X5Y13          FDPE                                         r  empty_reg/C  (IS_INVERTED)
                         clock pessimism              0.000    21.416    
                         clock uncertainty           -0.335    21.080    
    SLICE_X5Y13          FDPE (Setup_fdpe_C_D)        0.018    21.098    empty_reg
  -------------------------------------------------------------------
                         required time                         21.098    
                         arrival time                          -4.812    
  -------------------------------------------------------------------
                         slack                                 16.286    





Min Delay Paths
--------------------------------------------------------------------------------------
Slack (MET) :             0.077ns  (arrival time - required time)
  Source:                 wptr_gray_sync1_reg[0]/C
                            (falling edge-triggered cell FDCE clocked by rclk  {rise@0.000ns fall@20.000ns period=40.000ns})
  Destination:            wptr_gray_sync2_reg[0]/D
                            (falling edge-triggered cell FDCE clocked by rclk  {rise@0.000ns fall@20.000ns period=40.000ns})
  Path Group:             rclk
  Path Type:              Hold (Min at Fast Process Corner)
  Requirement:            0.000ns  (rclk fall@20.000ns - rclk fall@20.000ns)
  Data Path Delay:        0.256ns  (logic 0.146ns (57.030%)  route 0.110ns (42.970%))
  Logic Levels:           0  
  Clock Path Skew:        0.000ns (DCD - SCD - CPR)
    Destination Clock Delay (DCD):    1.931ns = ( 21.931 - 20.000 ) 
    Source Clock Delay      (SCD):    1.416ns = ( 21.416 - 20.000 ) 
    Clock Pessimism Removal (CPR):    0.515ns
  Clock Uncertainty:      0.100ns  ((TSJ^2 + TIJ^2)^1/2 + DJ) / 2 + PE + UU
    Total System Jitter     (TSJ):    0.000ns
    Total Input Jitter      (TIJ):    0.000ns
    Discrete Jitter          (DJ):    0.000ns
    Phase Error              (PE):    0.000ns
    User Uncertainty         (UU):    0.100ns

    Location             Delay type                Incr(ns)  Path(ns)    Netlist Resource(s)
  -------------------------------------------------------------------    -------------------
                         (clock rclk fall edge)      20.000    20.000 f  
    M18                                               0.000    20.000 f  rclk (IN)
                         net (fo=0)                   0.000    20.000    rclk
    M18                  IBUF (Prop_ibuf_I_O)         0.167    20.167 f  rclk_IBUF_inst/O
                         net (fo=1, routed)           0.634    20.801    rclk_IBUF
    BUFGCTRL_X0Y1        BUFG (Prop_bufg_I_O)         0.026    20.827 f  rclk_IBUF_BUFG_inst/O
                         net (fo=24, routed)          0.589    21.416    rclk_IBUF_BUFG
    SLICE_X5Y15          FDCE                                         r  wptr_gray_sync1_reg[0]/C  (IS_INVERTED)
  -------------------------------------------------------------------    -------------------
    SLICE_X5Y15          FDCE (Prop_fdce_C_Q)         0.146    21.562 r  wptr_gray_sync1_reg[0]/Q
                         net (fo=1, routed)           0.110    21.672    wptr_gray_sync1[0]
    SLICE_X5Y15          FDCE                                         r  wptr_gray_sync2_reg[0]/D
  -------------------------------------------------------------------    -------------------

                         (clock rclk fall edge)      20.000    20.000 f  
    M18                                               0.000    20.000 f  rclk (IN)
                         net (fo=0)                   0.000    20.000    rclk
    M18                  IBUF (Prop_ibuf_I_O)         0.356    20.356 f  rclk_IBUF_inst/O
                         net (fo=1, routed)           0.689    21.044    rclk_IBUF
    BUFGCTRL_X0Y1        BUFG (Prop_bufg_I_O)         0.029    21.073 f  rclk_IBUF_BUFG_inst/O
                         net (fo=24, routed)          0.858    21.931    rclk_IBUF_BUFG
    SLICE_X5Y15          FDCE                                         r  wptr_gray_sync2_reg[0]/C  (IS_INVERTED)
                         clock pessimism             -0.515    21.416    
                         clock uncertainty            0.100    21.516    
    SLICE_X5Y15          FDCE (Hold_fdce_C_D)         0.079    21.595    wptr_gray_sync2_reg[0]
  -------------------------------------------------------------------
                         required time                        -21.595    
                         arrival time                          21.672    
  -------------------------------------------------------------------
                         slack                                  0.077    

Slack (MET) :             0.118ns  (arrival time - required time)
  Source:                 wptr_gray_sync2_reg[2]/C
                            (falling edge-triggered cell FDCE clocked by rclk  {rise@0.000ns fall@20.000ns period=40.000ns})
  Destination:            empty_reg/D
                            (falling edge-triggered cell FDPE clocked by rclk  {rise@0.000ns fall@20.000ns period=40.000ns})
  Path Group:             rclk
  Path Type:              Hold (Min at Fast Process Corner)
  Requirement:            0.000ns  (rclk fall@20.000ns - rclk fall@20.000ns)
  Data Path Delay:        0.316ns  (logic 0.231ns (73.054%)  route 0.085ns (26.946%))
  Logic Levels:           1  (LUT6=1)
  Clock Path Skew:        0.000ns (DCD - SCD - CPR)
    Destination Clock Delay (DCD):    1.932ns = ( 21.932 - 20.000 ) 
    Source Clock Delay      (SCD):    1.416ns = ( 21.416 - 20.000 ) 
    Clock Pessimism Removal (CPR):    0.516ns
  Clock Uncertainty:      0.100ns  ((TSJ^2 + TIJ^2)^1/2 + DJ) / 2 + PE + UU
    Total System Jitter     (TSJ):    0.000ns
    Total Input Jitter      (TIJ):    0.000ns
    Discrete Jitter          (DJ):    0.000ns
    Phase Error              (PE):    0.000ns
    User Uncertainty         (UU):    0.100ns

    Location             Delay type                Incr(ns)  Path(ns)    Netlist Resource(s)
  -------------------------------------------------------------------    -------------------
                         (clock rclk fall edge)      20.000    20.000 f  
    M18                                               0.000    20.000 f  rclk (IN)
                         net (fo=0)                   0.000    20.000    rclk
    M18                  IBUF (Prop_ibuf_I_O)         0.167    20.167 f  rclk_IBUF_inst/O
                         net (fo=1, routed)           0.634    20.801    rclk_IBUF
    BUFGCTRL_X0Y1        BUFG (Prop_bufg_I_O)         0.026    20.827 f  rclk_IBUF_BUFG_inst/O
                         net (fo=24, routed)          0.589    21.416    rclk_IBUF_BUFG
    SLICE_X5Y13          FDCE                                         r  wptr_gray_sync2_reg[2]/C  (IS_INVERTED)
  -------------------------------------------------------------------    -------------------
    SLICE_X5Y13          FDCE (Prop_fdce_C_Q)         0.133    21.549 r  wptr_gray_sync2_reg[2]/Q
                         net (fo=1, routed)           0.085    21.634    wptr_gray_sync2[2]
    SLICE_X5Y13          LUT6 (Prop_lut6_I4_O)        0.098    21.732 r  empty_i_1/O
                         net (fo=1, routed)           0.000    21.732    empty0
    SLICE_X5Y13          FDPE                                         r  empty_reg/D
  -------------------------------------------------------------------    -------------------

                         (clock rclk fall edge)      20.000    20.000 f  
    M18                                               0.000    20.000 f  rclk (IN)
                         net (fo=0)                   0.000    20.000    rclk
    M18                  IBUF (Prop_ibuf_I_O)         0.356    20.356 f  rclk_IBUF_inst/O
                         net (fo=1, routed)           0.689    21.044    rclk_IBUF
    BUFGCTRL_X0Y1        BUFG (Prop_bufg_I_O)         0.029    21.073 f  rclk_IBUF_BUFG_inst/O
                         net (fo=24, routed)          0.859    21.932    rclk_IBUF_BUFG
    SLICE_X5Y13          FDPE                                         r  empty_reg/C  (IS_INVERTED)
                         clock pessimism             -0.516    21.416    
                         clock uncertainty            0.100    21.516    
    SLICE_X5Y13          FDPE (Hold_fdpe_C_D)         0.098    21.614    empty_reg
  -------------------------------------------------------------------
                         required time                        -21.614    
                         arrival time                          21.732    
  -------------------------------------------------------------------
                         slack                                  0.118    

Slack (MET) :             0.143ns  (arrival time - required time)
  Source:                 wptr_gray_sync1_reg[3]/C
                            (falling edge-triggered cell FDCE clocked by rclk  {rise@0.000ns fall@20.000ns period=40.000ns})
  Destination:            wptr_gray_sync2_reg[3]/D
                            (falling edge-triggered cell FDCE clocked by rclk  {rise@0.000ns fall@20.000ns period=40.000ns})
  Path Group:             rclk
  Path Type:              Hold (Min at Fast Process Corner)
  Requirement:            0.000ns  (rclk fall@20.000ns - rclk fall@20.000ns)
  Data Path Delay:        0.316ns  (logic 0.146ns (46.163%)  route 0.170ns (53.837%))
  Logic Levels:           0  
  Clock Path Skew:        0.000ns (DCD - SCD - CPR)
    Destination Clock Delay (DCD):    1.932ns = ( 21.932 - 20.000 ) 
    Source Clock Delay      (SCD):    1.416ns = ( 21.416 - 20.000 ) 
    Clock Pessimism Removal (CPR):    0.516ns
  Clock Uncertainty:      0.100ns  ((TSJ^2 + TIJ^2)^1/2 + DJ) / 2 + PE + UU
    Total System Jitter     (TSJ):    0.000ns
    Total Input Jitter      (TIJ):    0.000ns
    Discrete Jitter          (DJ):    0.000ns
    Phase Error              (PE):    0.000ns
    User Uncertainty         (UU):    0.100ns

    Location             Delay type                Incr(ns)  Path(ns)    Netlist Resource(s)
  -------------------------------------------------------------------    -------------------
                         (clock rclk fall edge)      20.000    20.000 f  
    M18                                               0.000    20.000 f  rclk (IN)
                         net (fo=0)                   0.000    20.000    rclk
    M18                  IBUF (Prop_ibuf_I_O)         0.167    20.167 f  rclk_IBUF_inst/O
                         net (fo=1, routed)           0.634    20.801    rclk_IBUF
    BUFGCTRL_X0Y1        BUFG (Prop_bufg_I_O)         0.026    20.827 f  rclk_IBUF_BUFG_inst/O
                         net (fo=24, routed)          0.589    21.416    rclk_IBUF_BUFG
    SLICE_X7Y13          FDCE                                         r  wptr_gray_sync1_reg[3]/C  (IS_INVERTED)
  -------------------------------------------------------------------    -------------------
    SLICE_X7Y13          FDCE (Prop_fdce_C_Q)         0.146    21.562 r  wptr_gray_sync1_reg[3]/Q
                         net (fo=1, routed)           0.170    21.732    wptr_gray_sync1[3]
    SLICE_X7Y13          FDCE                                         r  wptr_gray_sync2_reg[3]/D
  -------------------------------------------------------------------    -------------------

                         (clock rclk fall edge)      20.000    20.000 f  
    M18                                               0.000    20.000 f  rclk (IN)
                         net (fo=0)                   0.000    20.000    rclk
    M18                  IBUF (Prop_ibuf_I_O)         0.356    20.356 f  rclk_IBUF_inst/O
                         net (fo=1, routed)           0.689    21.044    rclk_IBUF
    BUFGCTRL_X0Y1        BUFG (Prop_bufg_I_O)         0.029    21.073 f  rclk_IBUF_BUFG_inst/O
                         net (fo=24, routed)          0.859    21.932    rclk_IBUF_BUFG
    SLICE_X7Y13          FDCE                                         r  wptr_gray_sync2_reg[3]/C  (IS_INVERTED)
                         clock pessimism             -0.516    21.416    
                         clock uncertainty            0.100    21.516    
    SLICE_X7Y13          FDCE (Hold_fdce_C_D)         0.073    21.589    wptr_gray_sync2_reg[3]
  -------------------------------------------------------------------
                         required time                        -21.589    
                         arrival time                          21.732    
  -------------------------------------------------------------------
                         slack                                  0.143    

Slack (MET) :             0.148ns  (arrival time - required time)
  Source:                 rptr_bin_reg[0]/C
                            (falling edge-triggered cell FDCE clocked by rclk  {rise@0.000ns fall@20.000ns period=40.000ns})
  Destination:            rptr_gray_reg[0]/D
                            (falling edge-triggered cell FDCE clocked by rclk  {rise@0.000ns fall@20.000ns period=40.000ns})
  Path Group:             rclk
  Path Type:              Hold (Min at Fast Process Corner)
  Requirement:            0.000ns  (rclk fall@20.000ns - rclk fall@20.000ns)
  Data Path Delay:        0.379ns  (logic 0.191ns (50.414%)  route 0.188ns (49.585%))
  Logic Levels:           1  (LUT4=1)
  Clock Path Skew:        0.033ns (DCD - SCD - CPR)
    Destination Clock Delay (DCD):    1.931ns = ( 21.931 - 20.000 ) 
    Source Clock Delay      (SCD):    1.418ns = ( 21.418 - 20.000 ) 
    Clock Pessimism Removal (CPR):    0.480ns
  Clock Uncertainty:      0.100ns  ((TSJ^2 + TIJ^2)^1/2 + DJ) / 2 + PE + UU
    Total System Jitter     (TSJ):    0.000ns
    Total Input Jitter      (TIJ):    0.000ns
    Discrete Jitter          (DJ):    0.000ns
    Phase Error              (PE):    0.000ns
    User Uncertainty         (UU):    0.100ns

    Location             Delay type                Incr(ns)  Path(ns)    Netlist Resource(s)
  -------------------------------------------------------------------    -------------------
                         (clock rclk fall edge)      20.000    20.000 f  
    M18                                               0.000    20.000 f  rclk (IN)
                         net (fo=0)                   0.000    20.000    rclk
    M18                  IBUF (Prop_ibuf_I_O)         0.167    20.167 f  rclk_IBUF_inst/O
                         net (fo=1, routed)           0.634    20.801    rclk_IBUF
    BUFGCTRL_X0Y1        BUFG (Prop_bufg_I_O)         0.026    20.827 f  rclk_IBUF_BUFG_inst/O
                         net (fo=24, routed)          0.591    21.418    rclk_IBUF_BUFG
    SLICE_X1Y15          FDCE                                         r  rptr_bin_reg[0]/C  (IS_INVERTED)
  -------------------------------------------------------------------    -------------------
    SLICE_X1Y15          FDCE (Prop_fdce_C_Q)         0.146    21.564 r  rptr_bin_reg[0]/Q
                         net (fo=25, routed)          0.188    21.752    rptr_bin_reg[0]
    SLICE_X5Y15          LUT4 (Prop_lut4_I3_O)        0.045    21.797 r  rptr_gray[0]_i_1/O
                         net (fo=1, routed)           0.000    21.797    rptr_gray_next[0]
    SLICE_X5Y15          FDCE                                         r  rptr_gray_reg[0]/D
  -------------------------------------------------------------------    -------------------

                         (clock rclk fall edge)      20.000    20.000 f  
    M18                                               0.000    20.000 f  rclk (IN)
                         net (fo=0)                   0.000    20.000    rclk
    M18                  IBUF (Prop_ibuf_I_O)         0.356    20.356 f  rclk_IBUF_inst/O
                         net (fo=1, routed)           0.689    21.044    rclk_IBUF
    BUFGCTRL_X0Y1        BUFG (Prop_bufg_I_O)         0.029    21.073 f  rclk_IBUF_BUFG_inst/O
                         net (fo=24, routed)          0.858    21.931    rclk_IBUF_BUFG
    SLICE_X5Y15          FDCE                                         r  rptr_gray_reg[0]/C  (IS_INVERTED)
                         clock pessimism             -0.480    21.451    
                         clock uncertainty            0.100    21.551    
    SLICE_X5Y15          FDCE (Hold_fdce_C_D)         0.098    21.649    rptr_gray_reg[0]
  -------------------------------------------------------------------
                         required time                        -21.649    
                         arrival time                          21.797    
  -------------------------------------------------------------------
                         slack                                  0.148    

Slack (MET) :             0.167ns  (arrival time - required time)
  Source:                 rptr_bin_reg[0]/C
                            (falling edge-triggered cell FDCE clocked by rclk  {rise@0.000ns fall@20.000ns period=40.000ns})
  Destination:            rptr_bin_reg[1]/D
                            (falling edge-triggered cell FDCE clocked by rclk  {rise@0.000ns fall@20.000ns period=40.000ns})
  Path Group:             rclk
  Path Type:              Hold (Min at Fast Process Corner)
  Requirement:            0.000ns  (rclk fall@20.000ns - rclk fall@20.000ns)
  Data Path Delay:        0.381ns  (logic 0.188ns (49.399%)  route 0.193ns (50.601%))
  Logic Levels:           1  (LUT4=1)
  Clock Path Skew:        0.000ns (DCD - SCD - CPR)
    Destination Clock Delay (DCD):    1.933ns = ( 21.933 - 20.000 ) 
    Source Clock Delay      (SCD):    1.418ns = ( 21.418 - 20.000 ) 
    Clock Pessimism Removal (CPR):    0.515ns
  Clock Uncertainty:      0.100ns  ((TSJ^2 + TIJ^2)^1/2 + DJ) / 2 + PE + UU
    Total System Jitter     (TSJ):    0.000ns
    Total Input Jitter      (TIJ):    0.000ns
    Discrete Jitter          (DJ):    0.000ns
    Phase Error              (PE):    0.000ns
    User Uncertainty         (UU):    0.100ns

    Location             Delay type                Incr(ns)  Path(ns)    Netlist Resource(s)
  -------------------------------------------------------------------    -------------------
                         (clock rclk fall edge)      20.000    20.000 f  
    M18                                               0.000    20.000 f  rclk (IN)
                         net (fo=0)                   0.000    20.000    rclk
    M18                  IBUF (Prop_ibuf_I_O)         0.167    20.167 f  rclk_IBUF_inst/O
                         net (fo=1, routed)           0.634    20.801    rclk_IBUF
    BUFGCTRL_X0Y1        BUFG (Prop_bufg_I_O)         0.026    20.827 f  rclk_IBUF_BUFG_inst/O
                         net (fo=24, routed)          0.591    21.418    rclk_IBUF_BUFG
    SLICE_X1Y15          FDCE                                         r  rptr_bin_reg[0]/C  (IS_INVERTED)
  -------------------------------------------------------------------    -------------------
    SLICE_X1Y15          FDCE (Prop_fdce_C_Q)         0.146    21.564 r  rptr_bin_reg[0]/Q
                         net (fo=25, routed)          0.193    21.756    rptr_bin_reg[0]
    SLICE_X1Y15          LUT4 (Prop_lut4_I0_O)        0.042    21.798 r  rptr_bin[1]_i_1/O
                         net (fo=1, routed)           0.000    21.798    rptr_bin_next__0[1]
    SLICE_X1Y15          FDCE                                         r  rptr_bin_reg[1]/D
  -------------------------------------------------------------------    -------------------

                         (clock rclk fall edge)      20.000    20.000 f  
    M18                                               0.000    20.000 f  rclk (IN)
                         net (fo=0)                   0.000    20.000    rclk
    M18                  IBUF (Prop_ibuf_I_O)         0.356    20.356 f  rclk_IBUF_inst/O
                         net (fo=1, routed)           0.689    21.044    rclk_IBUF
    BUFGCTRL_X0Y1        BUFG (Prop_bufg_I_O)         0.029    21.073 f  rclk_IBUF_BUFG_inst/O
                         net (fo=24, routed)          0.860    21.933    rclk_IBUF_BUFG
    SLICE_X1Y15          FDCE                                         r  rptr_bin_reg[1]/C  (IS_INVERTED)
                         clock pessimism             -0.515    21.418    
                         clock uncertainty            0.100    21.518    
    SLICE_X1Y15          FDCE (Hold_fdce_C_D)         0.114    21.632    rptr_bin_reg[1]
  -------------------------------------------------------------------
                         required time                        -21.632    
                         arrival time                          21.798    
  -------------------------------------------------------------------
                         slack                                  0.167    

Slack (MET) :             0.186ns  (arrival time - required time)
  Source:                 rptr_bin_reg[0]/C
                            (falling edge-triggered cell FDCE clocked by rclk  {rise@0.000ns fall@20.000ns period=40.000ns})
  Destination:            rptr_bin_reg[0]/D
                            (falling edge-triggered cell FDCE clocked by rclk  {rise@0.000ns fall@20.000ns period=40.000ns})
  Path Group:             rclk
  Path Type:              Hold (Min at Fast Process Corner)
  Requirement:            0.000ns  (rclk fall@20.000ns - rclk fall@20.000ns)
  Data Path Delay:        0.384ns  (logic 0.191ns (49.795%)  route 0.193ns (50.205%))
  Logic Levels:           1  (LUT3=1)
  Clock Path Skew:        0.000ns (DCD - SCD - CPR)
    Destination Clock Delay (DCD):    1.933ns = ( 21.933 - 20.000 ) 
    Source Clock Delay      (SCD):    1.418ns = ( 21.418 - 20.000 ) 
    Clock Pessimism Removal (CPR):    0.515ns
  Clock Uncertainty:      0.100ns  ((TSJ^2 + TIJ^2)^1/2 + DJ) / 2 + PE + UU
    Total System Jitter     (TSJ):    0.000ns
    Total Input Jitter      (TIJ):    0.000ns
    Discrete Jitter          (DJ):    0.000ns
    Phase Error              (PE):    0.000ns
    User Uncertainty         (UU):    0.100ns

    Location             Delay type                Incr(ns)  Path(ns)    Netlist Resource(s)
  -------------------------------------------------------------------    -------------------
                         (clock rclk fall edge)      20.000    20.000 f  
    M18                                               0.000    20.000 f  rclk (IN)
                         net (fo=0)                   0.000    20.000    rclk
    M18                  IBUF (Prop_ibuf_I_O)         0.167    20.167 f  rclk_IBUF_inst/O
                         net (fo=1, routed)           0.634    20.801    rclk_IBUF
    BUFGCTRL_X0Y1        BUFG (Prop_bufg_I_O)         0.026    20.827 f  rclk_IBUF_BUFG_inst/O
                         net (fo=24, routed)          0.591    21.418    rclk_IBUF_BUFG
    SLICE_X1Y15          FDCE                                         r  rptr_bin_reg[0]/C  (IS_INVERTED)
  -------------------------------------------------------------------    -------------------
    SLICE_X1Y15          FDCE (Prop_fdce_C_Q)         0.146    21.564 r  rptr_bin_reg[0]/Q
                         net (fo=25, routed)          0.193    21.756    rptr_bin_reg[0]
    SLICE_X1Y15          LUT3 (Prop_lut3_I0_O)        0.045    21.801 r  rptr_bin[0]_i_1/O
                         net (fo=1, routed)           0.000    21.801    rptr_bin_next__0[0]
    SLICE_X1Y15          FDCE                                         r  rptr_bin_reg[0]/D
  -------------------------------------------------------------------    -------------------

                         (clock rclk fall edge)      20.000    20.000 f  
    M18                                               0.000    20.000 f  rclk (IN)
                         net (fo=0)                   0.000    20.000    rclk
    M18                  IBUF (Prop_ibuf_I_O)         0.356    20.356 f  rclk_IBUF_inst/O
                         net (fo=1, routed)           0.689    21.044    rclk_IBUF
    BUFGCTRL_X0Y1        BUFG (Prop_bufg_I_O)         0.029    21.073 f  rclk_IBUF_BUFG_inst/O
                         net (fo=24, routed)          0.860    21.933    rclk_IBUF_BUFG
    SLICE_X1Y15          FDCE                                         r  rptr_bin_reg[0]/C  (IS_INVERTED)
                         clock pessimism             -0.515    21.418    
                         clock uncertainty            0.100    21.518    
    SLICE_X1Y15          FDCE (Hold_fdce_C_D)         0.098    21.616    rptr_bin_reg[0]
  -------------------------------------------------------------------
                         required time                        -21.616    
                         arrival time                          21.801    
  -------------------------------------------------------------------
                         slack                                  0.186    

Slack (MET) :             0.188ns  (arrival time - required time)
  Source:                 wptr_gray_sync1_reg[2]/C
                            (falling edge-triggered cell FDCE clocked by rclk  {rise@0.000ns fall@20.000ns period=40.000ns})
  Destination:            wptr_gray_sync2_reg[2]/D
                            (falling edge-triggered cell FDCE clocked by rclk  {rise@0.000ns fall@20.000ns period=40.000ns})
  Path Group:             rclk
  Path Type:              Hold (Min at Fast Process Corner)
  Requirement:            0.000ns  (rclk fall@20.000ns - rclk fall@20.000ns)
  Data Path Delay:        0.371ns  (logic 0.146ns (39.351%)  route 0.225ns (60.648%))
  Logic Levels:           0  
  Clock Path Skew:        0.000ns (DCD - SCD - CPR)
    Destination Clock Delay (DCD):    1.932ns = ( 21.932 - 20.000 ) 
    Source Clock Delay      (SCD):    1.416ns = ( 21.416 - 20.000 ) 
    Clock Pessimism Removal (CPR):    0.516ns
  Clock Uncertainty:      0.100ns  ((TSJ^2 + TIJ^2)^1/2 + DJ) / 2 + PE + UU
    Total System Jitter     (TSJ):    0.000ns
    Total Input Jitter      (TIJ):    0.000ns
    Discrete Jitter          (DJ):    0.000ns
    Phase Error              (PE):    0.000ns
    User Uncertainty         (UU):    0.100ns

    Location             Delay type                Incr(ns)  Path(ns)    Netlist Resource(s)
  -------------------------------------------------------------------    -------------------
                         (clock rclk fall edge)      20.000    20.000 f  
    M18                                               0.000    20.000 f  rclk (IN)
                         net (fo=0)                   0.000    20.000    rclk
    M18                  IBUF (Prop_ibuf_I_O)         0.167    20.167 f  rclk_IBUF_inst/O
                         net (fo=1, routed)           0.634    20.801    rclk_IBUF
    BUFGCTRL_X0Y1        BUFG (Prop_bufg_I_O)         0.026    20.827 f  rclk_IBUF_BUFG_inst/O
                         net (fo=24, routed)          0.589    21.416    rclk_IBUF_BUFG
    SLICE_X5Y13          FDCE                                         r  wptr_gray_sync1_reg[2]/C  (IS_INVERTED)
  -------------------------------------------------------------------    -------------------
    SLICE_X5Y13          FDCE (Prop_fdce_C_Q)         0.146    21.562 r  wptr_gray_sync1_reg[2]/Q
                         net (fo=1, routed)           0.225    21.787    wptr_gray_sync1[2]
    SLICE_X5Y13          FDCE                                         r  wptr_gray_sync2_reg[2]/D
  -------------------------------------------------------------------    -------------------

                         (clock rclk fall edge)      20.000    20.000 f  
    M18                                               0.000    20.000 f  rclk (IN)
                         net (fo=0)                   0.000    20.000    rclk
    M18                  IBUF (Prop_ibuf_I_O)         0.356    20.356 f  rclk_IBUF_inst/O
                         net (fo=1, routed)           0.689    21.044    rclk_IBUF
    BUFGCTRL_X0Y1        BUFG (Prop_bufg_I_O)         0.029    21.073 f  rclk_IBUF_BUFG_inst/O
                         net (fo=24, routed)          0.859    21.932    rclk_IBUF_BUFG
    SLICE_X5Y13          FDCE                                         r  wptr_gray_sync2_reg[2]/C  (IS_INVERTED)
                         clock pessimism             -0.516    21.416    
                         clock uncertainty            0.100    21.516    
    SLICE_X5Y13          FDCE (Hold_fdce_C_D)         0.083    21.599    wptr_gray_sync2_reg[2]
  -------------------------------------------------------------------
                         required time                        -21.599    
                         arrival time                          21.787    
  -------------------------------------------------------------------
                         slack                                  0.188    

Slack (MET) :             0.189ns  (arrival time - required time)
  Source:                 wptr_gray_sync1_reg[1]/C
                            (falling edge-triggered cell FDCE clocked by rclk  {rise@0.000ns fall@20.000ns period=40.000ns})
  Destination:            wptr_gray_sync2_reg[1]/D
                            (falling edge-triggered cell FDCE clocked by rclk  {rise@0.000ns fall@20.000ns period=40.000ns})
  Path Group:             rclk
  Path Type:              Hold (Min at Fast Process Corner)
  Requirement:            0.000ns  (rclk fall@20.000ns - rclk fall@20.000ns)
  Data Path Delay:        0.367ns  (logic 0.146ns (39.791%)  route 0.221ns (60.209%))
  Logic Levels:           0  
  Clock Path Skew:        0.000ns (DCD - SCD - CPR)
    Destination Clock Delay (DCD):    1.931ns = ( 21.931 - 20.000 ) 
    Source Clock Delay      (SCD):    1.416ns = ( 21.416 - 20.000 ) 
    Clock Pessimism Removal (CPR):    0.515ns
  Clock Uncertainty:      0.100ns  ((TSJ^2 + TIJ^2)^1/2 + DJ) / 2 + PE + UU
    Total System Jitter     (TSJ):    0.000ns
    Total Input Jitter      (TIJ):    0.000ns
    Discrete Jitter          (DJ):    0.000ns
    Phase Error              (PE):    0.000ns
    User Uncertainty         (UU):    0.100ns

    Location             Delay type                Incr(ns)  Path(ns)    Netlist Resource(s)
  -------------------------------------------------------------------    -------------------
                         (clock rclk fall edge)      20.000    20.000 f  
    M18                                               0.000    20.000 f  rclk (IN)
                         net (fo=0)                   0.000    20.000    rclk
    M18                  IBUF (Prop_ibuf_I_O)         0.167    20.167 f  rclk_IBUF_inst/O
                         net (fo=1, routed)           0.634    20.801    rclk_IBUF
    BUFGCTRL_X0Y1        BUFG (Prop_bufg_I_O)         0.026    20.827 f  rclk_IBUF_BUFG_inst/O
                         net (fo=24, routed)          0.589    21.416    rclk_IBUF_BUFG
    SLICE_X5Y15          FDCE                                         r  wptr_gray_sync1_reg[1]/C  (IS_INVERTED)
  -------------------------------------------------------------------    -------------------
    SLICE_X5Y15          FDCE (Prop_fdce_C_Q)         0.146    21.562 r  wptr_gray_sync1_reg[1]/Q
                         net (fo=1, routed)           0.221    21.783    wptr_gray_sync1[1]
    SLICE_X5Y15          FDCE                                         r  wptr_gray_sync2_reg[1]/D
  -------------------------------------------------------------------    -------------------

                         (clock rclk fall edge)      20.000    20.000 f  
    M18                                               0.000    20.000 f  rclk (IN)
                         net (fo=0)                   0.000    20.000    rclk
    M18                  IBUF (Prop_ibuf_I_O)         0.356    20.356 f  rclk_IBUF_inst/O
                         net (fo=1, routed)           0.689    21.044    rclk_IBUF
    BUFGCTRL_X0Y1        BUFG (Prop_bufg_I_O)         0.029    21.073 f  rclk_IBUF_BUFG_inst/O
                         net (fo=24, routed)          0.858    21.931    rclk_IBUF_BUFG
    SLICE_X5Y15          FDCE                                         r  wptr_gray_sync2_reg[1]/C  (IS_INVERTED)
                         clock pessimism             -0.515    21.416    
                         clock uncertainty            0.100    21.516    
    SLICE_X5Y15          FDCE (Hold_fdce_C_D)         0.078    21.594    wptr_gray_sync2_reg[1]
  -------------------------------------------------------------------
                         required time                        -21.594    
                         arrival time                          21.783    
  -------------------------------------------------------------------
                         slack                                  0.189    

Slack (MET) :             0.213ns  (arrival time - required time)
  Source:                 empty_reg/C
                            (falling edge-triggered cell FDPE clocked by rclk  {rise@0.000ns fall@20.000ns period=40.000ns})
  Destination:            rptr_gray_reg[2]/D
                            (falling edge-triggered cell FDCE clocked by rclk  {rise@0.000ns fall@20.000ns period=40.000ns})
  Path Group:             rclk
  Path Type:              Hold (Min at Fast Process Corner)
  Requirement:            0.000ns  (rclk fall@20.000ns - rclk fall@20.000ns)
  Data Path Delay:        0.412ns  (logic 0.191ns (46.351%)  route 0.221ns (53.649%))
  Logic Levels:           1  (LUT6=1)
  Clock Path Skew:        0.000ns (DCD - SCD - CPR)
    Destination Clock Delay (DCD):    1.932ns = ( 21.932 - 20.000 ) 
    Source Clock Delay      (SCD):    1.416ns = ( 21.416 - 20.000 ) 
    Clock Pessimism Removal (CPR):    0.516ns
  Clock Uncertainty:      0.100ns  ((TSJ^2 + TIJ^2)^1/2 + DJ) / 2 + PE + UU
    Total System Jitter     (TSJ):    0.000ns
    Total Input Jitter      (TIJ):    0.000ns
    Discrete Jitter          (DJ):    0.000ns
    Phase Error              (PE):    0.000ns
    User Uncertainty         (UU):    0.100ns

    Location             Delay type                Incr(ns)  Path(ns)    Netlist Resource(s)
  -------------------------------------------------------------------    -------------------
                         (clock rclk fall edge)      20.000    20.000 f  
    M18                                               0.000    20.000 f  rclk (IN)
                         net (fo=0)                   0.000    20.000    rclk
    M18                  IBUF (Prop_ibuf_I_O)         0.167    20.167 f  rclk_IBUF_inst/O
                         net (fo=1, routed)           0.634    20.801    rclk_IBUF
    BUFGCTRL_X0Y1        BUFG (Prop_bufg_I_O)         0.026    20.827 f  rclk_IBUF_BUFG_inst/O
                         net (fo=24, routed)          0.589    21.416    rclk_IBUF_BUFG
    SLICE_X5Y13          FDPE                                         r  empty_reg/C  (IS_INVERTED)
  -------------------------------------------------------------------    -------------------
    SLICE_X5Y13          FDPE (Prop_fdpe_C_Q)         0.146    21.562 r  empty_reg/Q
                         net (fo=11, routed)          0.221    21.783    empty_OBUF
    SLICE_X5Y13          LUT6 (Prop_lut6_I2_O)        0.045    21.828 r  rptr_gray[2]_i_1/O
                         net (fo=1, routed)           0.000    21.828    rptr_gray_next[2]
    SLICE_X5Y13          FDCE                                         r  rptr_gray_reg[2]/D
  -------------------------------------------------------------------    -------------------

                         (clock rclk fall edge)      20.000    20.000 f  
    M18                                               0.000    20.000 f  rclk (IN)
                         net (fo=0)                   0.000    20.000    rclk
    M18                  IBUF (Prop_ibuf_I_O)         0.356    20.356 f  rclk_IBUF_inst/O
                         net (fo=1, routed)           0.689    21.044    rclk_IBUF
    BUFGCTRL_X0Y1        BUFG (Prop_bufg_I_O)         0.029    21.073 f  rclk_IBUF_BUFG_inst/O
                         net (fo=24, routed)          0.859    21.932    rclk_IBUF_BUFG
    SLICE_X5Y13          FDCE                                         r  rptr_gray_reg[2]/C  (IS_INVERTED)
                         clock pessimism             -0.516    21.416    
                         clock uncertainty            0.100    21.516    
    SLICE_X5Y13          FDCE (Hold_fdce_C_D)         0.099    21.615    rptr_gray_reg[2]
  -------------------------------------------------------------------
                         required time                        -21.615    
                         arrival time                          21.828    
  -------------------------------------------------------------------
                         slack                                  0.213    

Slack (MET) :             0.235ns  (arrival time - required time)
  Source:                 rptr_bin_reg[0]/C
                            (falling edge-triggered cell FDCE clocked by rclk  {rise@0.000ns fall@20.000ns period=40.000ns})
  Destination:            rdata_reg[7]/D
                            (falling edge-triggered cell FDCE clocked by rclk  {rise@0.000ns fall@20.000ns period=40.000ns})
  Path Group:             rclk
  Path Type:              Hold (Min at Fast Process Corner)
  Requirement:            0.000ns  (rclk fall@20.000ns - rclk fall@20.000ns)
  Data Path Delay:        0.462ns  (logic 0.262ns (56.759%)  route 0.200ns (43.241%))
  Logic Levels:           2  (LUT6=1 MUXF7=1)
  Clock Path Skew:        0.015ns (DCD - SCD - CPR)
    Destination Clock Delay (DCD):    1.934ns = ( 21.934 - 20.000 ) 
    Source Clock Delay      (SCD):    1.418ns = ( 21.418 - 20.000 ) 
    Clock Pessimism Removal (CPR):    0.501ns
  Clock Uncertainty:      0.100ns  ((TSJ^2 + TIJ^2)^1/2 + DJ) / 2 + PE + UU
    Total System Jitter     (TSJ):    0.000ns
    Total Input Jitter      (TIJ):    0.000ns
    Discrete Jitter          (DJ):    0.000ns
    Phase Error              (PE):    0.000ns
    User Uncertainty         (UU):    0.100ns

    Location             Delay type                Incr(ns)  Path(ns)    Netlist Resource(s)
  -------------------------------------------------------------------    -------------------
                         (clock rclk fall edge)      20.000    20.000 f  
    M18                                               0.000    20.000 f  rclk (IN)
                         net (fo=0)                   0.000    20.000    rclk
    M18                  IBUF (Prop_ibuf_I_O)         0.167    20.167 f  rclk_IBUF_inst/O
                         net (fo=1, routed)           0.634    20.801    rclk_IBUF
    BUFGCTRL_X0Y1        BUFG (Prop_bufg_I_O)         0.026    20.827 f  rclk_IBUF_BUFG_inst/O
                         net (fo=24, routed)          0.591    21.418    rclk_IBUF_BUFG
    SLICE_X1Y15          FDCE                                         r  rptr_bin_reg[0]/C  (IS_INVERTED)
  -------------------------------------------------------------------    -------------------
    SLICE_X1Y15          FDCE (Prop_fdce_C_Q)         0.146    21.564 r  rptr_bin_reg[0]/Q
                         net (fo=25, routed)          0.200    21.763    rptr_bin_reg[0]
    SLICE_X3Y14          LUT6 (Prop_lut6_I4_O)        0.045    21.808 r  rdata[7]_i_3/O
                         net (fo=1, routed)           0.000    21.808    rdata[7]_i_3_n_0
    SLICE_X3Y14          MUXF7 (Prop_muxf7_I0_O)      0.071    21.879 r  rdata_reg[7]_i_2/O
                         net (fo=1, routed)           0.000    21.879    rdata_reg[7]_i_2_n_0
    SLICE_X3Y14          FDCE                                         r  rdata_reg[7]/D
  -------------------------------------------------------------------    -------------------

                         (clock rclk fall edge)      20.000    20.000 f  
    M18                                               0.000    20.000 f  rclk (IN)
                         net (fo=0)                   0.000    20.000    rclk
    M18                  IBUF (Prop_ibuf_I_O)         0.356    20.356 f  rclk_IBUF_inst/O
                         net (fo=1, routed)           0.689    21.044    rclk_IBUF
    BUFGCTRL_X0Y1        BUFG (Prop_bufg_I_O)         0.029    21.073 f  rclk_IBUF_BUFG_inst/O
                         net (fo=24, routed)          0.861    21.934    rclk_IBUF_BUFG
    SLICE_X3Y14          FDCE                                         r  rdata_reg[7]/C  (IS_INVERTED)
                         clock pessimism             -0.501    21.433    
                         clock uncertainty            0.100    21.533    
    SLICE_X3Y14          FDCE (Hold_fdce_C_D)         0.112    21.645    rdata_reg[7]
  -------------------------------------------------------------------
                         required time                        -21.645    
                         arrival time                          21.879    
  -------------------------------------------------------------------
                         slack                                  0.235    





Pulse Width Checks
--------------------------------------------------------------------------------------
Clock Name:         rclk
Waveform(ns):       { 0.000 20.000 }
Period(ns):         40.000
Sources:            { rclk }

Check Type        Corner  Lib Pin  Reference Pin  Required(ns)  Actual(ns)  Slack(ns)  Location       Pin
Min Period        n/a     BUFG/I   n/a            2.155         40.000      37.845     BUFGCTRL_X0Y1  rclk_IBUF_BUFG_inst/I
Min Period        n/a     FDPE/C   n/a            1.000         40.000      39.000     SLICE_X5Y13    empty_reg/C
Min Period        n/a     FDCE/C   n/a            1.000         40.000      39.000     SLICE_X1Y13    rdata_reg[0]/C
Min Period        n/a     FDCE/C   n/a            1.000         40.000      39.000     SLICE_X1Y13    rdata_reg[1]/C
Min Period        n/a     FDCE/C   n/a            1.000         40.000      39.000     SLICE_X1Y12    rdata_reg[2]/C
Min Period        n/a     FDCE/C   n/a            1.000         40.000      39.000     SLICE_X3Y13    rdata_reg[3]/C
Min Period        n/a     FDCE/C   n/a            1.000         40.000      39.000     SLICE_X3Y14    rdata_reg[4]/C
Min Period        n/a     FDCE/C   n/a            1.000         40.000      39.000     SLICE_X1Y12    rdata_reg[5]/C
Min Period        n/a     FDCE/C   n/a            1.000         40.000      39.000     SLICE_X3Y13    rdata_reg[6]/C
Min Period        n/a     FDCE/C   n/a            1.000         40.000      39.000     SLICE_X3Y14    rdata_reg[7]/C
Low Pulse Width   Slow    FDPE/C   n/a            0.500         20.000      19.500     SLICE_X5Y13    empty_reg/C
Low Pulse Width   Fast    FDPE/C   n/a            0.500         20.000      19.500     SLICE_X5Y13    empty_reg/C
Low Pulse Width   Slow    FDCE/C   n/a            0.500         20.000      19.500     SLICE_X1Y13    rdata_reg[0]/C
Low Pulse Width   Fast    FDCE/C   n/a            0.500         20.000      19.500     SLICE_X1Y13    rdata_reg[0]/C
Low Pulse Width   Slow    FDCE/C   n/a            0.500         20.000      19.500     SLICE_X1Y13    rdata_reg[1]/C
Low Pulse Width   Fast    FDCE/C   n/a            0.500         20.000      19.500     SLICE_X1Y13    rdata_reg[1]/C
Low Pulse Width   Slow    FDCE/C   n/a            0.500         20.000      19.500     SLICE_X1Y12    rdata_reg[2]/C
Low Pulse Width   Fast    FDCE/C   n/a            0.500         20.000      19.500     SLICE_X1Y12    rdata_reg[2]/C
Low Pulse Width   Slow    FDCE/C   n/a            0.500         20.000      19.500     SLICE_X3Y13    rdata_reg[3]/C
Low Pulse Width   Fast    FDCE/C   n/a            0.500         20.000      19.500     SLICE_X3Y13    rdata_reg[3]/C
High Pulse Width  Slow    FDPE/C   n/a            0.500         20.000      19.500     SLICE_X5Y13    empty_reg/C
High Pulse Width  Fast    FDPE/C   n/a            0.500         20.000      19.500     SLICE_X5Y13    empty_reg/C
High Pulse Width  Slow    FDCE/C   n/a            0.500         20.000      19.500     SLICE_X1Y13    rdata_reg[0]/C
High Pulse Width  Fast    FDCE/C   n/a            0.500         20.000      19.500     SLICE_X1Y13    rdata_reg[0]/C
High Pulse Width  Slow    FDCE/C   n/a            0.500         20.000      19.500     SLICE_X1Y13    rdata_reg[1]/C
High Pulse Width  Fast    FDCE/C   n/a            0.500         20.000      19.500     SLICE_X1Y13    rdata_reg[1]/C
High Pulse Width  Slow    FDCE/C   n/a            0.500         20.000      19.500     SLICE_X1Y12    rdata_reg[2]/C
High Pulse Width  Fast    FDCE/C   n/a            0.500         20.000      19.500     SLICE_X1Y12    rdata_reg[2]/C
High Pulse Width  Slow    FDCE/C   n/a            0.500         20.000      19.500     SLICE_X3Y13    rdata_reg[3]/C
High Pulse Width  Fast    FDCE/C   n/a            0.500         20.000      19.500     SLICE_X3Y13    rdata_reg[3]/C



---------------------------------------------------------------------------------------------------
From Clock:  wclk
  To Clock:  wclk

Setup :            0  Failing Endpoints,  Worst Slack        1.064ns,  Total Violation        0.000ns
Hold  :            0  Failing Endpoints,  Worst Slack        0.077ns,  Total Violation        0.000ns
PW    :            0  Failing Endpoints,  Worst Slack       14.500ns,  Total Violation        0.000ns
---------------------------------------------------------------------------------------------------


Max Delay Paths
--------------------------------------------------------------------------------------
Slack (MET) :             1.064ns  (required time - arrival time)
  Source:                 full_reg/C
                            (falling edge-triggered cell FDCE clocked by wclk  {rise@0.000ns fall@15.000ns period=30.000ns})
  Destination:            full
                            (output port clocked by wclk  {rise@0.000ns fall@15.000ns period=30.000ns})
  Path Group:             wclk
  Path Type:              Max at Slow Process Corner
  Requirement:            15.000ns  (wclk rise@30.000ns - wclk fall@15.000ns)
  Data Path Delay:        4.960ns  (logic 3.055ns (61.596%)  route 1.905ns (38.404%))
  Logic Levels:           1  (OBUF=1)
  Output Delay:           4.000ns
  Clock Path Skew:        -4.640ns (DCD - SCD + CPR)
    Destination Clock Delay (DCD):    0.000ns = ( 30.000 - 30.000 ) 
    Source Clock Delay      (SCD):    4.640ns = ( 19.640 - 15.000 ) 
    Clock Pessimism Removal (CPR):    0.000ns
  Clock Uncertainty:      0.335ns  ((TSJ^2 + TIJ^2)^1/2 + DJ) / 2 + PE + UU
    Total System Jitter     (TSJ):    0.071ns
    Total Input Jitter      (TIJ):    0.000ns
    Discrete Jitter          (DJ):    0.000ns
    Phase Error              (PE):    0.000ns
    User Uncertainty         (UU):    0.300ns

    Location             Delay type                Incr(ns)  Path(ns)    Netlist Resource(s)
  -------------------------------------------------------------------    -------------------
                         (clock wclk fall edge)      15.000    15.000 f  
    P18                                               0.000    15.000 f  wclk (IN)
                         net (fo=0)                   0.000    15.000    wclk
    P18                  IBUF (Prop_ibuf_I_O)         0.944    15.944 f  wclk_IBUF_inst/O
                         net (fo=1, routed)           1.972    17.916    wclk_IBUF
    BUFGCTRL_X0Y0        BUFG (Prop_bufg_I_O)         0.096    18.012 f  wclk_IBUF_BUFG_inst/O
                         net (fo=80, routed)          1.628    19.640    wclk_IBUF_BUFG
    SLICE_X4Y15          FDCE                                         r  full_reg/C  (IS_INVERTED)
  -------------------------------------------------------------------    -------------------
    SLICE_X4Y15          FDCE (Prop_fdce_C_Q)         0.459    20.099 r  full_reg/Q
                         net (fo=18, routed)          1.905    22.004    full_OBUF
    W17                  OBUF (Prop_obuf_I_O)         2.596    24.600 r  full_OBUF_inst/O
                         net (fo=0)                   0.000    24.600    full
    W17                                                               r  full (OUT)
  -------------------------------------------------------------------    -------------------

                         (clock wclk rise edge)      30.000    30.000 r  
                         clock pessimism              0.000    30.000    
                         clock uncertainty           -0.335    29.665    
                         output delay                -4.000    25.665    
  -------------------------------------------------------------------
                         required time                         25.665    
                         arrival time                         -24.600    
  -------------------------------------------------------------------
                         slack                                  1.064    

Slack (MET) :             10.970ns  (required time - arrival time)
  Source:                 wrst_n
                            (input port clocked by wclk  {rise@0.000ns fall@15.000ns period=30.000ns})
  Destination:            mem_reg[7][0]/CE
                            (falling edge-triggered cell FDRE clocked by wclk  {rise@0.000ns fall@15.000ns period=30.000ns})
  Path Group:             wclk
  Path Type:              Setup (Max at Fast Process Corner)
  Requirement:            15.000ns  (wclk fall@15.000ns - wclk rise@0.000ns)
  Data Path Delay:        1.566ns  (logic 0.404ns (25.818%)  route 1.162ns (74.182%))
  Logic Levels:           2  (IBUF=1 LUT6=1)
  Input Delay:            3.500ns
  Clock Path Skew:        1.425ns (DCD - SCD + CPR)
    Destination Clock Delay (DCD):    1.425ns = ( 16.425 - 15.000 ) 
    Source Clock Delay      (SCD):    0.000ns
    Clock Pessimism Removal (CPR):    0.000ns
  Clock Uncertainty:      0.335ns  ((TSJ^2 + TIJ^2)^1/2 + DJ) / 2 + PE + UU
    Total System Jitter     (TSJ):    0.071ns
    Total Input Jitter      (TIJ):    0.000ns
    Discrete Jitter          (DJ):    0.000ns
    Phase Error              (PE):    0.000ns
    User Uncertainty         (UU):    0.300ns

    Location             Delay type                Incr(ns)  Path(ns)    Netlist Resource(s)
  -------------------------------------------------------------------    -------------------
                         (clock wclk rise edge)       0.000     0.000 r  
                         input delay                  3.500     3.500    
    R18                                               0.000     3.500 r  wrst_n (IN)
                         net (fo=0)                   0.000     3.500    wrst_n
    R18                  IBUF (Prop_ibuf_I_O)         0.348     3.848 r  wrst_n_IBUF_inst/O
                         net (fo=9, routed)           0.759     4.607    wrst_n_IBUF
    SLICE_X3Y15          LUT6 (Prop_lut6_I3_O)        0.056     4.663 r  mem[7][7]_i_1/O
                         net (fo=8, routed)           0.403     5.066    mem[7][7]_i_1_n_0
    SLICE_X3Y12          FDRE                                         r  mem_reg[7][0]/CE
  -------------------------------------------------------------------    -------------------

                         (clock wclk fall edge)      15.000    15.000 f  
    P18                                               0.000    15.000 f  wclk (IN)
                         net (fo=0)                   0.000    15.000    wclk
    P18                  IBUF (Prop_ibuf_I_O)         0.173    15.173 f  wclk_IBUF_inst/O
                         net (fo=1, routed)           0.634    15.807    wclk_IBUF
    BUFGCTRL_X0Y0        BUFG (Prop_bufg_I_O)         0.026    15.833 f  wclk_IBUF_BUFG_inst/O
                         net (fo=80, routed)          0.592    16.425    wclk_IBUF_BUFG
    SLICE_X3Y12          FDRE                                         r  mem_reg[7][0]/C  (IS_INVERTED)
                         clock pessimism              0.000    16.425    
                         clock uncertainty           -0.335    16.090    
    SLICE_X3Y12          FDRE (Setup_fdre_C_CE)      -0.053    16.037    mem_reg[7][0]
  -------------------------------------------------------------------
                         required time                         16.037    
                         arrival time                          -5.066    
  -------------------------------------------------------------------
                         slack                                 10.970    

Slack (MET) :             10.970ns  (required time - arrival time)
  Source:                 wrst_n
                            (input port clocked by wclk  {rise@0.000ns fall@15.000ns period=30.000ns})
  Destination:            mem_reg[7][1]/CE
                            (falling edge-triggered cell FDRE clocked by wclk  {rise@0.000ns fall@15.000ns period=30.000ns})
  Path Group:             wclk
  Path Type:              Setup (Max at Fast Process Corner)
  Requirement:            15.000ns  (wclk fall@15.000ns - wclk rise@0.000ns)
  Data Path Delay:        1.566ns  (logic 0.404ns (25.818%)  route 1.162ns (74.182%))
  Logic Levels:           2  (IBUF=1 LUT6=1)
  Input Delay:            3.500ns
  Clock Path Skew:        1.425ns (DCD - SCD + CPR)
    Destination Clock Delay (DCD):    1.425ns = ( 16.425 - 15.000 ) 
    Source Clock Delay      (SCD):    0.000ns
    Clock Pessimism Removal (CPR):    0.000ns
  Clock Uncertainty:      0.335ns  ((TSJ^2 + TIJ^2)^1/2 + DJ) / 2 + PE + UU
    Total System Jitter     (TSJ):    0.071ns
    Total Input Jitter      (TIJ):    0.000ns
    Discrete Jitter          (DJ):    0.000ns
    Phase Error              (PE):    0.000ns
    User Uncertainty         (UU):    0.300ns

    Location             Delay type                Incr(ns)  Path(ns)    Netlist Resource(s)
  -------------------------------------------------------------------    -------------------
                         (clock wclk rise edge)       0.000     0.000 r  
                         input delay                  3.500     3.500    
    R18                                               0.000     3.500 r  wrst_n (IN)
                         net (fo=0)                   0.000     3.500    wrst_n
    R18                  IBUF (Prop_ibuf_I_O)         0.348     3.848 r  wrst_n_IBUF_inst/O
                         net (fo=9, routed)           0.759     4.607    wrst_n_IBUF
    SLICE_X3Y15          LUT6 (Prop_lut6_I3_O)        0.056     4.663 r  mem[7][7]_i_1/O
                         net (fo=8, routed)           0.403     5.066    mem[7][7]_i_1_n_0
    SLICE_X3Y12          FDRE                                         r  mem_reg[7][1]/CE
  -------------------------------------------------------------------    -------------------

                         (clock wclk fall edge)      15.000    15.000 f  
    P18                                               0.000    15.000 f  wclk (IN)
                         net (fo=0)                   0.000    15.000    wclk
    P18                  IBUF (Prop_ibuf_I_O)         0.173    15.173 f  wclk_IBUF_inst/O
                         net (fo=1, routed)           0.634    15.807    wclk_IBUF
    BUFGCTRL_X0Y0        BUFG (Prop_bufg_I_O)         0.026    15.833 f  wclk_IBUF_BUFG_inst/O
                         net (fo=80, routed)          0.592    16.425    wclk_IBUF_BUFG
    SLICE_X3Y12          FDRE                                         r  mem_reg[7][1]/C  (IS_INVERTED)
                         clock pessimism              0.000    16.425    
                         clock uncertainty           -0.335    16.090    
    SLICE_X3Y12          FDRE (Setup_fdre_C_CE)      -0.053    16.037    mem_reg[7][1]
  -------------------------------------------------------------------
                         required time                         16.037    
                         arrival time                          -5.066    
  -------------------------------------------------------------------
                         slack                                 10.970    

Slack (MET) :             10.970ns  (required time - arrival time)
  Source:                 wrst_n
                            (input port clocked by wclk  {rise@0.000ns fall@15.000ns period=30.000ns})
  Destination:            mem_reg[7][2]/CE
                            (falling edge-triggered cell FDRE clocked by wclk  {rise@0.000ns fall@15.000ns period=30.000ns})
  Path Group:             wclk
  Path Type:              Setup (Max at Fast Process Corner)
  Requirement:            15.000ns  (wclk fall@15.000ns - wclk rise@0.000ns)
  Data Path Delay:        1.566ns  (logic 0.404ns (25.818%)  route 1.162ns (74.182%))
  Logic Levels:           2  (IBUF=1 LUT6=1)
  Input Delay:            3.500ns
  Clock Path Skew:        1.425ns (DCD - SCD + CPR)
    Destination Clock Delay (DCD):    1.425ns = ( 16.425 - 15.000 ) 
    Source Clock Delay      (SCD):    0.000ns
    Clock Pessimism Removal (CPR):    0.000ns
  Clock Uncertainty:      0.335ns  ((TSJ^2 + TIJ^2)^1/2 + DJ) / 2 + PE + UU
    Total System Jitter     (TSJ):    0.071ns
    Total Input Jitter      (TIJ):    0.000ns
    Discrete Jitter          (DJ):    0.000ns
    Phase Error              (PE):    0.000ns
    User Uncertainty         (UU):    0.300ns

    Location             Delay type                Incr(ns)  Path(ns)    Netlist Resource(s)
  -------------------------------------------------------------------    -------------------
                         (clock wclk rise edge)       0.000     0.000 r  
                         input delay                  3.500     3.500    
    R18                                               0.000     3.500 r  wrst_n (IN)
                         net (fo=0)                   0.000     3.500    wrst_n
    R18                  IBUF (Prop_ibuf_I_O)         0.348     3.848 r  wrst_n_IBUF_inst/O
                         net (fo=9, routed)           0.759     4.607    wrst_n_IBUF
    SLICE_X3Y15          LUT6 (Prop_lut6_I3_O)        0.056     4.663 r  mem[7][7]_i_1/O
                         net (fo=8, routed)           0.403     5.066    mem[7][7]_i_1_n_0
    SLICE_X3Y12          FDRE                                         r  mem_reg[7][2]/CE
  -------------------------------------------------------------------    -------------------

                         (clock wclk fall edge)      15.000    15.000 f  
    P18                                               0.000    15.000 f  wclk (IN)
                         net (fo=0)                   0.000    15.000    wclk
    P18                  IBUF (Prop_ibuf_I_O)         0.173    15.173 f  wclk_IBUF_inst/O
                         net (fo=1, routed)           0.634    15.807    wclk_IBUF
    BUFGCTRL_X0Y0        BUFG (Prop_bufg_I_O)         0.026    15.833 f  wclk_IBUF_BUFG_inst/O
                         net (fo=80, routed)          0.592    16.425    wclk_IBUF_BUFG
    SLICE_X3Y12          FDRE                                         r  mem_reg[7][2]/C  (IS_INVERTED)
                         clock pessimism              0.000    16.425    
                         clock uncertainty           -0.335    16.090    
    SLICE_X3Y12          FDRE (Setup_fdre_C_CE)      -0.053    16.037    mem_reg[7][2]
  -------------------------------------------------------------------
                         required time                         16.037    
                         arrival time                          -5.066    
  -------------------------------------------------------------------
                         slack                                 10.970    

Slack (MET) :             10.970ns  (required time - arrival time)
  Source:                 wrst_n
                            (input port clocked by wclk  {rise@0.000ns fall@15.000ns period=30.000ns})
  Destination:            mem_reg[7][3]/CE
                            (falling edge-triggered cell FDRE clocked by wclk  {rise@0.000ns fall@15.000ns period=30.000ns})
  Path Group:             wclk
  Path Type:              Setup (Max at Fast Process Corner)
  Requirement:            15.000ns  (wclk fall@15.000ns - wclk rise@0.000ns)
  Data Path Delay:        1.566ns  (logic 0.404ns (25.818%)  route 1.162ns (74.182%))
  Logic Levels:           2  (IBUF=1 LUT6=1)
  Input Delay:            3.500ns
  Clock Path Skew:        1.425ns (DCD - SCD + CPR)
    Destination Clock Delay (DCD):    1.425ns = ( 16.425 - 15.000 ) 
    Source Clock Delay      (SCD):    0.000ns
    Clock Pessimism Removal (CPR):    0.000ns
  Clock Uncertainty:      0.335ns  ((TSJ^2 + TIJ^2)^1/2 + DJ) / 2 + PE + UU
    Total System Jitter     (TSJ):    0.071ns
    Total Input Jitter      (TIJ):    0.000ns
    Discrete Jitter          (DJ):    0.000ns
    Phase Error              (PE):    0.000ns
    User Uncertainty         (UU):    0.300ns

    Location             Delay type                Incr(ns)  Path(ns)    Netlist Resource(s)
  -------------------------------------------------------------------    -------------------
                         (clock wclk rise edge)       0.000     0.000 r  
                         input delay                  3.500     3.500    
    R18                                               0.000     3.500 r  wrst_n (IN)
                         net (fo=0)                   0.000     3.500    wrst_n
    R18                  IBUF (Prop_ibuf_I_O)         0.348     3.848 r  wrst_n_IBUF_inst/O
                         net (fo=9, routed)           0.759     4.607    wrst_n_IBUF
    SLICE_X3Y15          LUT6 (Prop_lut6_I3_O)        0.056     4.663 r  mem[7][7]_i_1/O
                         net (fo=8, routed)           0.403     5.066    mem[7][7]_i_1_n_0
    SLICE_X3Y12          FDRE                                         r  mem_reg[7][3]/CE
  -------------------------------------------------------------------    -------------------

                         (clock wclk fall edge)      15.000    15.000 f  
    P18                                               0.000    15.000 f  wclk (IN)
                         net (fo=0)                   0.000    15.000    wclk
    P18                  IBUF (Prop_ibuf_I_O)         0.173    15.173 f  wclk_IBUF_inst/O
                         net (fo=1, routed)           0.634    15.807    wclk_IBUF
    BUFGCTRL_X0Y0        BUFG (Prop_bufg_I_O)         0.026    15.833 f  wclk_IBUF_BUFG_inst/O
                         net (fo=80, routed)          0.592    16.425    wclk_IBUF_BUFG
    SLICE_X3Y12          FDRE                                         r  mem_reg[7][3]/C  (IS_INVERTED)
                         clock pessimism              0.000    16.425    
                         clock uncertainty           -0.335    16.090    
    SLICE_X3Y12          FDRE (Setup_fdre_C_CE)      -0.053    16.037    mem_reg[7][3]
  -------------------------------------------------------------------
                         required time                         16.037    
                         arrival time                          -5.066    
  -------------------------------------------------------------------
                         slack                                 10.970    

Slack (MET) :             10.970ns  (required time - arrival time)
  Source:                 wrst_n
                            (input port clocked by wclk  {rise@0.000ns fall@15.000ns period=30.000ns})
  Destination:            mem_reg[7][4]/CE
                            (falling edge-triggered cell FDRE clocked by wclk  {rise@0.000ns fall@15.000ns period=30.000ns})
  Path Group:             wclk
  Path Type:              Setup (Max at Fast Process Corner)
  Requirement:            15.000ns  (wclk fall@15.000ns - wclk rise@0.000ns)
  Data Path Delay:        1.566ns  (logic 0.404ns (25.818%)  route 1.162ns (74.182%))
  Logic Levels:           2  (IBUF=1 LUT6=1)
  Input Delay:            3.500ns
  Clock Path Skew:        1.425ns (DCD - SCD + CPR)
    Destination Clock Delay (DCD):    1.425ns = ( 16.425 - 15.000 ) 
    Source Clock Delay      (SCD):    0.000ns
    Clock Pessimism Removal (CPR):    0.000ns
  Clock Uncertainty:      0.335ns  ((TSJ^2 + TIJ^2)^1/2 + DJ) / 2 + PE + UU
    Total System Jitter     (TSJ):    0.071ns
    Total Input Jitter      (TIJ):    0.000ns
    Discrete Jitter          (DJ):    0.000ns
    Phase Error              (PE):    0.000ns
    User Uncertainty         (UU):    0.300ns

    Location             Delay type                Incr(ns)  Path(ns)    Netlist Resource(s)
  -------------------------------------------------------------------    -------------------
                         (clock wclk rise edge)       0.000     0.000 r  
                         input delay                  3.500     3.500    
    R18                                               0.000     3.500 r  wrst_n (IN)
                         net (fo=0)                   0.000     3.500    wrst_n
    R18                  IBUF (Prop_ibuf_I_O)         0.348     3.848 r  wrst_n_IBUF_inst/O
                         net (fo=9, routed)           0.759     4.607    wrst_n_IBUF
    SLICE_X3Y15          LUT6 (Prop_lut6_I3_O)        0.056     4.663 r  mem[7][7]_i_1/O
                         net (fo=8, routed)           0.403     5.066    mem[7][7]_i_1_n_0
    SLICE_X3Y12          FDRE                                         r  mem_reg[7][4]/CE
  -------------------------------------------------------------------    -------------------

                         (clock wclk fall edge)      15.000    15.000 f  
    P18                                               0.000    15.000 f  wclk (IN)
                         net (fo=0)                   0.000    15.000    wclk
    P18                  IBUF (Prop_ibuf_I_O)         0.173    15.173 f  wclk_IBUF_inst/O
                         net (fo=1, routed)           0.634    15.807    wclk_IBUF
    BUFGCTRL_X0Y0        BUFG (Prop_bufg_I_O)         0.026    15.833 f  wclk_IBUF_BUFG_inst/O
                         net (fo=80, routed)          0.592    16.425    wclk_IBUF_BUFG
    SLICE_X3Y12          FDRE                                         r  mem_reg[7][4]/C  (IS_INVERTED)
                         clock pessimism              0.000    16.425    
                         clock uncertainty           -0.335    16.090    
    SLICE_X3Y12          FDRE (Setup_fdre_C_CE)      -0.053    16.037    mem_reg[7][4]
  -------------------------------------------------------------------
                         required time                         16.037    
                         arrival time                          -5.066    
  -------------------------------------------------------------------
                         slack                                 10.970    

Slack (MET) :             10.970ns  (required time - arrival time)
  Source:                 wrst_n
                            (input port clocked by wclk  {rise@0.000ns fall@15.000ns period=30.000ns})
  Destination:            mem_reg[7][5]/CE
                            (falling edge-triggered cell FDRE clocked by wclk  {rise@0.000ns fall@15.000ns period=30.000ns})
  Path Group:             wclk
  Path Type:              Setup (Max at Fast Process Corner)
  Requirement:            15.000ns  (wclk fall@15.000ns - wclk rise@0.000ns)
  Data Path Delay:        1.566ns  (logic 0.404ns (25.818%)  route 1.162ns (74.182%))
  Logic Levels:           2  (IBUF=1 LUT6=1)
  Input Delay:            3.500ns
  Clock Path Skew:        1.425ns (DCD - SCD + CPR)
    Destination Clock Delay (DCD):    1.425ns = ( 16.425 - 15.000 ) 
    Source Clock Delay      (SCD):    0.000ns
    Clock Pessimism Removal (CPR):    0.000ns
  Clock Uncertainty:      0.335ns  ((TSJ^2 + TIJ^2)^1/2 + DJ) / 2 + PE + UU
    Total System Jitter     (TSJ):    0.071ns
    Total Input Jitter      (TIJ):    0.000ns
    Discrete Jitter          (DJ):    0.000ns
    Phase Error              (PE):    0.000ns
    User Uncertainty         (UU):    0.300ns

    Location             Delay type                Incr(ns)  Path(ns)    Netlist Resource(s)
  -------------------------------------------------------------------    -------------------
                         (clock wclk rise edge)       0.000     0.000 r  
                         input delay                  3.500     3.500    
    R18                                               0.000     3.500 r  wrst_n (IN)
                         net (fo=0)                   0.000     3.500    wrst_n
    R18                  IBUF (Prop_ibuf_I_O)         0.348     3.848 r  wrst_n_IBUF_inst/O
                         net (fo=9, routed)           0.759     4.607    wrst_n_IBUF
    SLICE_X3Y15          LUT6 (Prop_lut6_I3_O)        0.056     4.663 r  mem[7][7]_i_1/O
                         net (fo=8, routed)           0.403     5.066    mem[7][7]_i_1_n_0
    SLICE_X3Y12          FDRE                                         r  mem_reg[7][5]/CE
  -------------------------------------------------------------------    -------------------

                         (clock wclk fall edge)      15.000    15.000 f  
    P18                                               0.000    15.000 f  wclk (IN)
                         net (fo=0)                   0.000    15.000    wclk
    P18                  IBUF (Prop_ibuf_I_O)         0.173    15.173 f  wclk_IBUF_inst/O
                         net (fo=1, routed)           0.634    15.807    wclk_IBUF
    BUFGCTRL_X0Y0        BUFG (Prop_bufg_I_O)         0.026    15.833 f  wclk_IBUF_BUFG_inst/O
                         net (fo=80, routed)          0.592    16.425    wclk_IBUF_BUFG
    SLICE_X3Y12          FDRE                                         r  mem_reg[7][5]/C  (IS_INVERTED)
                         clock pessimism              0.000    16.425    
                         clock uncertainty           -0.335    16.090    
    SLICE_X3Y12          FDRE (Setup_fdre_C_CE)      -0.053    16.037    mem_reg[7][5]
  -------------------------------------------------------------------
                         required time                         16.037    
                         arrival time                          -5.066    
  -------------------------------------------------------------------
                         slack                                 10.970    

Slack (MET) :             10.970ns  (required time - arrival time)
  Source:                 wrst_n
                            (input port clocked by wclk  {rise@0.000ns fall@15.000ns period=30.000ns})
  Destination:            mem_reg[7][6]/CE
                            (falling edge-triggered cell FDRE clocked by wclk  {rise@0.000ns fall@15.000ns period=30.000ns})
  Path Group:             wclk
  Path Type:              Setup (Max at Fast Process Corner)
  Requirement:            15.000ns  (wclk fall@15.000ns - wclk rise@0.000ns)
  Data Path Delay:        1.566ns  (logic 0.404ns (25.818%)  route 1.162ns (74.182%))
  Logic Levels:           2  (IBUF=1 LUT6=1)
  Input Delay:            3.500ns
  Clock Path Skew:        1.425ns (DCD - SCD + CPR)
    Destination Clock Delay (DCD):    1.425ns = ( 16.425 - 15.000 ) 
    Source Clock Delay      (SCD):    0.000ns
    Clock Pessimism Removal (CPR):    0.000ns
  Clock Uncertainty:      0.335ns  ((TSJ^2 + TIJ^2)^1/2 + DJ) / 2 + PE + UU
    Total System Jitter     (TSJ):    0.071ns
    Total Input Jitter      (TIJ):    0.000ns
    Discrete Jitter          (DJ):    0.000ns
    Phase Error              (PE):    0.000ns
    User Uncertainty         (UU):    0.300ns

    Location             Delay type                Incr(ns)  Path(ns)    Netlist Resource(s)
  -------------------------------------------------------------------    -------------------
                         (clock wclk rise edge)       0.000     0.000 r  
                         input delay                  3.500     3.500    
    R18                                               0.000     3.500 r  wrst_n (IN)
                         net (fo=0)                   0.000     3.500    wrst_n
    R18                  IBUF (Prop_ibuf_I_O)         0.348     3.848 r  wrst_n_IBUF_inst/O
                         net (fo=9, routed)           0.759     4.607    wrst_n_IBUF
    SLICE_X3Y15          LUT6 (Prop_lut6_I3_O)        0.056     4.663 r  mem[7][7]_i_1/O
                         net (fo=8, routed)           0.403     5.066    mem[7][7]_i_1_n_0
    SLICE_X3Y12          FDRE                                         r  mem_reg[7][6]/CE
  -------------------------------------------------------------------    -------------------

                         (clock wclk fall edge)      15.000    15.000 f  
    P18                                               0.000    15.000 f  wclk (IN)
                         net (fo=0)                   0.000    15.000    wclk
    P18                  IBUF (Prop_ibuf_I_O)         0.173    15.173 f  wclk_IBUF_inst/O
                         net (fo=1, routed)           0.634    15.807    wclk_IBUF
    BUFGCTRL_X0Y0        BUFG (Prop_bufg_I_O)         0.026    15.833 f  wclk_IBUF_BUFG_inst/O
                         net (fo=80, routed)          0.592    16.425    wclk_IBUF_BUFG
    SLICE_X3Y12          FDRE                                         r  mem_reg[7][6]/C  (IS_INVERTED)
                         clock pessimism              0.000    16.425    
                         clock uncertainty           -0.335    16.090    
    SLICE_X3Y12          FDRE (Setup_fdre_C_CE)      -0.053    16.037    mem_reg[7][6]
  -------------------------------------------------------------------
                         required time                         16.037    
                         arrival time                          -5.066    
  -------------------------------------------------------------------
                         slack                                 10.970    

Slack (MET) :             11.052ns  (required time - arrival time)
  Source:                 wrst_n
                            (input port clocked by wclk  {rise@0.000ns fall@15.000ns period=30.000ns})
  Destination:            mem_reg[4][0]/CE
                            (falling edge-triggered cell FDRE clocked by wclk  {rise@0.000ns fall@15.000ns period=30.000ns})
  Path Group:             wclk
  Path Type:              Setup (Max at Fast Process Corner)
  Requirement:            15.000ns  (wclk fall@15.000ns - wclk rise@0.000ns)
  Data Path Delay:        1.501ns  (logic 0.404ns (26.932%)  route 1.097ns (73.068%))
  Logic Levels:           2  (IBUF=1 LUT6=1)
  Input Delay:            3.500ns
  Clock Path Skew:        1.425ns (DCD - SCD + CPR)
    Destination Clock Delay (DCD):    1.425ns = ( 16.425 - 15.000 ) 
    Source Clock Delay      (SCD):    0.000ns
    Clock Pessimism Removal (CPR):    0.000ns
  Clock Uncertainty:      0.335ns  ((TSJ^2 + TIJ^2)^1/2 + DJ) / 2 + PE + UU
    Total System Jitter     (TSJ):    0.071ns
    Total Input Jitter      (TIJ):    0.000ns
    Discrete Jitter          (DJ):    0.000ns
    Phase Error              (PE):    0.000ns
    User Uncertainty         (UU):    0.300ns

    Location             Delay type                Incr(ns)  Path(ns)    Netlist Resource(s)
  -------------------------------------------------------------------    -------------------
                         (clock wclk rise edge)       0.000     0.000 r  
                         input delay                  3.500     3.500    
    R18                                               0.000     3.500 r  wrst_n (IN)
                         net (fo=0)                   0.000     3.500    wrst_n
    R18                  IBUF (Prop_ibuf_I_O)         0.348     3.848 r  wrst_n_IBUF_inst/O
                         net (fo=9, routed)           0.691     4.540    wrst_n_IBUF
    SLICE_X2Y16          LUT6 (Prop_lut6_I3_O)        0.056     4.596 r  mem[4][7]_i_1/O
                         net (fo=8, routed)           0.406     5.001    mem[4][7]_i_1_n_0
    SLICE_X2Y12          FDRE                                         r  mem_reg[4][0]/CE
  -------------------------------------------------------------------    -------------------

                         (clock wclk fall edge)      15.000    15.000 f  
    P18                                               0.000    15.000 f  wclk (IN)
                         net (fo=0)                   0.000    15.000    wclk
    P18                  IBUF (Prop_ibuf_I_O)         0.173    15.173 f  wclk_IBUF_inst/O
                         net (fo=1, routed)           0.634    15.807    wclk_IBUF
    BUFGCTRL_X0Y0        BUFG (Prop_bufg_I_O)         0.026    15.833 f  wclk_IBUF_BUFG_inst/O
                         net (fo=80, routed)          0.592    16.425    wclk_IBUF_BUFG
    SLICE_X2Y12          FDRE                                         r  mem_reg[4][0]/C  (IS_INVERTED)
                         clock pessimism              0.000    16.425    
                         clock uncertainty           -0.335    16.090    
    SLICE_X2Y12          FDRE (Setup_fdre_C_CE)      -0.036    16.054    mem_reg[4][0]
  -------------------------------------------------------------------
                         required time                         16.054    
                         arrival time                          -5.001    
  -------------------------------------------------------------------
                         slack                                 11.052    

Slack (MET) :             11.052ns  (required time - arrival time)
  Source:                 wrst_n
                            (input port clocked by wclk  {rise@0.000ns fall@15.000ns period=30.000ns})
  Destination:            mem_reg[4][1]/CE
                            (falling edge-triggered cell FDRE clocked by wclk  {rise@0.000ns fall@15.000ns period=30.000ns})
  Path Group:             wclk
  Path Type:              Setup (Max at Fast Process Corner)
  Requirement:            15.000ns  (wclk fall@15.000ns - wclk rise@0.000ns)
  Data Path Delay:        1.501ns  (logic 0.404ns (26.932%)  route 1.097ns (73.068%))
  Logic Levels:           2  (IBUF=1 LUT6=1)
  Input Delay:            3.500ns
  Clock Path Skew:        1.425ns (DCD - SCD + CPR)
    Destination Clock Delay (DCD):    1.425ns = ( 16.425 - 15.000 ) 
    Source Clock Delay      (SCD):    0.000ns
    Clock Pessimism Removal (CPR):    0.000ns
  Clock Uncertainty:      0.335ns  ((TSJ^2 + TIJ^2)^1/2 + DJ) / 2 + PE + UU
    Total System Jitter     (TSJ):    0.071ns
    Total Input Jitter      (TIJ):    0.000ns
    Discrete Jitter          (DJ):    0.000ns
    Phase Error              (PE):    0.000ns
    User Uncertainty         (UU):    0.300ns

    Location             Delay type                Incr(ns)  Path(ns)    Netlist Resource(s)
  -------------------------------------------------------------------    -------------------
                         (clock wclk rise edge)       0.000     0.000 r  
                         input delay                  3.500     3.500    
    R18                                               0.000     3.500 r  wrst_n (IN)
                         net (fo=0)                   0.000     3.500    wrst_n
    R18                  IBUF (Prop_ibuf_I_O)         0.348     3.848 r  wrst_n_IBUF_inst/O
                         net (fo=9, routed)           0.691     4.540    wrst_n_IBUF
    SLICE_X2Y16          LUT6 (Prop_lut6_I3_O)        0.056     4.596 r  mem[4][7]_i_1/O
                         net (fo=8, routed)           0.406     5.001    mem[4][7]_i_1_n_0
    SLICE_X2Y12          FDRE                                         r  mem_reg[4][1]/CE
  -------------------------------------------------------------------    -------------------

                         (clock wclk fall edge)      15.000    15.000 f  
    P18                                               0.000    15.000 f  wclk (IN)
                         net (fo=0)                   0.000    15.000    wclk
    P18                  IBUF (Prop_ibuf_I_O)         0.173    15.173 f  wclk_IBUF_inst/O
                         net (fo=1, routed)           0.634    15.807    wclk_IBUF
    BUFGCTRL_X0Y0        BUFG (Prop_bufg_I_O)         0.026    15.833 f  wclk_IBUF_BUFG_inst/O
                         net (fo=80, routed)          0.592    16.425    wclk_IBUF_BUFG
    SLICE_X2Y12          FDRE                                         r  mem_reg[4][1]/C  (IS_INVERTED)
                         clock pessimism              0.000    16.425    
                         clock uncertainty           -0.335    16.090    
    SLICE_X2Y12          FDRE (Setup_fdre_C_CE)      -0.036    16.054    mem_reg[4][1]
  -------------------------------------------------------------------
                         required time                         16.054    
                         arrival time                          -5.001    
  -------------------------------------------------------------------
                         slack                                 11.052    





Min Delay Paths
--------------------------------------------------------------------------------------
Slack (MET) :             0.077ns  (arrival time - required time)
  Source:                 rptr_gray_sync1_reg[3]/C
                            (falling edge-triggered cell FDCE clocked by wclk  {rise@0.000ns fall@15.000ns period=30.000ns})
  Destination:            rptr_gray_sync2_reg[3]/D
                            (falling edge-triggered cell FDCE clocked by wclk  {rise@0.000ns fall@15.000ns period=30.000ns})
  Path Group:             wclk
  Path Type:              Hold (Min at Fast Process Corner)
  Requirement:            0.000ns  (wclk fall@15.000ns - wclk fall@15.000ns)
  Data Path Delay:        0.256ns  (logic 0.146ns (57.030%)  route 0.110ns (42.970%))
  Logic Levels:           0  
  Clock Path Skew:        0.000ns (DCD - SCD - CPR)
    Destination Clock Delay (DCD):    1.938ns = ( 16.938 - 15.000 ) 
    Source Clock Delay      (SCD):    1.422ns = ( 16.422 - 15.000 ) 
    Clock Pessimism Removal (CPR):    0.516ns
  Clock Uncertainty:      0.100ns  ((TSJ^2 + TIJ^2)^1/2 + DJ) / 2 + PE + UU
    Total System Jitter     (TSJ):    0.000ns
    Total Input Jitter      (TIJ):    0.000ns
    Discrete Jitter          (DJ):    0.000ns
    Phase Error              (PE):    0.000ns
    User Uncertainty         (UU):    0.100ns

    Location             Delay type                Incr(ns)  Path(ns)    Netlist Resource(s)
  -------------------------------------------------------------------    -------------------
                         (clock wclk fall edge)      15.000    15.000 f  
    P18                                               0.000    15.000 f  wclk (IN)
                         net (fo=0)                   0.000    15.000    wclk
    P18                  IBUF (Prop_ibuf_I_O)         0.173    15.173 f  wclk_IBUF_inst/O
                         net (fo=1, routed)           0.634    15.807    wclk_IBUF
    BUFGCTRL_X0Y0        BUFG (Prop_bufg_I_O)         0.026    15.833 f  wclk_IBUF_BUFG_inst/O
                         net (fo=80, routed)          0.589    16.422    wclk_IBUF_BUFG
    SLICE_X5Y14          FDCE                                         r  rptr_gray_sync1_reg[3]/C  (IS_INVERTED)
  -------------------------------------------------------------------    -------------------
    SLICE_X5Y14          FDCE (Prop_fdce_C_Q)         0.146    16.568 r  rptr_gray_sync1_reg[3]/Q
                         net (fo=1, routed)           0.110    16.678    rptr_gray_sync1[3]
    SLICE_X5Y14          FDCE                                         r  rptr_gray_sync2_reg[3]/D
  -------------------------------------------------------------------    -------------------

                         (clock wclk fall edge)      15.000    15.000 f  
    P18                                               0.000    15.000 f  wclk (IN)
                         net (fo=0)                   0.000    15.000    wclk
    P18                  IBUF (Prop_ibuf_I_O)         0.362    15.362 f  wclk_IBUF_inst/O
                         net (fo=1, routed)           0.689    16.051    wclk_IBUF
    BUFGCTRL_X0Y0        BUFG (Prop_bufg_I_O)         0.029    16.080 f  wclk_IBUF_BUFG_inst/O
                         net (fo=80, routed)          0.859    16.938    wclk_IBUF_BUFG
    SLICE_X5Y14          FDCE                                         r  rptr_gray_sync2_reg[3]/C  (IS_INVERTED)
                         clock pessimism             -0.516    16.422    
                         clock uncertainty            0.100    16.522    
    SLICE_X5Y14          FDCE (Hold_fdce_C_D)         0.079    16.601    rptr_gray_sync2_reg[3]
  -------------------------------------------------------------------
                         required time                        -16.601    
                         arrival time                          16.678    
  -------------------------------------------------------------------
                         slack                                  0.077    

Slack (MET) :             0.141ns  (arrival time - required time)
  Source:                 rptr_gray_sync1_reg[2]/C
                            (falling edge-triggered cell FDCE clocked by wclk  {rise@0.000ns fall@15.000ns period=30.000ns})
  Destination:            rptr_gray_sync2_reg[2]/D
                            (falling edge-triggered cell FDCE clocked by wclk  {rise@0.000ns fall@15.000ns period=30.000ns})
  Path Group:             wclk
  Path Type:              Hold (Min at Fast Process Corner)
  Requirement:            0.000ns  (wclk fall@15.000ns - wclk fall@15.000ns)
  Data Path Delay:        0.318ns  (logic 0.146ns (45.898%)  route 0.172ns (54.102%))
  Logic Levels:           0  
  Clock Path Skew:        0.000ns (DCD - SCD - CPR)
    Destination Clock Delay (DCD):    1.936ns = ( 16.936 - 15.000 ) 
    Source Clock Delay      (SCD):    1.421ns = ( 16.421 - 15.000 ) 
    Clock Pessimism Removal (CPR):    0.515ns
  Clock Uncertainty:      0.100ns  ((TSJ^2 + TIJ^2)^1/2 + DJ) / 2 + PE + UU
    Total System Jitter     (TSJ):    0.000ns
    Total Input Jitter      (TIJ):    0.000ns
    Discrete Jitter          (DJ):    0.000ns
    Phase Error              (PE):    0.000ns
    User Uncertainty         (UU):    0.100ns

    Location             Delay type                Incr(ns)  Path(ns)    Netlist Resource(s)
  -------------------------------------------------------------------    -------------------
                         (clock wclk fall edge)      15.000    15.000 f  
    P18                                               0.000    15.000 f  wclk (IN)
                         net (fo=0)                   0.000    15.000    wclk
    P18                  IBUF (Prop_ibuf_I_O)         0.173    15.173 f  wclk_IBUF_inst/O
                         net (fo=1, routed)           0.634    15.807    wclk_IBUF
    BUFGCTRL_X0Y0        BUFG (Prop_bufg_I_O)         0.026    15.833 f  wclk_IBUF_BUFG_inst/O
                         net (fo=80, routed)          0.588    16.421    wclk_IBUF_BUFG
    SLICE_X4Y16          FDCE                                         r  rptr_gray_sync1_reg[2]/C  (IS_INVERTED)
  -------------------------------------------------------------------    -------------------
    SLICE_X4Y16          FDCE (Prop_fdce_C_Q)         0.146    16.567 r  rptr_gray_sync1_reg[2]/Q
                         net (fo=1, routed)           0.172    16.739    rptr_gray_sync1[2]
    SLICE_X4Y16          FDCE                                         r  rptr_gray_sync2_reg[2]/D
  -------------------------------------------------------------------    -------------------

                         (clock wclk fall edge)      15.000    15.000 f  
    P18                                               0.000    15.000 f  wclk (IN)
                         net (fo=0)                   0.000    15.000    wclk
    P18                  IBUF (Prop_ibuf_I_O)         0.362    15.362 f  wclk_IBUF_inst/O
                         net (fo=1, routed)           0.689    16.051    wclk_IBUF
    BUFGCTRL_X0Y0        BUFG (Prop_bufg_I_O)         0.029    16.080 f  wclk_IBUF_BUFG_inst/O
                         net (fo=80, routed)          0.857    16.936    wclk_IBUF_BUFG
    SLICE_X4Y16          FDCE                                         r  rptr_gray_sync2_reg[2]/C  (IS_INVERTED)
                         clock pessimism             -0.515    16.421    
                         clock uncertainty            0.100    16.521    
    SLICE_X4Y16          FDCE (Hold_fdce_C_D)         0.077    16.598    rptr_gray_sync2_reg[2]
  -------------------------------------------------------------------
                         required time                        -16.598    
                         arrival time                          16.739    
  -------------------------------------------------------------------
                         slack                                  0.141    

Slack (MET) :             0.150ns  (arrival time - required time)
  Source:                 rptr_gray_sync1_reg[0]/C
                            (falling edge-triggered cell FDCE clocked by wclk  {rise@0.000ns fall@15.000ns period=30.000ns})
  Destination:            rptr_gray_sync2_reg[0]/D
                            (falling edge-triggered cell FDCE clocked by wclk  {rise@0.000ns fall@15.000ns period=30.000ns})
  Path Group:             wclk
  Path Type:              Hold (Min at Fast Process Corner)
  Requirement:            0.000ns  (wclk fall@15.000ns - wclk fall@15.000ns)
  Data Path Delay:        0.310ns  (logic 0.133ns (42.908%)  route 0.177ns (57.092%))
  Logic Levels:           0  
  Clock Path Skew:        0.037ns (DCD - SCD - CPR)
    Destination Clock Delay (DCD):    1.939ns = ( 16.939 - 15.000 ) 
    Source Clock Delay      (SCD):    1.422ns = ( 16.422 - 15.000 ) 
    Clock Pessimism Removal (CPR):    0.480ns
  Clock Uncertainty:      0.100ns  ((TSJ^2 + TIJ^2)^1/2 + DJ) / 2 + PE + UU
    Total System Jitter     (TSJ):    0.000ns
    Total Input Jitter      (TIJ):    0.000ns
    Discrete Jitter          (DJ):    0.000ns
    Phase Error              (PE):    0.000ns
    User Uncertainty         (UU):    0.100ns

    Location             Delay type                Incr(ns)  Path(ns)    Netlist Resource(s)
  -------------------------------------------------------------------    -------------------
                         (clock wclk fall edge)      15.000    15.000 f  
    P18                                               0.000    15.000 f  wclk (IN)
                         net (fo=0)                   0.000    15.000    wclk
    P18                  IBUF (Prop_ibuf_I_O)         0.173    15.173 f  wclk_IBUF_inst/O
                         net (fo=1, routed)           0.634    15.807    wclk_IBUF
    BUFGCTRL_X0Y0        BUFG (Prop_bufg_I_O)         0.026    15.833 f  wclk_IBUF_BUFG_inst/O
                         net (fo=80, routed)          0.589    16.422    wclk_IBUF_BUFG
    SLICE_X4Y15          FDCE                                         r  rptr_gray_sync1_reg[0]/C  (IS_INVERTED)
  -------------------------------------------------------------------    -------------------
    SLICE_X4Y15          FDCE (Prop_fdce_C_Q)         0.133    16.555 r  rptr_gray_sync1_reg[0]/Q
                         net (fo=1, routed)           0.177    16.732    rptr_gray_sync1[0]
    SLICE_X3Y15          FDCE                                         r  rptr_gray_sync2_reg[0]/D
  -------------------------------------------------------------------    -------------------

                         (clock wclk fall edge)      15.000    15.000 f  
    P18                                               0.000    15.000 f  wclk (IN)
                         net (fo=0)                   0.000    15.000    wclk
    P18                  IBUF (Prop_ibuf_I_O)         0.362    15.362 f  wclk_IBUF_inst/O
                         net (fo=1, routed)           0.689    16.051    wclk_IBUF
    BUFGCTRL_X0Y0        BUFG (Prop_bufg_I_O)         0.029    16.080 f  wclk_IBUF_BUFG_inst/O
                         net (fo=80, routed)          0.860    16.939    wclk_IBUF_BUFG
    SLICE_X3Y15          FDCE                                         r  rptr_gray_sync2_reg[0]/C  (IS_INVERTED)
                         clock pessimism             -0.480    16.459    
                         clock uncertainty            0.100    16.559    
    SLICE_X3Y15          FDCE (Hold_fdce_C_D)         0.023    16.582    rptr_gray_sync2_reg[0]
  -------------------------------------------------------------------
                         required time                        -16.582    
                         arrival time                          16.732    
  -------------------------------------------------------------------
                         slack                                  0.150    

Slack (MET) :             0.167ns  (arrival time - required time)
  Source:                 full_reg/C
                            (falling edge-triggered cell FDCE clocked by wclk  {rise@0.000ns fall@15.000ns period=30.000ns})
  Destination:            wptr_bin_reg[2]/D
                            (falling edge-triggered cell FDCE clocked by wclk  {rise@0.000ns fall@15.000ns period=30.000ns})
  Path Group:             wclk
  Path Type:              Hold (Min at Fast Process Corner)
  Requirement:            0.000ns  (wclk fall@15.000ns - wclk fall@15.000ns)
  Data Path Delay:        0.403ns  (logic 0.191ns (47.355%)  route 0.212ns (52.645%))
  Logic Levels:           1  (LUT5=1)
  Clock Path Skew:        0.037ns (DCD - SCD - CPR)
    Destination Clock Delay (DCD):    1.939ns = ( 16.939 - 15.000 ) 
    Source Clock Delay      (SCD):    1.422ns = ( 16.422 - 15.000 ) 
    Clock Pessimism Removal (CPR):    0.480ns
  Clock Uncertainty:      0.100ns  ((TSJ^2 + TIJ^2)^1/2 + DJ) / 2 + PE + UU
    Total System Jitter     (TSJ):    0.000ns
    Total Input Jitter      (TIJ):    0.000ns
    Discrete Jitter          (DJ):    0.000ns
    Phase Error              (PE):    0.000ns
    User Uncertainty         (UU):    0.100ns

    Location             Delay type                Incr(ns)  Path(ns)    Netlist Resource(s)
  -------------------------------------------------------------------    -------------------
                         (clock wclk fall edge)      15.000    15.000 f  
    P18                                               0.000    15.000 f  wclk (IN)
                         net (fo=0)                   0.000    15.000    wclk
    P18                  IBUF (Prop_ibuf_I_O)         0.173    15.173 f  wclk_IBUF_inst/O
                         net (fo=1, routed)           0.634    15.807    wclk_IBUF
    BUFGCTRL_X0Y0        BUFG (Prop_bufg_I_O)         0.026    15.833 f  wclk_IBUF_BUFG_inst/O
                         net (fo=80, routed)          0.589    16.422    wclk_IBUF_BUFG
    SLICE_X4Y15          FDCE                                         r  full_reg/C  (IS_INVERTED)
  -------------------------------------------------------------------    -------------------
    SLICE_X4Y15          FDCE (Prop_fdce_C_Q)         0.146    16.568 r  full_reg/Q
                         net (fo=18, routed)          0.212    16.780    full_OBUF
    SLICE_X3Y15          LUT5 (Prop_lut5_I0_O)        0.045    16.825 r  wptr_bin[2]_i_1/O
                         net (fo=2, routed)           0.000    16.825    wptr_bin_next__0[2]
    SLICE_X3Y15          FDCE                                         r  wptr_bin_reg[2]/D
  -------------------------------------------------------------------    -------------------

                         (clock wclk fall edge)      15.000    15.000 f  
    P18                                               0.000    15.000 f  wclk (IN)
                         net (fo=0)                   0.000    15.000    wclk
    P18                  IBUF (Prop_ibuf_I_O)         0.362    15.362 f  wclk_IBUF_inst/O
                         net (fo=1, routed)           0.689    16.051    wclk_IBUF
    BUFGCTRL_X0Y0        BUFG (Prop_bufg_I_O)         0.029    16.080 f  wclk_IBUF_BUFG_inst/O
                         net (fo=80, routed)          0.860    16.939    wclk_IBUF_BUFG
    SLICE_X3Y15          FDCE                                         r  wptr_bin_reg[2]/C  (IS_INVERTED)
                         clock pessimism             -0.480    16.459    
                         clock uncertainty            0.100    16.559    
    SLICE_X3Y15          FDCE (Hold_fdce_C_D)         0.099    16.658    wptr_bin_reg[2]
  -------------------------------------------------------------------
                         required time                        -16.658    
                         arrival time                          16.825    
  -------------------------------------------------------------------
                         slack                                  0.167    

Slack (MET) :             0.169ns  (arrival time - required time)
  Source:                 wptr_bin_reg[0]/C
                            (falling edge-triggered cell FDCE clocked by wclk  {rise@0.000ns fall@15.000ns period=30.000ns})
  Destination:            wptr_gray_reg[2]/D
                            (falling edge-triggered cell FDCE clocked by wclk  {rise@0.000ns fall@15.000ns period=30.000ns})
  Path Group:             wclk
  Path Type:              Hold (Min at Fast Process Corner)
  Requirement:            0.000ns  (wclk fall@15.000ns - wclk fall@15.000ns)
  Data Path Delay:        0.383ns  (logic 0.191ns (49.927%)  route 0.192ns (50.073%))
  Logic Levels:           1  (LUT6=1)
  Clock Path Skew:        0.015ns (DCD - SCD - CPR)
    Destination Clock Delay (DCD):    1.937ns = ( 16.937 - 15.000 ) 
    Source Clock Delay      (SCD):    1.421ns = ( 16.421 - 15.000 ) 
    Clock Pessimism Removal (CPR):    0.501ns
  Clock Uncertainty:      0.100ns  ((TSJ^2 + TIJ^2)^1/2 + DJ) / 2 + PE + UU
    Total System Jitter     (TSJ):    0.000ns
    Total Input Jitter      (TIJ):    0.000ns
    Discrete Jitter          (DJ):    0.000ns
    Phase Error              (PE):    0.000ns
    User Uncertainty         (UU):    0.100ns

    Location             Delay type                Incr(ns)  Path(ns)    Netlist Resource(s)
  -------------------------------------------------------------------    -------------------
                         (clock wclk fall edge)      15.000    15.000 f  
    P18                                               0.000    15.000 f  wclk (IN)
                         net (fo=0)                   0.000    15.000    wclk
    P18                  IBUF (Prop_ibuf_I_O)         0.173    15.173 f  wclk_IBUF_inst/O
                         net (fo=1, routed)           0.634    15.807    wclk_IBUF
    BUFGCTRL_X0Y0        BUFG (Prop_bufg_I_O)         0.026    15.833 f  wclk_IBUF_BUFG_inst/O
                         net (fo=80, routed)          0.588    16.421    wclk_IBUF_BUFG
    SLICE_X4Y16          FDCE                                         r  wptr_bin_reg[0]/C  (IS_INVERTED)
  -------------------------------------------------------------------    -------------------
    SLICE_X4Y16          FDCE (Prop_fdce_C_Q)         0.146    16.567 r  wptr_bin_reg[0]/Q
                         net (fo=17, routed)          0.192    16.758    wptr_bin_reg[0]
    SLICE_X4Y15          LUT6 (Prop_lut6_I4_O)        0.045    16.803 r  wptr_gray[2]_i_1/O
                         net (fo=1, routed)           0.000    16.803    wptr_gray_next[2]
    SLICE_X4Y15          FDCE                                         r  wptr_gray_reg[2]/D
  -------------------------------------------------------------------    -------------------

                         (clock wclk fall edge)      15.000    15.000 f  
    P18                                               0.000    15.000 f  wclk (IN)
                         net (fo=0)                   0.000    15.000    wclk
    P18                  IBUF (Prop_ibuf_I_O)         0.362    15.362 f  wclk_IBUF_inst/O
                         net (fo=1, routed)           0.689    16.051    wclk_IBUF
    BUFGCTRL_X0Y0        BUFG (Prop_bufg_I_O)         0.029    16.080 f  wclk_IBUF_BUFG_inst/O
                         net (fo=80, routed)          0.858    16.937    wclk_IBUF_BUFG
    SLICE_X4Y15          FDCE                                         r  wptr_gray_reg[2]/C  (IS_INVERTED)
                         clock pessimism             -0.501    16.436    
                         clock uncertainty            0.100    16.536    
    SLICE_X4Y15          FDCE (Hold_fdce_C_D)         0.099    16.635    wptr_gray_reg[2]
  -------------------------------------------------------------------
                         required time                        -16.635    
                         arrival time                          16.804    
  -------------------------------------------------------------------
                         slack                                  0.169    

Slack (MET) :             0.169ns  (arrival time - required time)
  Source:                 rptr_gray_sync1_reg[1]/C
                            (falling edge-triggered cell FDCE clocked by wclk  {rise@0.000ns fall@15.000ns period=30.000ns})
  Destination:            rptr_gray_sync2_reg[1]/D
                            (falling edge-triggered cell FDCE clocked by wclk  {rise@0.000ns fall@15.000ns period=30.000ns})
  Path Group:             wclk
  Path Type:              Hold (Min at Fast Process Corner)
  Requirement:            0.000ns  (wclk fall@15.000ns - wclk fall@15.000ns)
  Data Path Delay:        0.346ns  (logic 0.146ns (42.195%)  route 0.200ns (57.805%))
  Logic Levels:           0  
  Clock Path Skew:        0.000ns (DCD - SCD - CPR)
    Destination Clock Delay (DCD):    1.938ns = ( 16.938 - 15.000 ) 
    Source Clock Delay      (SCD):    1.422ns = ( 16.422 - 15.000 ) 
    Clock Pessimism Removal (CPR):    0.516ns
  Clock Uncertainty:      0.100ns  ((TSJ^2 + TIJ^2)^1/2 + DJ) / 2 + PE + UU
    Total System Jitter     (TSJ):    0.000ns
    Total Input Jitter      (TIJ):    0.000ns
    Discrete Jitter          (DJ):    0.000ns
    Phase Error              (PE):    0.000ns
    User Uncertainty         (UU):    0.100ns

    Location             Delay type                Incr(ns)  Path(ns)    Netlist Resource(s)
  -------------------------------------------------------------------    -------------------
                         (clock wclk fall edge)      15.000    15.000 f  
    P18                                               0.000    15.000 f  wclk (IN)
                         net (fo=0)                   0.000    15.000    wclk
    P18                  IBUF (Prop_ibuf_I_O)         0.173    15.173 f  wclk_IBUF_inst/O
                         net (fo=1, routed)           0.634    15.807    wclk_IBUF
    BUFGCTRL_X0Y0        BUFG (Prop_bufg_I_O)         0.026    15.833 f  wclk_IBUF_BUFG_inst/O
                         net (fo=80, routed)          0.589    16.422    wclk_IBUF_BUFG
    SLICE_X5Y14          FDCE                                         r  rptr_gray_sync1_reg[1]/C  (IS_INVERTED)
  -------------------------------------------------------------------    -------------------
    SLICE_X5Y14          FDCE (Prop_fdce_C_Q)         0.146    16.568 r  rptr_gray_sync1_reg[1]/Q
                         net (fo=1, routed)           0.200    16.768    rptr_gray_sync1[1]
    SLICE_X5Y14          FDCE                                         r  rptr_gray_sync2_reg[1]/D
  -------------------------------------------------------------------    -------------------

                         (clock wclk fall edge)      15.000    15.000 f  
    P18                                               0.000    15.000 f  wclk (IN)
                         net (fo=0)                   0.000    15.000    wclk
    P18                  IBUF (Prop_ibuf_I_O)         0.362    15.362 f  wclk_IBUF_inst/O
                         net (fo=1, routed)           0.689    16.051    wclk_IBUF
    BUFGCTRL_X0Y0        BUFG (Prop_bufg_I_O)         0.029    16.080 f  wclk_IBUF_BUFG_inst/O
                         net (fo=80, routed)          0.859    16.938    wclk_IBUF_BUFG
    SLICE_X5Y14          FDCE                                         r  rptr_gray_sync2_reg[1]/C  (IS_INVERTED)
                         clock pessimism             -0.516    16.422    
                         clock uncertainty            0.100    16.522    
    SLICE_X5Y14          FDCE (Hold_fdce_C_D)         0.077    16.599    rptr_gray_sync2_reg[1]
  -------------------------------------------------------------------
                         required time                        -16.599    
                         arrival time                          16.768    
  -------------------------------------------------------------------
                         slack                                  0.169    

Slack (MET) :             0.194ns  (arrival time - required time)
  Source:                 wptr_bin_reg[0]/C
                            (falling edge-triggered cell FDCE clocked by wclk  {rise@0.000ns fall@15.000ns period=30.000ns})
  Destination:            wptr_bin_reg[1]/D
                            (falling edge-triggered cell FDCE clocked by wclk  {rise@0.000ns fall@15.000ns period=30.000ns})
  Path Group:             wclk
  Path Type:              Hold (Min at Fast Process Corner)
  Requirement:            0.000ns  (wclk fall@15.000ns - wclk fall@15.000ns)
  Data Path Delay:        0.408ns  (logic 0.188ns (46.066%)  route 0.220ns (53.933%))
  Logic Levels:           1  (LUT4=1)
  Clock Path Skew:        0.000ns (DCD - SCD - CPR)
    Destination Clock Delay (DCD):    1.936ns = ( 16.936 - 15.000 ) 
    Source Clock Delay      (SCD):    1.421ns = ( 16.421 - 15.000 ) 
    Clock Pessimism Removal (CPR):    0.515ns
  Clock Uncertainty:      0.100ns  ((TSJ^2 + TIJ^2)^1/2 + DJ) / 2 + PE + UU
    Total System Jitter     (TSJ):    0.000ns
    Total Input Jitter      (TIJ):    0.000ns
    Discrete Jitter          (DJ):    0.000ns
    Phase Error              (PE):    0.000ns
    User Uncertainty         (UU):    0.100ns

    Location             Delay type                Incr(ns)  Path(ns)    Netlist Resource(s)
  -------------------------------------------------------------------    -------------------
                         (clock wclk fall edge)      15.000    15.000 f  
    P18                                               0.000    15.000 f  wclk (IN)
                         net (fo=0)                   0.000    15.000    wclk
    P18                  IBUF (Prop_ibuf_I_O)         0.173    15.173 f  wclk_IBUF_inst/O
                         net (fo=1, routed)           0.634    15.807    wclk_IBUF
    BUFGCTRL_X0Y0        BUFG (Prop_bufg_I_O)         0.026    15.833 f  wclk_IBUF_BUFG_inst/O
                         net (fo=80, routed)          0.588    16.421    wclk_IBUF_BUFG
    SLICE_X4Y16          FDCE                                         r  wptr_bin_reg[0]/C  (IS_INVERTED)
  -------------------------------------------------------------------    -------------------
    SLICE_X4Y16          FDCE (Prop_fdce_C_Q)         0.146    16.567 r  wptr_bin_reg[0]/Q
                         net (fo=17, routed)          0.220    16.787    wptr_bin_reg[0]
    SLICE_X4Y16          LUT4 (Prop_lut4_I0_O)        0.042    16.829 r  wptr_bin[1]_i_1/O
                         net (fo=1, routed)           0.000    16.829    wptr_bin_next__0[1]
    SLICE_X4Y16          FDCE                                         r  wptr_bin_reg[1]/D
  -------------------------------------------------------------------    -------------------

                         (clock wclk fall edge)      15.000    15.000 f  
    P18                                               0.000    15.000 f  wclk (IN)
                         net (fo=0)                   0.000    15.000    wclk
    P18                  IBUF (Prop_ibuf_I_O)         0.362    15.362 f  wclk_IBUF_inst/O
                         net (fo=1, routed)           0.689    16.051    wclk_IBUF
    BUFGCTRL_X0Y0        BUFG (Prop_bufg_I_O)         0.029    16.080 f  wclk_IBUF_BUFG_inst/O
                         net (fo=80, routed)          0.857    16.936    wclk_IBUF_BUFG
    SLICE_X4Y16          FDCE                                         r  wptr_bin_reg[1]/C  (IS_INVERTED)
                         clock pessimism             -0.515    16.421    
                         clock uncertainty            0.100    16.521    
    SLICE_X4Y16          FDCE (Hold_fdce_C_D)         0.114    16.635    wptr_bin_reg[1]
  -------------------------------------------------------------------
                         required time                        -16.635    
                         arrival time                          16.829    
  -------------------------------------------------------------------
                         slack                                  0.194    

Slack (MET) :             0.213ns  (arrival time - required time)
  Source:                 wptr_bin_reg[0]/C
                            (falling edge-triggered cell FDCE clocked by wclk  {rise@0.000ns fall@15.000ns period=30.000ns})
  Destination:            wptr_bin_reg[0]/D
                            (falling edge-triggered cell FDCE clocked by wclk  {rise@0.000ns fall@15.000ns period=30.000ns})
  Path Group:             wclk
  Path Type:              Hold (Min at Fast Process Corner)
  Requirement:            0.000ns  (wclk fall@15.000ns - wclk fall@15.000ns)
  Data Path Delay:        0.411ns  (logic 0.191ns (46.460%)  route 0.220ns (53.540%))
  Logic Levels:           1  (LUT3=1)
  Clock Path Skew:        0.000ns (DCD - SCD - CPR)
    Destination Clock Delay (DCD):    1.936ns = ( 16.936 - 15.000 ) 
    Source Clock Delay      (SCD):    1.421ns = ( 16.421 - 15.000 ) 
    Clock Pessimism Removal (CPR):    0.515ns
  Clock Uncertainty:      0.100ns  ((TSJ^2 + TIJ^2)^1/2 + DJ) / 2 + PE + UU
    Total System Jitter     (TSJ):    0.000ns
    Total Input Jitter      (TIJ):    0.000ns
    Discrete Jitter          (DJ):    0.000ns
    Phase Error              (PE):    0.000ns
    User Uncertainty         (UU):    0.100ns

    Location             Delay type                Incr(ns)  Path(ns)    Netlist Resource(s)
  -------------------------------------------------------------------    -------------------
                         (clock wclk fall edge)      15.000    15.000 f  
    P18                                               0.000    15.000 f  wclk (IN)
                         net (fo=0)                   0.000    15.000    wclk
    P18                  IBUF (Prop_ibuf_I_O)         0.173    15.173 f  wclk_IBUF_inst/O
                         net (fo=1, routed)           0.634    15.807    wclk_IBUF
    BUFGCTRL_X0Y0        BUFG (Prop_bufg_I_O)         0.026    15.833 f  wclk_IBUF_BUFG_inst/O
                         net (fo=80, routed)          0.588    16.421    wclk_IBUF_BUFG
    SLICE_X4Y16          FDCE                                         r  wptr_bin_reg[0]/C  (IS_INVERTED)
  -------------------------------------------------------------------    -------------------
    SLICE_X4Y16          FDCE (Prop_fdce_C_Q)         0.146    16.567 r  wptr_bin_reg[0]/Q
                         net (fo=17, routed)          0.220    16.787    wptr_bin_reg[0]
    SLICE_X4Y16          LUT3 (Prop_lut3_I0_O)        0.045    16.832 r  wptr_bin[0]_i_1/O
                         net (fo=1, routed)           0.000    16.832    wptr_bin_next__0[0]
    SLICE_X4Y16          FDCE                                         r  wptr_bin_reg[0]/D
  -------------------------------------------------------------------    -------------------

                         (clock wclk fall edge)      15.000    15.000 f  
    P18                                               0.000    15.000 f  wclk (IN)
                         net (fo=0)                   0.000    15.000    wclk
    P18                  IBUF (Prop_ibuf_I_O)         0.362    15.362 f  wclk_IBUF_inst/O
                         net (fo=1, routed)           0.689    16.051    wclk_IBUF
    BUFGCTRL_X0Y0        BUFG (Prop_bufg_I_O)         0.029    16.080 f  wclk_IBUF_BUFG_inst/O
                         net (fo=80, routed)          0.857    16.936    wclk_IBUF_BUFG
    SLICE_X4Y16          FDCE                                         r  wptr_bin_reg[0]/C  (IS_INVERTED)
                         clock pessimism             -0.515    16.421    
                         clock uncertainty            0.100    16.521    
    SLICE_X4Y16          FDCE (Hold_fdce_C_D)         0.098    16.619    wptr_bin_reg[0]
  -------------------------------------------------------------------
                         required time                        -16.619    
                         arrival time                          16.832    
  -------------------------------------------------------------------
                         slack                                  0.213    

Slack (MET) :             0.262ns  (arrival time - required time)
  Source:                 rptr_gray_sync2_reg[3]/C
                            (falling edge-triggered cell FDCE clocked by wclk  {rise@0.000ns fall@15.000ns period=30.000ns})
  Destination:            full_reg/D
                            (falling edge-triggered cell FDCE clocked by wclk  {rise@0.000ns fall@15.000ns period=30.000ns})
  Path Group:             wclk
  Path Type:              Hold (Min at Fast Process Corner)
  Requirement:            0.000ns  (wclk fall@15.000ns - wclk fall@15.000ns)
  Data Path Delay:        0.474ns  (logic 0.191ns (40.261%)  route 0.283ns (59.739%))
  Logic Levels:           1  (LUT6=1)
  Clock Path Skew:        0.014ns (DCD - SCD - CPR)
    Destination Clock Delay (DCD):    1.937ns = ( 16.937 - 15.000 ) 
    Source Clock Delay      (SCD):    1.422ns = ( 16.422 - 15.000 ) 
    Clock Pessimism Removal (CPR):    0.501ns
  Clock Uncertainty:      0.100ns  ((TSJ^2 + TIJ^2)^1/2 + DJ) / 2 + PE + UU
    Total System Jitter     (TSJ):    0.000ns
    Total Input Jitter      (TIJ):    0.000ns
    Discrete Jitter          (DJ):    0.000ns
    Phase Error              (PE):    0.000ns
    User Uncertainty         (UU):    0.100ns

    Location             Delay type                Incr(ns)  Path(ns)    Netlist Resource(s)
  -------------------------------------------------------------------    -------------------
                         (clock wclk fall edge)      15.000    15.000 f  
    P18                                               0.000    15.000 f  wclk (IN)
                         net (fo=0)                   0.000    15.000    wclk
    P18                  IBUF (Prop_ibuf_I_O)         0.173    15.173 f  wclk_IBUF_inst/O
                         net (fo=1, routed)           0.634    15.807    wclk_IBUF
    BUFGCTRL_X0Y0        BUFG (Prop_bufg_I_O)         0.026    15.833 f  wclk_IBUF_BUFG_inst/O
                         net (fo=80, routed)          0.589    16.422    wclk_IBUF_BUFG
    SLICE_X5Y14          FDCE                                         r  rptr_gray_sync2_reg[3]/C  (IS_INVERTED)
  -------------------------------------------------------------------    -------------------
    SLICE_X5Y14          FDCE (Prop_fdce_C_Q)         0.146    16.568 r  rptr_gray_sync2_reg[3]/Q
                         net (fo=1, routed)           0.283    16.851    rptr_gray_sync2[3]
    SLICE_X4Y15          LUT6 (Prop_lut6_I0_O)        0.045    16.896 r  full_i_1/O
                         net (fo=1, routed)           0.000    16.896    full0
    SLICE_X4Y15          FDCE                                         r  full_reg/D
  -------------------------------------------------------------------    -------------------

                         (clock wclk fall edge)      15.000    15.000 f  
    P18                                               0.000    15.000 f  wclk (IN)
                         net (fo=0)                   0.000    15.000    wclk
    P18                  IBUF (Prop_ibuf_I_O)         0.362    15.362 f  wclk_IBUF_inst/O
                         net (fo=1, routed)           0.689    16.051    wclk_IBUF
    BUFGCTRL_X0Y0        BUFG (Prop_bufg_I_O)         0.029    16.080 f  wclk_IBUF_BUFG_inst/O
                         net (fo=80, routed)          0.858    16.937    wclk_IBUF_BUFG
    SLICE_X4Y15          FDCE                                         r  full_reg/C  (IS_INVERTED)
                         clock pessimism             -0.501    16.436    
                         clock uncertainty            0.100    16.536    
    SLICE_X4Y15          FDCE (Hold_fdce_C_D)         0.098    16.634    full_reg
  -------------------------------------------------------------------
                         required time                        -16.634    
                         arrival time                          16.896    
  -------------------------------------------------------------------
                         slack                                  0.262    

Slack (MET) :             0.312ns  (arrival time - required time)
  Source:                 wptr_bin_reg[0]/C
                            (falling edge-triggered cell FDCE clocked by wclk  {rise@0.000ns fall@15.000ns period=30.000ns})
  Destination:            wptr_bin_reg[3]/D
                            (falling edge-triggered cell FDCE clocked by wclk  {rise@0.000ns fall@15.000ns period=30.000ns})
  Path Group:             wclk
  Path Type:              Hold (Min at Fast Process Corner)
  Requirement:            0.000ns  (wclk fall@15.000ns - wclk fall@15.000ns)
  Data Path Delay:        0.505ns  (logic 0.191ns (37.790%)  route 0.314ns (62.211%))
  Logic Levels:           1  (LUT6=1)
  Clock Path Skew:        0.015ns (DCD - SCD - CPR)
    Destination Clock Delay (DCD):    1.937ns = ( 16.937 - 15.000 ) 
    Source Clock Delay      (SCD):    1.421ns = ( 16.421 - 15.000 ) 
    Clock Pessimism Removal (CPR):    0.501ns
  Clock Uncertainty:      0.100ns  ((TSJ^2 + TIJ^2)^1/2 + DJ) / 2 + PE + UU
    Total System Jitter     (TSJ):    0.000ns
    Total Input Jitter      (TIJ):    0.000ns
    Discrete Jitter          (DJ):    0.000ns
    Phase Error              (PE):    0.000ns
    User Uncertainty         (UU):    0.100ns

    Location             Delay type                Incr(ns)  Path(ns)    Netlist Resource(s)
  -------------------------------------------------------------------    -------------------
                         (clock wclk fall edge)      15.000    15.000 f  
    P18                                               0.000    15.000 f  wclk (IN)
                         net (fo=0)                   0.000    15.000    wclk
    P18                  IBUF (Prop_ibuf_I_O)         0.173    15.173 f  wclk_IBUF_inst/O
                         net (fo=1, routed)           0.634    15.807    wclk_IBUF
    BUFGCTRL_X0Y0        BUFG (Prop_bufg_I_O)         0.026    15.833 f  wclk_IBUF_BUFG_inst/O
                         net (fo=80, routed)          0.588    16.421    wclk_IBUF_BUFG
    SLICE_X4Y16          FDCE                                         r  wptr_bin_reg[0]/C  (IS_INVERTED)
  -------------------------------------------------------------------    -------------------
    SLICE_X4Y16          FDCE (Prop_fdce_C_Q)         0.146    16.567 r  wptr_bin_reg[0]/Q
                         net (fo=17, routed)          0.194    16.760    wptr_bin_reg[0]
    SLICE_X4Y15          LUT6 (Prop_lut6_I1_O)        0.045    16.805 r  wptr_bin[3]_i_1/O
                         net (fo=2, routed)           0.121    16.926    wptr_bin_next[3]
    SLICE_X4Y15          FDCE                                         r  wptr_bin_reg[3]/D
  -------------------------------------------------------------------    -------------------

                         (clock wclk fall edge)      15.000    15.000 f  
    P18                                               0.000    15.000 f  wclk (IN)
                         net (fo=0)                   0.000    15.000    wclk
    P18                  IBUF (Prop_ibuf_I_O)         0.362    15.362 f  wclk_IBUF_inst/O
                         net (fo=1, routed)           0.689    16.051    wclk_IBUF
    BUFGCTRL_X0Y0        BUFG (Prop_bufg_I_O)         0.029    16.080 f  wclk_IBUF_BUFG_inst/O
                         net (fo=80, routed)          0.858    16.937    wclk_IBUF_BUFG
    SLICE_X4Y15          FDCE                                         r  wptr_bin_reg[3]/C  (IS_INVERTED)
                         clock pessimism             -0.501    16.436    
                         clock uncertainty            0.100    16.536    
    SLICE_X4Y15          FDCE (Hold_fdce_C_D)         0.078    16.614    wptr_bin_reg[3]
  -------------------------------------------------------------------
                         required time                        -16.614    
                         arrival time                          16.926    
  -------------------------------------------------------------------
                         slack                                  0.312    





Pulse Width Checks
--------------------------------------------------------------------------------------
Clock Name:         wclk
Waveform(ns):       { 0.000 15.000 }
Period(ns):         30.000
Sources:            { wclk }

Check Type        Corner  Lib Pin  Reference Pin  Required(ns)  Actual(ns)  Slack(ns)  Location       Pin
Min Period        n/a     BUFG/I   n/a            2.155         30.000      27.845     BUFGCTRL_X0Y0  wclk_IBUF_BUFG_inst/I
Min Period        n/a     FDCE/C   n/a            1.000         30.000      29.000     SLICE_X4Y15    full_reg/C
Min Period        n/a     FDRE/C   n/a            1.000         30.000      29.000     SLICE_X2Y14    mem_reg[0][0]/C
Min Period        n/a     FDRE/C   n/a            1.000         30.000      29.000     SLICE_X2Y14    mem_reg[0][1]/C
Min Period        n/a     FDRE/C   n/a            1.000         30.000      29.000     SLICE_X2Y14    mem_reg[0][2]/C
Min Period        n/a     FDRE/C   n/a            1.000         30.000      29.000     SLICE_X2Y14    mem_reg[0][3]/C
Min Period        n/a     FDRE/C   n/a            1.000         30.000      29.000     SLICE_X2Y14    mem_reg[0][4]/C
Min Period        n/a     FDRE/C   n/a            1.000         30.000      29.000     SLICE_X2Y14    mem_reg[0][5]/C
Min Period        n/a     FDRE/C   n/a            1.000         30.000      29.000     SLICE_X2Y14    mem_reg[0][6]/C
Min Period        n/a     FDRE/C   n/a            1.000         30.000      29.000     SLICE_X2Y14    mem_reg[0][7]/C
Low Pulse Width   Slow    FDCE/C   n/a            0.500         15.000      14.500     SLICE_X4Y15    full_reg/C
Low Pulse Width   Fast    FDCE/C   n/a            0.500         15.000      14.500     SLICE_X4Y15    full_reg/C
Low Pulse Width   Slow    FDRE/C   n/a            0.500         15.000      14.500     SLICE_X2Y14    mem_reg[0][0]/C
Low Pulse Width   Fast    FDRE/C   n/a            0.500         15.000      14.500     SLICE_X2Y14    mem_reg[0][0]/C
Low Pulse Width   Slow    FDRE/C   n/a            0.500         15.000      14.500     SLICE_X2Y14    mem_reg[0][1]/C
Low Pulse Width   Fast    FDRE/C   n/a            0.500         15.000      14.500     SLICE_X2Y14    mem_reg[0][1]/C
Low Pulse Width   Slow    FDRE/C   n/a            0.500         15.000      14.500     SLICE_X2Y14    mem_reg[0][2]/C
Low Pulse Width   Fast    FDRE/C   n/a            0.500         15.000      14.500     SLICE_X2Y14    mem_reg[0][2]/C
Low Pulse Width   Slow    FDRE/C   n/a            0.500         15.000      14.500     SLICE_X2Y14    mem_reg[0][3]/C
Low Pulse Width   Fast    FDRE/C   n/a            0.500         15.000      14.500     SLICE_X2Y14    mem_reg[0][3]/C
High Pulse Width  Slow    FDCE/C   n/a            0.500         15.000      14.500     SLICE_X4Y15    full_reg/C
High Pulse Width  Fast    FDCE/C   n/a            0.500         15.000      14.500     SLICE_X4Y15    full_reg/C
High Pulse Width  Slow    FDRE/C   n/a            0.500         15.000      14.500     SLICE_X2Y14    mem_reg[0][0]/C
High Pulse Width  Fast    FDRE/C   n/a            0.500         15.000      14.500     SLICE_X2Y14    mem_reg[0][0]/C
High Pulse Width  Slow    FDRE/C   n/a            0.500         15.000      14.500     SLICE_X2Y14    mem_reg[0][1]/C
High Pulse Width  Fast    FDRE/C   n/a            0.500         15.000      14.500     SLICE_X2Y14    mem_reg[0][1]/C
High Pulse Width  Slow    FDRE/C   n/a            0.500         15.000      14.500     SLICE_X2Y14    mem_reg[0][2]/C
High Pulse Width  Fast    FDRE/C   n/a            0.500         15.000      14.500     SLICE_X2Y14    mem_reg[0][2]/C
High Pulse Width  Slow    FDRE/C   n/a            0.500         15.000      14.500     SLICE_X2Y14    mem_reg[0][3]/C
High Pulse Width  Fast    FDRE/C   n/a            0.500         15.000      14.500     SLICE_X2Y14    mem_reg[0][3]/C



---------------------------------------------------------------------------------------------------
Path Group:  **async_default**
From Clock:  rclk
  To Clock:  rclk

Setup :            0  Failing Endpoints,  Worst Slack       16.023ns,  Total Violation        0.000ns
Hold  :            0  Failing Endpoints,  Worst Slack       20.095ns,  Total Violation        0.000ns
---------------------------------------------------------------------------------------------------


Max Delay Paths
--------------------------------------------------------------------------------------
Slack (MET) :             16.023ns  (required time - arrival time)
  Source:                 rrst_n
                            (input port clocked by rclk  {rise@0.000ns fall@20.000ns period=40.000ns})
  Destination:            rptr_gray_reg[0]/CLR
                            (recovery check against rising-edge clock rclk  {rise@0.000ns fall@20.000ns period=40.000ns})
  Path Group:             **async_default**
  Path Type:              Recovery (Max at Fast Process Corner)
  Requirement:            20.000ns  (rclk fall@20.000ns - rclk rise@0.000ns)
  Data Path Delay:        1.909ns  (logic 0.413ns (21.628%)  route 1.496ns (78.372%))
  Logic Levels:           2  (IBUF=1 LUT1=1)
  Input Delay:            3.000ns
  Clock Path Skew:        1.416ns (DCD - SCD + CPR)
    Destination Clock Delay (DCD):    1.416ns = ( 21.416 - 20.000 ) 
    Source Clock Delay      (SCD):    0.000ns
    Clock Pessimism Removal (CPR):    0.000ns
  Clock Uncertainty:      0.335ns  ((TSJ^2 + TIJ^2)^1/2 + DJ) / 2 + PE + UU
    Total System Jitter     (TSJ):    0.071ns
    Total Input Jitter      (TIJ):    0.000ns
    Discrete Jitter          (DJ):    0.000ns
    Phase Error              (PE):    0.000ns
    User Uncertainty         (UU):    0.300ns

    Location             Delay type                Incr(ns)  Path(ns)    Netlist Resource(s)
  -------------------------------------------------------------------    -------------------
                         (clock rclk rise edge)       0.000     0.000 r  
                         input delay                  3.000     3.000    
    V19                                               0.000     3.000 r  rrst_n (IN)
                         net (fo=0)                   0.000     3.000    rrst_n
    V19                  IBUF (Prop_ibuf_I_O)         0.357     3.357 r  rrst_n_IBUF_inst/O
                         net (fo=1, routed)           0.575     3.932    rrst_n_IBUF
    SLICE_X0Y16          LUT1 (Prop_lut1_I0_O)        0.056     3.988 f  rptr_gray[2]_i_2/O
                         net (fo=24, routed)          0.921     4.909    rptr_gray[2]_i_2_n_0
    SLICE_X5Y15          FDCE                                         f  rptr_gray_reg[0]/CLR
  -------------------------------------------------------------------    -------------------

                         (clock rclk fall edge)      20.000    20.000 f  
    M18                                               0.000    20.000 f  rclk (IN)
                         net (fo=0)                   0.000    20.000    rclk
    M18                  IBUF (Prop_ibuf_I_O)         0.167    20.167 f  rclk_IBUF_inst/O
                         net (fo=1, routed)           0.634    20.801    rclk_IBUF
    BUFGCTRL_X0Y1        BUFG (Prop_bufg_I_O)         0.026    20.827 f  rclk_IBUF_BUFG_inst/O
                         net (fo=24, routed)          0.589    21.416    rclk_IBUF_BUFG
    SLICE_X5Y15          FDCE                                         r  rptr_gray_reg[0]/C  (IS_INVERTED)
                         clock pessimism              0.000    21.416    
                         clock uncertainty           -0.335    21.080    
    SLICE_X5Y15          FDCE (Recov_fdce_C_CLR)     -0.148    20.932    rptr_gray_reg[0]
  -------------------------------------------------------------------
                         required time                         20.932    
                         arrival time                          -4.909    
  -------------------------------------------------------------------
                         slack                                 16.023    

Slack (MET) :             16.023ns  (required time - arrival time)
  Source:                 rrst_n
                            (input port clocked by rclk  {rise@0.000ns fall@20.000ns period=40.000ns})
  Destination:            wptr_gray_sync1_reg[0]/CLR
                            (recovery check against rising-edge clock rclk  {rise@0.000ns fall@20.000ns period=40.000ns})
  Path Group:             **async_default**
  Path Type:              Recovery (Max at Fast Process Corner)
  Requirement:            20.000ns  (rclk fall@20.000ns - rclk rise@0.000ns)
  Data Path Delay:        1.909ns  (logic 0.413ns (21.628%)  route 1.496ns (78.372%))
  Logic Levels:           2  (IBUF=1 LUT1=1)
  Input Delay:            3.000ns
  Clock Path Skew:        1.416ns (DCD - SCD + CPR)
    Destination Clock Delay (DCD):    1.416ns = ( 21.416 - 20.000 ) 
    Source Clock Delay      (SCD):    0.000ns
    Clock Pessimism Removal (CPR):    0.000ns
  Clock Uncertainty:      0.335ns  ((TSJ^2 + TIJ^2)^1/2 + DJ) / 2 + PE + UU
    Total System Jitter     (TSJ):    0.071ns
    Total Input Jitter      (TIJ):    0.000ns
    Discrete Jitter          (DJ):    0.000ns
    Phase Error              (PE):    0.000ns
    User Uncertainty         (UU):    0.300ns

    Location             Delay type                Incr(ns)  Path(ns)    Netlist Resource(s)
  -------------------------------------------------------------------    -------------------
                         (clock rclk rise edge)       0.000     0.000 r  
                         input delay                  3.000     3.000    
    V19                                               0.000     3.000 r  rrst_n (IN)
                         net (fo=0)                   0.000     3.000    rrst_n
    V19                  IBUF (Prop_ibuf_I_O)         0.357     3.357 r  rrst_n_IBUF_inst/O
                         net (fo=1, routed)           0.575     3.932    rrst_n_IBUF
    SLICE_X0Y16          LUT1 (Prop_lut1_I0_O)        0.056     3.988 f  rptr_gray[2]_i_2/O
                         net (fo=24, routed)          0.921     4.909    rptr_gray[2]_i_2_n_0
    SLICE_X5Y15          FDCE                                         f  wptr_gray_sync1_reg[0]/CLR
  -------------------------------------------------------------------    -------------------

                         (clock rclk fall edge)      20.000    20.000 f  
    M18                                               0.000    20.000 f  rclk (IN)
                         net (fo=0)                   0.000    20.000    rclk
    M18                  IBUF (Prop_ibuf_I_O)         0.167    20.167 f  rclk_IBUF_inst/O
                         net (fo=1, routed)           0.634    20.801    rclk_IBUF
    BUFGCTRL_X0Y1        BUFG (Prop_bufg_I_O)         0.026    20.827 f  rclk_IBUF_BUFG_inst/O
                         net (fo=24, routed)          0.589    21.416    rclk_IBUF_BUFG
    SLICE_X5Y15          FDCE                                         r  wptr_gray_sync1_reg[0]/C  (IS_INVERTED)
                         clock pessimism              0.000    21.416    
                         clock uncertainty           -0.335    21.080    
    SLICE_X5Y15          FDCE (Recov_fdce_C_CLR)     -0.148    20.932    wptr_gray_sync1_reg[0]
  -------------------------------------------------------------------
                         required time                         20.932    
                         arrival time                          -4.909    
  -------------------------------------------------------------------
                         slack                                 16.023    

Slack (MET) :             16.023ns  (required time - arrival time)
  Source:                 rrst_n
                            (input port clocked by rclk  {rise@0.000ns fall@20.000ns period=40.000ns})
  Destination:            wptr_gray_sync1_reg[1]/CLR
                            (recovery check against rising-edge clock rclk  {rise@0.000ns fall@20.000ns period=40.000ns})
  Path Group:             **async_default**
  Path Type:              Recovery (Max at Fast Process Corner)
  Requirement:            20.000ns  (rclk fall@20.000ns - rclk rise@0.000ns)
  Data Path Delay:        1.909ns  (logic 0.413ns (21.628%)  route 1.496ns (78.372%))
  Logic Levels:           2  (IBUF=1 LUT1=1)
  Input Delay:            3.000ns
  Clock Path Skew:        1.416ns (DCD - SCD + CPR)
    Destination Clock Delay (DCD):    1.416ns = ( 21.416 - 20.000 ) 
    Source Clock Delay      (SCD):    0.000ns
    Clock Pessimism Removal (CPR):    0.000ns
  Clock Uncertainty:      0.335ns  ((TSJ^2 + TIJ^2)^1/2 + DJ) / 2 + PE + UU
    Total System Jitter     (TSJ):    0.071ns
    Total Input Jitter      (TIJ):    0.000ns
    Discrete Jitter          (DJ):    0.000ns
    Phase Error              (PE):    0.000ns
    User Uncertainty         (UU):    0.300ns

    Location             Delay type                Incr(ns)  Path(ns)    Netlist Resource(s)
  -------------------------------------------------------------------    -------------------
                         (clock rclk rise edge)       0.000     0.000 r  
                         input delay                  3.000     3.000    
    V19                                               0.000     3.000 r  rrst_n (IN)
                         net (fo=0)                   0.000     3.000    rrst_n
    V19                  IBUF (Prop_ibuf_I_O)         0.357     3.357 r  rrst_n_IBUF_inst/O
                         net (fo=1, routed)           0.575     3.932    rrst_n_IBUF
    SLICE_X0Y16          LUT1 (Prop_lut1_I0_O)        0.056     3.988 f  rptr_gray[2]_i_2/O
                         net (fo=24, routed)          0.921     4.909    rptr_gray[2]_i_2_n_0
    SLICE_X5Y15          FDCE                                         f  wptr_gray_sync1_reg[1]/CLR
  -------------------------------------------------------------------    -------------------

                         (clock rclk fall edge)      20.000    20.000 f  
    M18                                               0.000    20.000 f  rclk (IN)
                         net (fo=0)                   0.000    20.000    rclk
    M18                  IBUF (Prop_ibuf_I_O)         0.167    20.167 f  rclk_IBUF_inst/O
                         net (fo=1, routed)           0.634    20.801    rclk_IBUF
    BUFGCTRL_X0Y1        BUFG (Prop_bufg_I_O)         0.026    20.827 f  rclk_IBUF_BUFG_inst/O
                         net (fo=24, routed)          0.589    21.416    rclk_IBUF_BUFG
    SLICE_X5Y15          FDCE                                         r  wptr_gray_sync1_reg[1]/C  (IS_INVERTED)
                         clock pessimism              0.000    21.416    
                         clock uncertainty           -0.335    21.080    
    SLICE_X5Y15          FDCE (Recov_fdce_C_CLR)     -0.148    20.932    wptr_gray_sync1_reg[1]
  -------------------------------------------------------------------
                         required time                         20.932    
                         arrival time                          -4.909    
  -------------------------------------------------------------------
                         slack                                 16.023    

Slack (MET) :             16.023ns  (required time - arrival time)
  Source:                 rrst_n
                            (input port clocked by rclk  {rise@0.000ns fall@20.000ns period=40.000ns})
  Destination:            wptr_gray_sync2_reg[0]/CLR
                            (recovery check against rising-edge clock rclk  {rise@0.000ns fall@20.000ns period=40.000ns})
  Path Group:             **async_default**
  Path Type:              Recovery (Max at Fast Process Corner)
  Requirement:            20.000ns  (rclk fall@20.000ns - rclk rise@0.000ns)
  Data Path Delay:        1.909ns  (logic 0.413ns (21.628%)  route 1.496ns (78.372%))
  Logic Levels:           2  (IBUF=1 LUT1=1)
  Input Delay:            3.000ns
  Clock Path Skew:        1.416ns (DCD - SCD + CPR)
    Destination Clock Delay (DCD):    1.416ns = ( 21.416 - 20.000 ) 
    Source Clock Delay      (SCD):    0.000ns
    Clock Pessimism Removal (CPR):    0.000ns
  Clock Uncertainty:      0.335ns  ((TSJ^2 + TIJ^2)^1/2 + DJ) / 2 + PE + UU
    Total System Jitter     (TSJ):    0.071ns
    Total Input Jitter      (TIJ):    0.000ns
    Discrete Jitter          (DJ):    0.000ns
    Phase Error              (PE):    0.000ns
    User Uncertainty         (UU):    0.300ns

    Location             Delay type                Incr(ns)  Path(ns)    Netlist Resource(s)
  -------------------------------------------------------------------    -------------------
                         (clock rclk rise edge)       0.000     0.000 r  
                         input delay                  3.000     3.000    
    V19                                               0.000     3.000 r  rrst_n (IN)
                         net (fo=0)                   0.000     3.000    rrst_n
    V19                  IBUF (Prop_ibuf_I_O)         0.357     3.357 r  rrst_n_IBUF_inst/O
                         net (fo=1, routed)           0.575     3.932    rrst_n_IBUF
    SLICE_X0Y16          LUT1 (Prop_lut1_I0_O)        0.056     3.988 f  rptr_gray[2]_i_2/O
                         net (fo=24, routed)          0.921     4.909    rptr_gray[2]_i_2_n_0
    SLICE_X5Y15          FDCE                                         f  wptr_gray_sync2_reg[0]/CLR
  -------------------------------------------------------------------    -------------------

                         (clock rclk fall edge)      20.000    20.000 f  
    M18                                               0.000    20.000 f  rclk (IN)
                         net (fo=0)                   0.000    20.000    rclk
    M18                  IBUF (Prop_ibuf_I_O)         0.167    20.167 f  rclk_IBUF_inst/O
                         net (fo=1, routed)           0.634    20.801    rclk_IBUF
    BUFGCTRL_X0Y1        BUFG (Prop_bufg_I_O)         0.026    20.827 f  rclk_IBUF_BUFG_inst/O
                         net (fo=24, routed)          0.589    21.416    rclk_IBUF_BUFG
    SLICE_X5Y15          FDCE                                         r  wptr_gray_sync2_reg[0]/C  (IS_INVERTED)
                         clock pessimism              0.000    21.416    
                         clock uncertainty           -0.335    21.080    
    SLICE_X5Y15          FDCE (Recov_fdce_C_CLR)     -0.148    20.932    wptr_gray_sync2_reg[0]
  -------------------------------------------------------------------
                         required time                         20.932    
                         arrival time                          -4.909    
  -------------------------------------------------------------------
                         slack                                 16.023    

Slack (MET) :             16.023ns  (required time - arrival time)
  Source:                 rrst_n
                            (input port clocked by rclk  {rise@0.000ns fall@20.000ns period=40.000ns})
  Destination:            wptr_gray_sync2_reg[1]/CLR
                            (recovery check against rising-edge clock rclk  {rise@0.000ns fall@20.000ns period=40.000ns})
  Path Group:             **async_default**
  Path Type:              Recovery (Max at Fast Process Corner)
  Requirement:            20.000ns  (rclk fall@20.000ns - rclk rise@0.000ns)
  Data Path Delay:        1.909ns  (logic 0.413ns (21.628%)  route 1.496ns (78.372%))
  Logic Levels:           2  (IBUF=1 LUT1=1)
  Input Delay:            3.000ns
  Clock Path Skew:        1.416ns (DCD - SCD + CPR)
    Destination Clock Delay (DCD):    1.416ns = ( 21.416 - 20.000 ) 
    Source Clock Delay      (SCD):    0.000ns
    Clock Pessimism Removal (CPR):    0.000ns
  Clock Uncertainty:      0.335ns  ((TSJ^2 + TIJ^2)^1/2 + DJ) / 2 + PE + UU
    Total System Jitter     (TSJ):    0.071ns
    Total Input Jitter      (TIJ):    0.000ns
    Discrete Jitter          (DJ):    0.000ns
    Phase Error              (PE):    0.000ns
    User Uncertainty         (UU):    0.300ns

    Location             Delay type                Incr(ns)  Path(ns)    Netlist Resource(s)
  -------------------------------------------------------------------    -------------------
                         (clock rclk rise edge)       0.000     0.000 r  
                         input delay                  3.000     3.000    
    V19                                               0.000     3.000 r  rrst_n (IN)
                         net (fo=0)                   0.000     3.000    rrst_n
    V19                  IBUF (Prop_ibuf_I_O)         0.357     3.357 r  rrst_n_IBUF_inst/O
                         net (fo=1, routed)           0.575     3.932    rrst_n_IBUF
    SLICE_X0Y16          LUT1 (Prop_lut1_I0_O)        0.056     3.988 f  rptr_gray[2]_i_2/O
                         net (fo=24, routed)          0.921     4.909    rptr_gray[2]_i_2_n_0
    SLICE_X5Y15          FDCE                                         f  wptr_gray_sync2_reg[1]/CLR
  -------------------------------------------------------------------    -------------------

                         (clock rclk fall edge)      20.000    20.000 f  
    M18                                               0.000    20.000 f  rclk (IN)
                         net (fo=0)                   0.000    20.000    rclk
    M18                  IBUF (Prop_ibuf_I_O)         0.167    20.167 f  rclk_IBUF_inst/O
                         net (fo=1, routed)           0.634    20.801    rclk_IBUF
    BUFGCTRL_X0Y1        BUFG (Prop_bufg_I_O)         0.026    20.827 f  rclk_IBUF_BUFG_inst/O
                         net (fo=24, routed)          0.589    21.416    rclk_IBUF_BUFG
    SLICE_X5Y15          FDCE                                         r  wptr_gray_sync2_reg[1]/C  (IS_INVERTED)
                         clock pessimism              0.000    21.416    
                         clock uncertainty           -0.335    21.080    
    SLICE_X5Y15          FDCE (Recov_fdce_C_CLR)     -0.148    20.932    wptr_gray_sync2_reg[1]
  -------------------------------------------------------------------
                         required time                         20.932    
                         arrival time                          -4.909    
  -------------------------------------------------------------------
                         slack                                 16.023    

Slack (MET) :             16.203ns  (required time - arrival time)
  Source:                 rrst_n
                            (input port clocked by rclk  {rise@0.000ns fall@20.000ns period=40.000ns})
  Destination:            wptr_gray_sync1_reg[3]/CLR
                            (recovery check against rising-edge clock rclk  {rise@0.000ns fall@20.000ns period=40.000ns})
  Path Group:             **async_default**
  Path Type:              Recovery (Max at Fast Process Corner)
  Requirement:            20.000ns  (rclk fall@20.000ns - rclk rise@0.000ns)
  Data Path Delay:        1.730ns  (logic 0.413ns (23.868%)  route 1.317ns (76.132%))
  Logic Levels:           2  (IBUF=1 LUT1=1)
  Input Delay:            3.000ns
  Clock Path Skew:        1.416ns (DCD - SCD + CPR)
    Destination Clock Delay (DCD):    1.416ns = ( 21.416 - 20.000 ) 
    Source Clock Delay      (SCD):    0.000ns
    Clock Pessimism Removal (CPR):    0.000ns
  Clock Uncertainty:      0.335ns  ((TSJ^2 + TIJ^2)^1/2 + DJ) / 2 + PE + UU
    Total System Jitter     (TSJ):    0.071ns
    Total Input Jitter      (TIJ):    0.000ns
    Discrete Jitter          (DJ):    0.000ns
    Phase Error              (PE):    0.000ns
    User Uncertainty         (UU):    0.300ns

    Location             Delay type                Incr(ns)  Path(ns)    Netlist Resource(s)
  -------------------------------------------------------------------    -------------------
                         (clock rclk rise edge)       0.000     0.000 r  
                         input delay                  3.000     3.000    
    V19                                               0.000     3.000 r  rrst_n (IN)
                         net (fo=0)                   0.000     3.000    rrst_n
    V19                  IBUF (Prop_ibuf_I_O)         0.357     3.357 r  rrst_n_IBUF_inst/O
                         net (fo=1, routed)           0.575     3.932    rrst_n_IBUF
    SLICE_X0Y16          LUT1 (Prop_lut1_I0_O)        0.056     3.988 f  rptr_gray[2]_i_2/O
                         net (fo=24, routed)          0.742     4.730    rptr_gray[2]_i_2_n_0
    SLICE_X7Y13          FDCE                                         f  wptr_gray_sync1_reg[3]/CLR
  -------------------------------------------------------------------    -------------------

                         (clock rclk fall edge)      20.000    20.000 f  
    M18                                               0.000    20.000 f  rclk (IN)
                         net (fo=0)                   0.000    20.000    rclk
    M18                  IBUF (Prop_ibuf_I_O)         0.167    20.167 f  rclk_IBUF_inst/O
                         net (fo=1, routed)           0.634    20.801    rclk_IBUF
    BUFGCTRL_X0Y1        BUFG (Prop_bufg_I_O)         0.026    20.827 f  rclk_IBUF_BUFG_inst/O
                         net (fo=24, routed)          0.589    21.416    rclk_IBUF_BUFG
    SLICE_X7Y13          FDCE                                         r  wptr_gray_sync1_reg[3]/C  (IS_INVERTED)
                         clock pessimism              0.000    21.416    
                         clock uncertainty           -0.335    21.080    
    SLICE_X7Y13          FDCE (Recov_fdce_C_CLR)     -0.148    20.932    wptr_gray_sync1_reg[3]
  -------------------------------------------------------------------
                         required time                         20.932    
                         arrival time                          -4.730    
  -------------------------------------------------------------------
                         slack                                 16.203    

Slack (MET) :             16.203ns  (required time - arrival time)
  Source:                 rrst_n
                            (input port clocked by rclk  {rise@0.000ns fall@20.000ns period=40.000ns})
  Destination:            wptr_gray_sync2_reg[3]/CLR
                            (recovery check against rising-edge clock rclk  {rise@0.000ns fall@20.000ns period=40.000ns})
  Path Group:             **async_default**
  Path Type:              Recovery (Max at Fast Process Corner)
  Requirement:            20.000ns  (rclk fall@20.000ns - rclk rise@0.000ns)
  Data Path Delay:        1.730ns  (logic 0.413ns (23.868%)  route 1.317ns (76.132%))
  Logic Levels:           2  (IBUF=1 LUT1=1)
  Input Delay:            3.000ns
  Clock Path Skew:        1.416ns (DCD - SCD + CPR)
    Destination Clock Delay (DCD):    1.416ns = ( 21.416 - 20.000 ) 
    Source Clock Delay      (SCD):    0.000ns
    Clock Pessimism Removal (CPR):    0.000ns
  Clock Uncertainty:      0.335ns  ((TSJ^2 + TIJ^2)^1/2 + DJ) / 2 + PE + UU
    Total System Jitter     (TSJ):    0.071ns
    Total Input Jitter      (TIJ):    0.000ns
    Discrete Jitter          (DJ):    0.000ns
    Phase Error              (PE):    0.000ns
    User Uncertainty         (UU):    0.300ns

    Location             Delay type                Incr(ns)  Path(ns)    Netlist Resource(s)
  -------------------------------------------------------------------    -------------------
                         (clock rclk rise edge)       0.000     0.000 r  
                         input delay                  3.000     3.000    
    V19                                               0.000     3.000 r  rrst_n (IN)
                         net (fo=0)                   0.000     3.000    rrst_n
    V19                  IBUF (Prop_ibuf_I_O)         0.357     3.357 r  rrst_n_IBUF_inst/O
                         net (fo=1, routed)           0.575     3.932    rrst_n_IBUF
    SLICE_X0Y16          LUT1 (Prop_lut1_I0_O)        0.056     3.988 f  rptr_gray[2]_i_2/O
                         net (fo=24, routed)          0.742     4.730    rptr_gray[2]_i_2_n_0
    SLICE_X7Y13          FDCE                                         f  wptr_gray_sync2_reg[3]/CLR
  -------------------------------------------------------------------    -------------------

                         (clock rclk fall edge)      20.000    20.000 f  
    M18                                               0.000    20.000 f  rclk (IN)
                         net (fo=0)                   0.000    20.000    rclk
    M18                  IBUF (Prop_ibuf_I_O)         0.167    20.167 f  rclk_IBUF_inst/O
                         net (fo=1, routed)           0.634    20.801    rclk_IBUF
    BUFGCTRL_X0Y1        BUFG (Prop_bufg_I_O)         0.026    20.827 f  rclk_IBUF_BUFG_inst/O
                         net (fo=24, routed)          0.589    21.416    rclk_IBUF_BUFG
    SLICE_X7Y13          FDCE                                         r  wptr_gray_sync2_reg[3]/C  (IS_INVERTED)
                         clock pessimism              0.000    21.416    
                         clock uncertainty           -0.335    21.080    
    SLICE_X7Y13          FDCE (Recov_fdce_C_CLR)     -0.148    20.932    wptr_gray_sync2_reg[3]
  -------------------------------------------------------------------
                         required time                         20.932    
                         arrival time                          -4.730    
  -------------------------------------------------------------------
                         slack                                 16.203    

Slack (MET) :             16.211ns  (required time - arrival time)
  Source:                 rrst_n
                            (input port clocked by rclk  {rise@0.000ns fall@20.000ns period=40.000ns})
  Destination:            rdata_reg[4]/CLR
                            (recovery check against rising-edge clock rclk  {rise@0.000ns fall@20.000ns period=40.000ns})
  Path Group:             **async_default**
  Path Type:              Recovery (Max at Fast Process Corner)
  Requirement:            20.000ns  (rclk fall@20.000ns - rclk rise@0.000ns)
  Data Path Delay:        1.723ns  (logic 0.413ns (23.960%)  route 1.310ns (76.040%))
  Logic Levels:           2  (IBUF=1 LUT1=1)
  Input Delay:            3.000ns
  Clock Path Skew:        1.418ns (DCD - SCD + CPR)
    Destination Clock Delay (DCD):    1.418ns = ( 21.418 - 20.000 ) 
    Source Clock Delay      (SCD):    0.000ns
    Clock Pessimism Removal (CPR):    0.000ns
  Clock Uncertainty:      0.335ns  ((TSJ^2 + TIJ^2)^1/2 + DJ) / 2 + PE + UU
    Total System Jitter     (TSJ):    0.071ns
    Total Input Jitter      (TIJ):    0.000ns
    Discrete Jitter          (DJ):    0.000ns
    Phase Error              (PE):    0.000ns
    User Uncertainty         (UU):    0.300ns

    Location             Delay type                Incr(ns)  Path(ns)    Netlist Resource(s)
  -------------------------------------------------------------------    -------------------
                         (clock rclk rise edge)       0.000     0.000 r  
                         input delay                  3.000     3.000    
    V19                                               0.000     3.000 r  rrst_n (IN)
                         net (fo=0)                   0.000     3.000    rrst_n
    V19                  IBUF (Prop_ibuf_I_O)         0.357     3.357 r  rrst_n_IBUF_inst/O
                         net (fo=1, routed)           0.575     3.932    rrst_n_IBUF
    SLICE_X0Y16          LUT1 (Prop_lut1_I0_O)        0.056     3.988 f  rptr_gray[2]_i_2/O
                         net (fo=24, routed)          0.736     4.723    rptr_gray[2]_i_2_n_0
    SLICE_X3Y14          FDCE                                         f  rdata_reg[4]/CLR
  -------------------------------------------------------------------    -------------------

                         (clock rclk fall edge)      20.000    20.000 f  
    M18                                               0.000    20.000 f  rclk (IN)
                         net (fo=0)                   0.000    20.000    rclk
    M18                  IBUF (Prop_ibuf_I_O)         0.167    20.167 f  rclk_IBUF_inst/O
                         net (fo=1, routed)           0.634    20.801    rclk_IBUF
    BUFGCTRL_X0Y1        BUFG (Prop_bufg_I_O)         0.026    20.827 f  rclk_IBUF_BUFG_inst/O
                         net (fo=24, routed)          0.591    21.418    rclk_IBUF_BUFG
    SLICE_X3Y14          FDCE                                         r  rdata_reg[4]/C  (IS_INVERTED)
                         clock pessimism              0.000    21.418    
                         clock uncertainty           -0.335    21.082    
    SLICE_X3Y14          FDCE (Recov_fdce_C_CLR)     -0.148    20.934    rdata_reg[4]
  -------------------------------------------------------------------
                         required time                         20.934    
                         arrival time                          -4.723    
  -------------------------------------------------------------------
                         slack                                 16.211    

Slack (MET) :             16.211ns  (required time - arrival time)
  Source:                 rrst_n
                            (input port clocked by rclk  {rise@0.000ns fall@20.000ns period=40.000ns})
  Destination:            rdata_reg[7]/CLR
                            (recovery check against rising-edge clock rclk  {rise@0.000ns fall@20.000ns period=40.000ns})
  Path Group:             **async_default**
  Path Type:              Recovery (Max at Fast Process Corner)
  Requirement:            20.000ns  (rclk fall@20.000ns - rclk rise@0.000ns)
  Data Path Delay:        1.723ns  (logic 0.413ns (23.960%)  route 1.310ns (76.040%))
  Logic Levels:           2  (IBUF=1 LUT1=1)
  Input Delay:            3.000ns
  Clock Path Skew:        1.418ns (DCD - SCD + CPR)
    Destination Clock Delay (DCD):    1.418ns = ( 21.418 - 20.000 ) 
    Source Clock Delay      (SCD):    0.000ns
    Clock Pessimism Removal (CPR):    0.000ns
  Clock Uncertainty:      0.335ns  ((TSJ^2 + TIJ^2)^1/2 + DJ) / 2 + PE + UU
    Total System Jitter     (TSJ):    0.071ns
    Total Input Jitter      (TIJ):    0.000ns
    Discrete Jitter          (DJ):    0.000ns
    Phase Error              (PE):    0.000ns
    User Uncertainty         (UU):    0.300ns

    Location             Delay type                Incr(ns)  Path(ns)    Netlist Resource(s)
  -------------------------------------------------------------------    -------------------
                         (clock rclk rise edge)       0.000     0.000 r  
                         input delay                  3.000     3.000    
    V19                                               0.000     3.000 r  rrst_n (IN)
                         net (fo=0)                   0.000     3.000    rrst_n
    V19                  IBUF (Prop_ibuf_I_O)         0.357     3.357 r  rrst_n_IBUF_inst/O
                         net (fo=1, routed)           0.575     3.932    rrst_n_IBUF
    SLICE_X0Y16          LUT1 (Prop_lut1_I0_O)        0.056     3.988 f  rptr_gray[2]_i_2/O
                         net (fo=24, routed)          0.736     4.723    rptr_gray[2]_i_2_n_0
    SLICE_X3Y14          FDCE                                         f  rdata_reg[7]/CLR
  -------------------------------------------------------------------    -------------------

                         (clock rclk fall edge)      20.000    20.000 f  
    M18                                               0.000    20.000 f  rclk (IN)
                         net (fo=0)                   0.000    20.000    rclk
    M18                  IBUF (Prop_ibuf_I_O)         0.167    20.167 f  rclk_IBUF_inst/O
                         net (fo=1, routed)           0.634    20.801    rclk_IBUF
    BUFGCTRL_X0Y1        BUFG (Prop_bufg_I_O)         0.026    20.827 f  rclk_IBUF_BUFG_inst/O
                         net (fo=24, routed)          0.591    21.418    rclk_IBUF_BUFG
    SLICE_X3Y14          FDCE                                         r  rdata_reg[7]/C  (IS_INVERTED)
                         clock pessimism              0.000    21.418    
                         clock uncertainty           -0.335    21.082    
    SLICE_X3Y14          FDCE (Recov_fdce_C_CLR)     -0.148    20.934    rdata_reg[7]
  -------------------------------------------------------------------
                         required time                         20.934    
                         arrival time                          -4.723    
  -------------------------------------------------------------------
                         slack                                 16.211    

Slack (MET) :             16.275ns  (required time - arrival time)
  Source:                 rrst_n
                            (input port clocked by rclk  {rise@0.000ns fall@20.000ns period=40.000ns})
  Destination:            rdata_reg[3]/CLR
                            (recovery check against rising-edge clock rclk  {rise@0.000ns fall@20.000ns period=40.000ns})
  Path Group:             **async_default**
  Path Type:              Recovery (Max at Fast Process Corner)
  Requirement:            20.000ns  (rclk fall@20.000ns - rclk rise@0.000ns)
  Data Path Delay:        1.660ns  (logic 0.413ns (24.876%)  route 1.247ns (75.124%))
  Logic Levels:           2  (IBUF=1 LUT1=1)
  Input Delay:            3.000ns
  Clock Path Skew:        1.418ns (DCD - SCD + CPR)
    Destination Clock Delay (DCD):    1.418ns = ( 21.418 - 20.000 ) 
    Source Clock Delay      (SCD):    0.000ns
    Clock Pessimism Removal (CPR):    0.000ns
  Clock Uncertainty:      0.335ns  ((TSJ^2 + TIJ^2)^1/2 + DJ) / 2 + PE + UU
    Total System Jitter     (TSJ):    0.071ns
    Total Input Jitter      (TIJ):    0.000ns
    Discrete Jitter          (DJ):    0.000ns
    Phase Error              (PE):    0.000ns
    User Uncertainty         (UU):    0.300ns

    Location             Delay type                Incr(ns)  Path(ns)    Netlist Resource(s)
  -------------------------------------------------------------------    -------------------
                         (clock rclk rise edge)       0.000     0.000 r  
                         input delay                  3.000     3.000    
    V19                                               0.000     3.000 r  rrst_n (IN)
                         net (fo=0)                   0.000     3.000    rrst_n
    V19                  IBUF (Prop_ibuf_I_O)         0.357     3.357 r  rrst_n_IBUF_inst/O
                         net (fo=1, routed)           0.575     3.932    rrst_n_IBUF
    SLICE_X0Y16          LUT1 (Prop_lut1_I0_O)        0.056     3.988 f  rptr_gray[2]_i_2/O
                         net (fo=24, routed)          0.672     4.660    rptr_gray[2]_i_2_n_0
    SLICE_X3Y13          FDCE                                         f  rdata_reg[3]/CLR
  -------------------------------------------------------------------    -------------------

                         (clock rclk fall edge)      20.000    20.000 f  
    M18                                               0.000    20.000 f  rclk (IN)
                         net (fo=0)                   0.000    20.000    rclk
    M18                  IBUF (Prop_ibuf_I_O)         0.167    20.167 f  rclk_IBUF_inst/O
                         net (fo=1, routed)           0.634    20.801    rclk_IBUF
    BUFGCTRL_X0Y1        BUFG (Prop_bufg_I_O)         0.026    20.827 f  rclk_IBUF_BUFG_inst/O
                         net (fo=24, routed)          0.591    21.418    rclk_IBUF_BUFG
    SLICE_X3Y13          FDCE                                         r  rdata_reg[3]/C  (IS_INVERTED)
                         clock pessimism              0.000    21.418    
                         clock uncertainty           -0.335    21.082    
    SLICE_X3Y13          FDCE (Recov_fdce_C_CLR)     -0.148    20.934    rdata_reg[3]
  -------------------------------------------------------------------
                         required time                         20.934    
                         arrival time                          -4.660    
  -------------------------------------------------------------------
                         slack                                 16.275    





Min Delay Paths
--------------------------------------------------------------------------------------
Slack (MET) :             20.095ns  (arrival time - required time)
  Source:                 rrst_n
                            (input port clocked by rclk  {rise@0.000ns fall@20.000ns period=40.000ns})
  Destination:            rptr_bin_reg[0]/CLR
                            (removal check against rising-edge clock rclk  {rise@0.000ns fall@20.000ns period=40.000ns})
  Path Group:             **async_default**
  Path Type:              Removal (Min at Slow Process Corner)
  Requirement:            -20.000ns  (rclk fall@20.000ns - rclk rise@40.000ns)
  Data Path Delay:        2.662ns  (logic 0.906ns (34.032%)  route 1.756ns (65.968%))
  Logic Levels:           2  (IBUF=1 LUT1=1)
  Input Delay:            2.000ns
  Clock Path Skew:        4.637ns (DCD - SCD - CPR)
    Destination Clock Delay (DCD):    4.637ns = ( 24.637 - 20.000 ) 
    Source Clock Delay      (SCD):    0.000ns = ( 40.000 - 40.000 ) 
    Clock Pessimism Removal (CPR):    -0.000ns
  Clock Uncertainty:      0.135ns  ((TSJ^2 + TIJ^2)^1/2 + DJ) / 2 + PE + UU
    Total System Jitter     (TSJ):    0.071ns
    Total Input Jitter      (TIJ):    0.000ns
    Discrete Jitter          (DJ):    0.000ns
    Phase Error              (PE):    0.000ns
    User Uncertainty         (UU):    0.100ns

    Location             Delay type                Incr(ns)  Path(ns)    Netlist Resource(s)
  -------------------------------------------------------------------    -------------------
                         (clock rclk rise edge)      40.000    40.000 r  
                         input delay                  2.000    42.000    
    V19                                               0.000    42.000 r  rrst_n (IN)
                         net (fo=0)                   0.000    42.000    rrst_n
    V19                  IBUF (Prop_ibuf_I_O)         0.806    42.806 r  rrst_n_IBUF_inst/O
                         net (fo=1, routed)           1.063    43.869    rrst_n_IBUF
    SLICE_X0Y16          LUT1 (Prop_lut1_I0_O)        0.100    43.969 f  rptr_gray[2]_i_2/O
                         net (fo=24, routed)          0.693    44.662    rptr_gray[2]_i_2_n_0
    SLICE_X1Y15          FDCE                                         f  rptr_bin_reg[0]/CLR
  -------------------------------------------------------------------    -------------------

                         (clock rclk fall edge)      20.000    20.000 f  
    M18                                               0.000    20.000 f  rclk (IN)
                         net (fo=0)                   0.000    20.000    rclk
    M18                  IBUF (Prop_ibuf_I_O)         0.938    20.938 f  rclk_IBUF_inst/O
                         net (fo=1, routed)           1.972    22.910    rclk_IBUF
    BUFGCTRL_X0Y1        BUFG (Prop_bufg_I_O)         0.096    23.006 f  rclk_IBUF_BUFG_inst/O
                         net (fo=24, routed)          1.631    24.637    rclk_IBUF_BUFG
    SLICE_X1Y15          FDCE                                         r  rptr_bin_reg[0]/C  (IS_INVERTED)
                         clock pessimism              0.000    24.637    
                         clock uncertainty            0.135    24.772    
    SLICE_X1Y15          FDCE (Remov_fdce_C_CLR)     -0.205    24.567    rptr_bin_reg[0]
  -------------------------------------------------------------------
                         required time                        -24.567    
                         arrival time                          44.662    
  -------------------------------------------------------------------
                         slack                                 20.095    

Slack (MET) :             20.095ns  (arrival time - required time)
  Source:                 rrst_n
                            (input port clocked by rclk  {rise@0.000ns fall@20.000ns period=40.000ns})
  Destination:            rptr_bin_reg[1]/CLR
                            (removal check against rising-edge clock rclk  {rise@0.000ns fall@20.000ns period=40.000ns})
  Path Group:             **async_default**
  Path Type:              Removal (Min at Slow Process Corner)
  Requirement:            -20.000ns  (rclk fall@20.000ns - rclk rise@40.000ns)
  Data Path Delay:        2.662ns  (logic 0.906ns (34.032%)  route 1.756ns (65.968%))
  Logic Levels:           2  (IBUF=1 LUT1=1)
  Input Delay:            2.000ns
  Clock Path Skew:        4.637ns (DCD - SCD - CPR)
    Destination Clock Delay (DCD):    4.637ns = ( 24.637 - 20.000 ) 
    Source Clock Delay      (SCD):    0.000ns = ( 40.000 - 40.000 ) 
    Clock Pessimism Removal (CPR):    -0.000ns
  Clock Uncertainty:      0.135ns  ((TSJ^2 + TIJ^2)^1/2 + DJ) / 2 + PE + UU
    Total System Jitter     (TSJ):    0.071ns
    Total Input Jitter      (TIJ):    0.000ns
    Discrete Jitter          (DJ):    0.000ns
    Phase Error              (PE):    0.000ns
    User Uncertainty         (UU):    0.100ns

    Location             Delay type                Incr(ns)  Path(ns)    Netlist Resource(s)
  -------------------------------------------------------------------    -------------------
                         (clock rclk rise edge)      40.000    40.000 r  
                         input delay                  2.000    42.000    
    V19                                               0.000    42.000 r  rrst_n (IN)
                         net (fo=0)                   0.000    42.000    rrst_n
    V19                  IBUF (Prop_ibuf_I_O)         0.806    42.806 r  rrst_n_IBUF_inst/O
                         net (fo=1, routed)           1.063    43.869    rrst_n_IBUF
    SLICE_X0Y16          LUT1 (Prop_lut1_I0_O)        0.100    43.969 f  rptr_gray[2]_i_2/O
                         net (fo=24, routed)          0.693    44.662    rptr_gray[2]_i_2_n_0
    SLICE_X1Y15          FDCE                                         f  rptr_bin_reg[1]/CLR
  -------------------------------------------------------------------    -------------------

                         (clock rclk fall edge)      20.000    20.000 f  
    M18                                               0.000    20.000 f  rclk (IN)
                         net (fo=0)                   0.000    20.000    rclk
    M18                  IBUF (Prop_ibuf_I_O)         0.938    20.938 f  rclk_IBUF_inst/O
                         net (fo=1, routed)           1.972    22.910    rclk_IBUF
    BUFGCTRL_X0Y1        BUFG (Prop_bufg_I_O)         0.096    23.006 f  rclk_IBUF_BUFG_inst/O
                         net (fo=24, routed)          1.631    24.637    rclk_IBUF_BUFG
    SLICE_X1Y15          FDCE                                         r  rptr_bin_reg[1]/C  (IS_INVERTED)
                         clock pessimism              0.000    24.637    
                         clock uncertainty            0.135    24.772    
    SLICE_X1Y15          FDCE (Remov_fdce_C_CLR)     -0.205    24.567    rptr_bin_reg[1]
  -------------------------------------------------------------------
                         required time                        -24.567    
                         arrival time                          44.662    
  -------------------------------------------------------------------
                         slack                                 20.095    

Slack (MET) :             20.252ns  (arrival time - required time)
  Source:                 rrst_n
                            (input port clocked by rclk  {rise@0.000ns fall@20.000ns period=40.000ns})
  Destination:            rdata_reg[0]/CLR
                            (removal check against rising-edge clock rclk  {rise@0.000ns fall@20.000ns period=40.000ns})
  Path Group:             **async_default**
  Path Type:              Removal (Min at Slow Process Corner)
  Requirement:            -20.000ns  (rclk fall@20.000ns - rclk rise@40.000ns)
  Data Path Delay:        2.821ns  (logic 0.906ns (32.108%)  route 1.916ns (67.892%))
  Logic Levels:           2  (IBUF=1 LUT1=1)
  Input Delay:            2.000ns
  Clock Path Skew:        4.639ns (DCD - SCD - CPR)
    Destination Clock Delay (DCD):    4.639ns = ( 24.639 - 20.000 ) 
    Source Clock Delay      (SCD):    0.000ns = ( 40.000 - 40.000 ) 
    Clock Pessimism Removal (CPR):    -0.000ns
  Clock Uncertainty:      0.135ns  ((TSJ^2 + TIJ^2)^1/2 + DJ) / 2 + PE + UU
    Total System Jitter     (TSJ):    0.071ns
    Total Input Jitter      (TIJ):    0.000ns
    Discrete Jitter          (DJ):    0.000ns
    Phase Error              (PE):    0.000ns
    User Uncertainty         (UU):    0.100ns

    Location             Delay type                Incr(ns)  Path(ns)    Netlist Resource(s)
  -------------------------------------------------------------------    -------------------
                         (clock rclk rise edge)      40.000    40.000 r  
                         input delay                  2.000    42.000    
    V19                                               0.000    42.000 r  rrst_n (IN)
                         net (fo=0)                   0.000    42.000    rrst_n
    V19                  IBUF (Prop_ibuf_I_O)         0.806    42.806 r  rrst_n_IBUF_inst/O
                         net (fo=1, routed)           1.063    43.869    rrst_n_IBUF
    SLICE_X0Y16          LUT1 (Prop_lut1_I0_O)        0.100    43.969 f  rptr_gray[2]_i_2/O
                         net (fo=24, routed)          0.853    44.821    rptr_gray[2]_i_2_n_0
    SLICE_X1Y13          FDCE                                         f  rdata_reg[0]/CLR
  -------------------------------------------------------------------    -------------------

                         (clock rclk fall edge)      20.000    20.000 f  
    M18                                               0.000    20.000 f  rclk (IN)
                         net (fo=0)                   0.000    20.000    rclk
    M18                  IBUF (Prop_ibuf_I_O)         0.938    20.938 f  rclk_IBUF_inst/O
                         net (fo=1, routed)           1.972    22.910    rclk_IBUF
    BUFGCTRL_X0Y1        BUFG (Prop_bufg_I_O)         0.096    23.006 f  rclk_IBUF_BUFG_inst/O
                         net (fo=24, routed)          1.633    24.639    rclk_IBUF_BUFG
    SLICE_X1Y13          FDCE                                         r  rdata_reg[0]/C  (IS_INVERTED)
                         clock pessimism              0.000    24.639    
                         clock uncertainty            0.135    24.774    
    SLICE_X1Y13          FDCE (Remov_fdce_C_CLR)     -0.205    24.569    rdata_reg[0]
  -------------------------------------------------------------------
                         required time                        -24.569    
                         arrival time                          44.821    
  -------------------------------------------------------------------
                         slack                                 20.252    

Slack (MET) :             20.252ns  (arrival time - required time)
  Source:                 rrst_n
                            (input port clocked by rclk  {rise@0.000ns fall@20.000ns period=40.000ns})
  Destination:            rdata_reg[1]/CLR
                            (removal check against rising-edge clock rclk  {rise@0.000ns fall@20.000ns period=40.000ns})
  Path Group:             **async_default**
  Path Type:              Removal (Min at Slow Process Corner)
  Requirement:            -20.000ns  (rclk fall@20.000ns - rclk rise@40.000ns)
  Data Path Delay:        2.821ns  (logic 0.906ns (32.108%)  route 1.916ns (67.892%))
  Logic Levels:           2  (IBUF=1 LUT1=1)
  Input Delay:            2.000ns
  Clock Path Skew:        4.639ns (DCD - SCD - CPR)
    Destination Clock Delay (DCD):    4.639ns = ( 24.639 - 20.000 ) 
    Source Clock Delay      (SCD):    0.000ns = ( 40.000 - 40.000 ) 
    Clock Pessimism Removal (CPR):    -0.000ns
  Clock Uncertainty:      0.135ns  ((TSJ^2 + TIJ^2)^1/2 + DJ) / 2 + PE + UU
    Total System Jitter     (TSJ):    0.071ns
    Total Input Jitter      (TIJ):    0.000ns
    Discrete Jitter          (DJ):    0.000ns
    Phase Error              (PE):    0.000ns
    User Uncertainty         (UU):    0.100ns

    Location             Delay type                Incr(ns)  Path(ns)    Netlist Resource(s)
  -------------------------------------------------------------------    -------------------
                         (clock rclk rise edge)      40.000    40.000 r  
                         input delay                  2.000    42.000    
    V19                                               0.000    42.000 r  rrst_n (IN)
                         net (fo=0)                   0.000    42.000    rrst_n
    V19                  IBUF (Prop_ibuf_I_O)         0.806    42.806 r  rrst_n_IBUF_inst/O
                         net (fo=1, routed)           1.063    43.869    rrst_n_IBUF
    SLICE_X0Y16          LUT1 (Prop_lut1_I0_O)        0.100    43.969 f  rptr_gray[2]_i_2/O
                         net (fo=24, routed)          0.853    44.821    rptr_gray[2]_i_2_n_0
    SLICE_X1Y13          FDCE                                         f  rdata_reg[1]/CLR
  -------------------------------------------------------------------    -------------------

                         (clock rclk fall edge)      20.000    20.000 f  
    M18                                               0.000    20.000 f  rclk (IN)
                         net (fo=0)                   0.000    20.000    rclk
    M18                  IBUF (Prop_ibuf_I_O)         0.938    20.938 f  rclk_IBUF_inst/O
                         net (fo=1, routed)           1.972    22.910    rclk_IBUF
    BUFGCTRL_X0Y1        BUFG (Prop_bufg_I_O)         0.096    23.006 f  rclk_IBUF_BUFG_inst/O
                         net (fo=24, routed)          1.633    24.639    rclk_IBUF_BUFG
    SLICE_X1Y13          FDCE                                         r  rdata_reg[1]/C  (IS_INVERTED)
                         clock pessimism              0.000    24.639    
                         clock uncertainty            0.135    24.774    
    SLICE_X1Y13          FDCE (Remov_fdce_C_CLR)     -0.205    24.569    rdata_reg[1]
  -------------------------------------------------------------------
                         required time                        -24.569    
                         arrival time                          44.821    
  -------------------------------------------------------------------
                         slack                                 20.252    

Slack (MET) :             20.341ns  (arrival time - required time)
  Source:                 rrst_n
                            (input port clocked by rclk  {rise@0.000ns fall@20.000ns period=40.000ns})
  Destination:            rdata_reg[2]/CLR
                            (removal check against rising-edge clock rclk  {rise@0.000ns fall@20.000ns period=40.000ns})
  Path Group:             **async_default**
  Path Type:              Removal (Min at Slow Process Corner)
  Requirement:            -20.000ns  (rclk fall@20.000ns - rclk rise@40.000ns)
  Data Path Delay:        2.911ns  (logic 0.906ns (31.121%)  route 2.005ns (68.879%))
  Logic Levels:           2  (IBUF=1 LUT1=1)
  Input Delay:            2.000ns
  Clock Path Skew:        4.640ns (DCD - SCD - CPR)
    Destination Clock Delay (DCD):    4.640ns = ( 24.640 - 20.000 ) 
    Source Clock Delay      (SCD):    0.000ns = ( 40.000 - 40.000 ) 
    Clock Pessimism Removal (CPR):    -0.000ns
  Clock Uncertainty:      0.135ns  ((TSJ^2 + TIJ^2)^1/2 + DJ) / 2 + PE + UU
    Total System Jitter     (TSJ):    0.071ns
    Total Input Jitter      (TIJ):    0.000ns
    Discrete Jitter          (DJ):    0.000ns
    Phase Error              (PE):    0.000ns
    User Uncertainty         (UU):    0.100ns

    Location             Delay type                Incr(ns)  Path(ns)    Netlist Resource(s)
  -------------------------------------------------------------------    -------------------
                         (clock rclk rise edge)      40.000    40.000 r  
                         input delay                  2.000    42.000    
    V19                                               0.000    42.000 r  rrst_n (IN)
                         net (fo=0)                   0.000    42.000    rrst_n
    V19                  IBUF (Prop_ibuf_I_O)         0.806    42.806 r  rrst_n_IBUF_inst/O
                         net (fo=1, routed)           1.063    43.869    rrst_n_IBUF
    SLICE_X0Y16          LUT1 (Prop_lut1_I0_O)        0.100    43.969 f  rptr_gray[2]_i_2/O
                         net (fo=24, routed)          0.942    44.911    rptr_gray[2]_i_2_n_0
    SLICE_X1Y12          FDCE                                         f  rdata_reg[2]/CLR
  -------------------------------------------------------------------    -------------------

                         (clock rclk fall edge)      20.000    20.000 f  
    M18                                               0.000    20.000 f  rclk (IN)
                         net (fo=0)                   0.000    20.000    rclk
    M18                  IBUF (Prop_ibuf_I_O)         0.938    20.938 f  rclk_IBUF_inst/O
                         net (fo=1, routed)           1.972    22.910    rclk_IBUF
    BUFGCTRL_X0Y1        BUFG (Prop_bufg_I_O)         0.096    23.006 f  rclk_IBUF_BUFG_inst/O
                         net (fo=24, routed)          1.634    24.640    rclk_IBUF_BUFG
    SLICE_X1Y12          FDCE                                         r  rdata_reg[2]/C  (IS_INVERTED)
                         clock pessimism              0.000    24.640    
                         clock uncertainty            0.135    24.775    
    SLICE_X1Y12          FDCE (Remov_fdce_C_CLR)     -0.205    24.570    rdata_reg[2]
  -------------------------------------------------------------------
                         required time                        -24.570    
                         arrival time                          44.911    
  -------------------------------------------------------------------
                         slack                                 20.341    

Slack (MET) :             20.341ns  (arrival time - required time)
  Source:                 rrst_n
                            (input port clocked by rclk  {rise@0.000ns fall@20.000ns period=40.000ns})
  Destination:            rdata_reg[5]/CLR
                            (removal check against rising-edge clock rclk  {rise@0.000ns fall@20.000ns period=40.000ns})
  Path Group:             **async_default**
  Path Type:              Removal (Min at Slow Process Corner)
  Requirement:            -20.000ns  (rclk fall@20.000ns - rclk rise@40.000ns)
  Data Path Delay:        2.911ns  (logic 0.906ns (31.121%)  route 2.005ns (68.879%))
  Logic Levels:           2  (IBUF=1 LUT1=1)
  Input Delay:            2.000ns
  Clock Path Skew:        4.640ns (DCD - SCD - CPR)
    Destination Clock Delay (DCD):    4.640ns = ( 24.640 - 20.000 ) 
    Source Clock Delay      (SCD):    0.000ns = ( 40.000 - 40.000 ) 
    Clock Pessimism Removal (CPR):    -0.000ns
  Clock Uncertainty:      0.135ns  ((TSJ^2 + TIJ^2)^1/2 + DJ) / 2 + PE + UU
    Total System Jitter     (TSJ):    0.071ns
    Total Input Jitter      (TIJ):    0.000ns
    Discrete Jitter          (DJ):    0.000ns
    Phase Error              (PE):    0.000ns
    User Uncertainty         (UU):    0.100ns

    Location             Delay type                Incr(ns)  Path(ns)    Netlist Resource(s)
  -------------------------------------------------------------------    -------------------
                         (clock rclk rise edge)      40.000    40.000 r  
                         input delay                  2.000    42.000    
    V19                                               0.000    42.000 r  rrst_n (IN)
                         net (fo=0)                   0.000    42.000    rrst_n
    V19                  IBUF (Prop_ibuf_I_O)         0.806    42.806 r  rrst_n_IBUF_inst/O
                         net (fo=1, routed)           1.063    43.869    rrst_n_IBUF
    SLICE_X0Y16          LUT1 (Prop_lut1_I0_O)        0.100    43.969 f  rptr_gray[2]_i_2/O
                         net (fo=24, routed)          0.942    44.911    rptr_gray[2]_i_2_n_0
    SLICE_X1Y12          FDCE                                         f  rdata_reg[5]/CLR
  -------------------------------------------------------------------    -------------------

                         (clock rclk fall edge)      20.000    20.000 f  
    M18                                               0.000    20.000 f  rclk (IN)
                         net (fo=0)                   0.000    20.000    rclk
    M18                  IBUF (Prop_ibuf_I_O)         0.938    20.938 f  rclk_IBUF_inst/O
                         net (fo=1, routed)           1.972    22.910    rclk_IBUF
    BUFGCTRL_X0Y1        BUFG (Prop_bufg_I_O)         0.096    23.006 f  rclk_IBUF_BUFG_inst/O
                         net (fo=24, routed)          1.634    24.640    rclk_IBUF_BUFG
    SLICE_X1Y12          FDCE                                         r  rdata_reg[5]/C  (IS_INVERTED)
                         clock pessimism              0.000    24.640    
                         clock uncertainty            0.135    24.775    
    SLICE_X1Y12          FDCE (Remov_fdce_C_CLR)     -0.205    24.570    rdata_reg[5]
  -------------------------------------------------------------------
                         required time                        -24.570    
                         arrival time                          44.911    
  -------------------------------------------------------------------
                         slack                                 20.341    

Slack (MET) :             20.491ns  (arrival time - required time)
  Source:                 rrst_n
                            (input port clocked by rclk  {rise@0.000ns fall@20.000ns period=40.000ns})
  Destination:            empty_reg/PRE
                            (removal check against rising-edge clock rclk  {rise@0.000ns fall@20.000ns period=40.000ns})
  Path Group:             **async_default**
  Path Type:              Removal (Min at Slow Process Corner)
  Requirement:            -20.000ns  (rclk fall@20.000ns - rclk rise@40.000ns)
  Data Path Delay:        3.057ns  (logic 0.906ns (29.631%)  route 2.151ns (70.369%))
  Logic Levels:           2  (IBUF=1 LUT1=1)
  Input Delay:            2.000ns
  Clock Path Skew:        4.636ns (DCD - SCD - CPR)
    Destination Clock Delay (DCD):    4.636ns = ( 24.636 - 20.000 ) 
    Source Clock Delay      (SCD):    0.000ns = ( 40.000 - 40.000 ) 
    Clock Pessimism Removal (CPR):    -0.000ns
  Clock Uncertainty:      0.135ns  ((TSJ^2 + TIJ^2)^1/2 + DJ) / 2 + PE + UU
    Total System Jitter     (TSJ):    0.071ns
    Total Input Jitter      (TIJ):    0.000ns
    Discrete Jitter          (DJ):    0.000ns
    Phase Error              (PE):    0.000ns
    User Uncertainty         (UU):    0.100ns

    Location             Delay type                Incr(ns)  Path(ns)    Netlist Resource(s)
  -------------------------------------------------------------------    -------------------
                         (clock rclk rise edge)      40.000    40.000 r  
                         input delay                  2.000    42.000    
    V19                                               0.000    42.000 r  rrst_n (IN)
                         net (fo=0)                   0.000    42.000    rrst_n
    V19                  IBUF (Prop_ibuf_I_O)         0.806    42.806 r  rrst_n_IBUF_inst/O
                         net (fo=1, routed)           1.063    43.869    rrst_n_IBUF
    SLICE_X0Y16          LUT1 (Prop_lut1_I0_O)        0.100    43.969 f  rptr_gray[2]_i_2/O
                         net (fo=24, routed)          1.089    45.057    rptr_gray[2]_i_2_n_0
    SLICE_X5Y13          FDPE                                         f  empty_reg/PRE
  -------------------------------------------------------------------    -------------------

                         (clock rclk fall edge)      20.000    20.000 f  
    M18                                               0.000    20.000 f  rclk (IN)
                         net (fo=0)                   0.000    20.000    rclk
    M18                  IBUF (Prop_ibuf_I_O)         0.938    20.938 f  rclk_IBUF_inst/O
                         net (fo=1, routed)           1.972    22.910    rclk_IBUF
    BUFGCTRL_X0Y1        BUFG (Prop_bufg_I_O)         0.096    23.006 f  rclk_IBUF_BUFG_inst/O
                         net (fo=24, routed)          1.630    24.636    rclk_IBUF_BUFG
    SLICE_X5Y13          FDPE                                         r  empty_reg/C  (IS_INVERTED)
                         clock pessimism              0.000    24.636    
                         clock uncertainty            0.135    24.771    
    SLICE_X5Y13          FDPE (Remov_fdpe_C_PRE)     -0.205    24.566    empty_reg
  -------------------------------------------------------------------
                         required time                        -24.566    
                         arrival time                          45.057    
  -------------------------------------------------------------------
                         slack                                 20.491    

Slack (MET) :             20.491ns  (arrival time - required time)
  Source:                 rrst_n
                            (input port clocked by rclk  {rise@0.000ns fall@20.000ns period=40.000ns})
  Destination:            rptr_bin_reg[2]/CLR
                            (removal check against rising-edge clock rclk  {rise@0.000ns fall@20.000ns period=40.000ns})
  Path Group:             **async_default**
  Path Type:              Removal (Min at Slow Process Corner)
  Requirement:            -20.000ns  (rclk fall@20.000ns - rclk rise@40.000ns)
  Data Path Delay:        3.057ns  (logic 0.906ns (29.631%)  route 2.151ns (70.369%))
  Logic Levels:           2  (IBUF=1 LUT1=1)
  Input Delay:            2.000ns
  Clock Path Skew:        4.636ns (DCD - SCD - CPR)
    Destination Clock Delay (DCD):    4.636ns = ( 24.636 - 20.000 ) 
    Source Clock Delay      (SCD):    0.000ns = ( 40.000 - 40.000 ) 
    Clock Pessimism Removal (CPR):    -0.000ns
  Clock Uncertainty:      0.135ns  ((TSJ^2 + TIJ^2)^1/2 + DJ) / 2 + PE + UU
    Total System Jitter     (TSJ):    0.071ns
    Total Input Jitter      (TIJ):    0.000ns
    Discrete Jitter          (DJ):    0.000ns
    Phase Error              (PE):    0.000ns
    User Uncertainty         (UU):    0.100ns

    Location             Delay type                Incr(ns)  Path(ns)    Netlist Resource(s)
  -------------------------------------------------------------------    -------------------
                         (clock rclk rise edge)      40.000    40.000 r  
                         input delay                  2.000    42.000    
    V19                                               0.000    42.000 r  rrst_n (IN)
                         net (fo=0)                   0.000    42.000    rrst_n
    V19                  IBUF (Prop_ibuf_I_O)         0.806    42.806 r  rrst_n_IBUF_inst/O
                         net (fo=1, routed)           1.063    43.869    rrst_n_IBUF
    SLICE_X0Y16          LUT1 (Prop_lut1_I0_O)        0.100    43.969 f  rptr_gray[2]_i_2/O
                         net (fo=24, routed)          1.089    45.057    rptr_gray[2]_i_2_n_0
    SLICE_X5Y13          FDCE                                         f  rptr_bin_reg[2]/CLR
  -------------------------------------------------------------------    -------------------

                         (clock rclk fall edge)      20.000    20.000 f  
    M18                                               0.000    20.000 f  rclk (IN)
                         net (fo=0)                   0.000    20.000    rclk
    M18                  IBUF (Prop_ibuf_I_O)         0.938    20.938 f  rclk_IBUF_inst/O
                         net (fo=1, routed)           1.972    22.910    rclk_IBUF
    BUFGCTRL_X0Y1        BUFG (Prop_bufg_I_O)         0.096    23.006 f  rclk_IBUF_BUFG_inst/O
                         net (fo=24, routed)          1.630    24.636    rclk_IBUF_BUFG
    SLICE_X5Y13          FDCE                                         r  rptr_bin_reg[2]/C  (IS_INVERTED)
                         clock pessimism              0.000    24.636    
                         clock uncertainty            0.135    24.771    
    SLICE_X5Y13          FDCE (Remov_fdce_C_CLR)     -0.205    24.566    rptr_bin_reg[2]
  -------------------------------------------------------------------
                         required time                        -24.566    
                         arrival time                          45.057    
  -------------------------------------------------------------------
                         slack                                 20.491    

Slack (MET) :             20.491ns  (arrival time - required time)
  Source:                 rrst_n
                            (input port clocked by rclk  {rise@0.000ns fall@20.000ns period=40.000ns})
  Destination:            rptr_bin_reg[3]/CLR
                            (removal check against rising-edge clock rclk  {rise@0.000ns fall@20.000ns period=40.000ns})
  Path Group:             **async_default**
  Path Type:              Removal (Min at Slow Process Corner)
  Requirement:            -20.000ns  (rclk fall@20.000ns - rclk rise@40.000ns)
  Data Path Delay:        3.057ns  (logic 0.906ns (29.631%)  route 2.151ns (70.369%))
  Logic Levels:           2  (IBUF=1 LUT1=1)
  Input Delay:            2.000ns
  Clock Path Skew:        4.636ns (DCD - SCD - CPR)
    Destination Clock Delay (DCD):    4.636ns = ( 24.636 - 20.000 ) 
    Source Clock Delay      (SCD):    0.000ns = ( 40.000 - 40.000 ) 
    Clock Pessimism Removal (CPR):    -0.000ns
  Clock Uncertainty:      0.135ns  ((TSJ^2 + TIJ^2)^1/2 + DJ) / 2 + PE + UU
    Total System Jitter     (TSJ):    0.071ns
    Total Input Jitter      (TIJ):    0.000ns
    Discrete Jitter          (DJ):    0.000ns
    Phase Error              (PE):    0.000ns
    User Uncertainty         (UU):    0.100ns

    Location             Delay type                Incr(ns)  Path(ns)    Netlist Resource(s)
  -------------------------------------------------------------------    -------------------
                         (clock rclk rise edge)      40.000    40.000 r  
                         input delay                  2.000    42.000    
    V19                                               0.000    42.000 r  rrst_n (IN)
                         net (fo=0)                   0.000    42.000    rrst_n
    V19                  IBUF (Prop_ibuf_I_O)         0.806    42.806 r  rrst_n_IBUF_inst/O
                         net (fo=1, routed)           1.063    43.869    rrst_n_IBUF
    SLICE_X0Y16          LUT1 (Prop_lut1_I0_O)        0.100    43.969 f  rptr_gray[2]_i_2/O
                         net (fo=24, routed)          1.089    45.057    rptr_gray[2]_i_2_n_0
    SLICE_X5Y13          FDCE                                         f  rptr_bin_reg[3]/CLR
  -------------------------------------------------------------------    -------------------

                         (clock rclk fall edge)      20.000    20.000 f  
    M18                                               0.000    20.000 f  rclk (IN)
                         net (fo=0)                   0.000    20.000    rclk
    M18                  IBUF (Prop_ibuf_I_O)         0.938    20.938 f  rclk_IBUF_inst/O
                         net (fo=1, routed)           1.972    22.910    rclk_IBUF
    BUFGCTRL_X0Y1        BUFG (Prop_bufg_I_O)         0.096    23.006 f  rclk_IBUF_BUFG_inst/O
                         net (fo=24, routed)          1.630    24.636    rclk_IBUF_BUFG
    SLICE_X5Y13          FDCE                                         r  rptr_bin_reg[3]/C  (IS_INVERTED)
                         clock pessimism              0.000    24.636    
                         clock uncertainty            0.135    24.771    
    SLICE_X5Y13          FDCE (Remov_fdce_C_CLR)     -0.205    24.566    rptr_bin_reg[3]
  -------------------------------------------------------------------
                         required time                        -24.566    
                         arrival time                          45.057    
  -------------------------------------------------------------------
                         slack                                 20.491    

Slack (MET) :             20.491ns  (arrival time - required time)
  Source:                 rrst_n
                            (input port clocked by rclk  {rise@0.000ns fall@20.000ns period=40.000ns})
  Destination:            rptr_gray_reg[1]/CLR
                            (removal check against rising-edge clock rclk  {rise@0.000ns fall@20.000ns period=40.000ns})
  Path Group:             **async_default**
  Path Type:              Removal (Min at Slow Process Corner)
  Requirement:            -20.000ns  (rclk fall@20.000ns - rclk rise@40.000ns)
  Data Path Delay:        3.057ns  (logic 0.906ns (29.631%)  route 2.151ns (70.369%))
  Logic Levels:           2  (IBUF=1 LUT1=1)
  Input Delay:            2.000ns
  Clock Path Skew:        4.636ns (DCD - SCD - CPR)
    Destination Clock Delay (DCD):    4.636ns = ( 24.636 - 20.000 ) 
    Source Clock Delay      (SCD):    0.000ns = ( 40.000 - 40.000 ) 
    Clock Pessimism Removal (CPR):    -0.000ns
  Clock Uncertainty:      0.135ns  ((TSJ^2 + TIJ^2)^1/2 + DJ) / 2 + PE + UU
    Total System Jitter     (TSJ):    0.071ns
    Total Input Jitter      (TIJ):    0.000ns
    Discrete Jitter          (DJ):    0.000ns
    Phase Error              (PE):    0.000ns
    User Uncertainty         (UU):    0.100ns

    Location             Delay type                Incr(ns)  Path(ns)    Netlist Resource(s)
  -------------------------------------------------------------------    -------------------
                         (clock rclk rise edge)      40.000    40.000 r  
                         input delay                  2.000    42.000    
    V19                                               0.000    42.000 r  rrst_n (IN)
                         net (fo=0)                   0.000    42.000    rrst_n
    V19                  IBUF (Prop_ibuf_I_O)         0.806    42.806 r  rrst_n_IBUF_inst/O
                         net (fo=1, routed)           1.063    43.869    rrst_n_IBUF
    SLICE_X0Y16          LUT1 (Prop_lut1_I0_O)        0.100    43.969 f  rptr_gray[2]_i_2/O
                         net (fo=24, routed)          1.089    45.057    rptr_gray[2]_i_2_n_0
    SLICE_X5Y13          FDCE                                         f  rptr_gray_reg[1]/CLR
  -------------------------------------------------------------------    -------------------

                         (clock rclk fall edge)      20.000    20.000 f  
    M18                                               0.000    20.000 f  rclk (IN)
                         net (fo=0)                   0.000    20.000    rclk
    M18                  IBUF (Prop_ibuf_I_O)         0.938    20.938 f  rclk_IBUF_inst/O
                         net (fo=1, routed)           1.972    22.910    rclk_IBUF
    BUFGCTRL_X0Y1        BUFG (Prop_bufg_I_O)         0.096    23.006 f  rclk_IBUF_BUFG_inst/O
                         net (fo=24, routed)          1.630    24.636    rclk_IBUF_BUFG
    SLICE_X5Y13          FDCE                                         r  rptr_gray_reg[1]/C  (IS_INVERTED)
                         clock pessimism              0.000    24.636    
                         clock uncertainty            0.135    24.771    
    SLICE_X5Y13          FDCE (Remov_fdce_C_CLR)     -0.205    24.566    rptr_gray_reg[1]
  -------------------------------------------------------------------
                         required time                        -24.566    
                         arrival time                          45.057    
  -------------------------------------------------------------------
                         slack                                 20.491    





---------------------------------------------------------------------------------------------------
Path Group:  **async_default**
From Clock:  wclk
  To Clock:  wclk

Setup :            0  Failing Endpoints,  Worst Slack       10.886ns,  Total Violation        0.000ns
Hold  :            0  Failing Endpoints,  Worst Slack       15.436ns,  Total Violation        0.000ns
---------------------------------------------------------------------------------------------------


Max Delay Paths
--------------------------------------------------------------------------------------
Slack (MET) :             10.886ns  (required time - arrival time)
  Source:                 wrst_n
                            (input port clocked by wclk  {rise@0.000ns fall@15.000ns period=30.000ns})
  Destination:            rptr_gray_sync1_reg[1]/CLR
                            (recovery check against rising-edge clock wclk  {rise@0.000ns fall@15.000ns period=30.000ns})
  Path Group:             **async_default**
  Path Type:              Recovery (Max at Fast Process Corner)
  Requirement:            15.000ns  (wclk fall@15.000ns - wclk rise@0.000ns)
  Data Path Delay:        1.553ns  (logic 0.404ns (26.039%)  route 1.149ns (73.961%))
  Logic Levels:           2  (IBUF=1 LUT1=1)
  Input Delay:            3.500ns
  Clock Path Skew:        1.422ns (DCD - SCD + CPR)
    Destination Clock Delay (DCD):    1.422ns = ( 16.422 - 15.000 ) 
    Source Clock Delay      (SCD):    0.000ns
    Clock Pessimism Removal (CPR):    0.000ns
  Clock Uncertainty:      0.335ns  ((TSJ^2 + TIJ^2)^1/2 + DJ) / 2 + PE + UU
    Total System Jitter     (TSJ):    0.071ns
    Total Input Jitter      (TIJ):    0.000ns
    Discrete Jitter          (DJ):    0.000ns
    Phase Error              (PE):    0.000ns
    User Uncertainty         (UU):    0.300ns

    Location             Delay type                Incr(ns)  Path(ns)    Netlist Resource(s)
  -------------------------------------------------------------------    -------------------
                         (clock wclk rise edge)       0.000     0.000 r  
                         input delay                  3.500     3.500    
    R18                                               0.000     3.500 r  wrst_n (IN)
                         net (fo=0)                   0.000     3.500    wrst_n
    R18                  IBUF (Prop_ibuf_I_O)         0.348     3.848 r  wrst_n_IBUF_inst/O
                         net (fo=9, routed)           0.905     4.753    wrst_n_IBUF
    SLICE_X4Y16          LUT1 (Prop_lut1_I0_O)        0.056     4.809 f  rptr_gray_sync1[3]_i_1/O
                         net (fo=16, routed)          0.243     5.053    rptr_gray_sync1[3]_i_1_n_0
    SLICE_X5Y14          FDCE                                         f  rptr_gray_sync1_reg[1]/CLR
  -------------------------------------------------------------------    -------------------

                         (clock wclk fall edge)      15.000    15.000 f  
    P18                                               0.000    15.000 f  wclk (IN)
                         net (fo=0)                   0.000    15.000    wclk
    P18                  IBUF (Prop_ibuf_I_O)         0.173    15.173 f  wclk_IBUF_inst/O
                         net (fo=1, routed)           0.634    15.807    wclk_IBUF
    BUFGCTRL_X0Y0        BUFG (Prop_bufg_I_O)         0.026    15.833 f  wclk_IBUF_BUFG_inst/O
                         net (fo=80, routed)          0.589    16.422    wclk_IBUF_BUFG
    SLICE_X5Y14          FDCE                                         r  rptr_gray_sync1_reg[1]/C  (IS_INVERTED)
                         clock pessimism              0.000    16.422    
                         clock uncertainty           -0.335    16.087    
    SLICE_X5Y14          FDCE (Recov_fdce_C_CLR)     -0.148    15.939    rptr_gray_sync1_reg[1]
  -------------------------------------------------------------------
                         required time                         15.939    
                         arrival time                          -5.053    
  -------------------------------------------------------------------
                         slack                                 10.886    

Slack (MET) :             10.886ns  (required time - arrival time)
  Source:                 wrst_n
                            (input port clocked by wclk  {rise@0.000ns fall@15.000ns period=30.000ns})
  Destination:            rptr_gray_sync1_reg[3]/CLR
                            (recovery check against rising-edge clock wclk  {rise@0.000ns fall@15.000ns period=30.000ns})
  Path Group:             **async_default**
  Path Type:              Recovery (Max at Fast Process Corner)
  Requirement:            15.000ns  (wclk fall@15.000ns - wclk rise@0.000ns)
  Data Path Delay:        1.553ns  (logic 0.404ns (26.039%)  route 1.149ns (73.961%))
  Logic Levels:           2  (IBUF=1 LUT1=1)
  Input Delay:            3.500ns
  Clock Path Skew:        1.422ns (DCD - SCD + CPR)
    Destination Clock Delay (DCD):    1.422ns = ( 16.422 - 15.000 ) 
    Source Clock Delay      (SCD):    0.000ns
    Clock Pessimism Removal (CPR):    0.000ns
  Clock Uncertainty:      0.335ns  ((TSJ^2 + TIJ^2)^1/2 + DJ) / 2 + PE + UU
    Total System Jitter     (TSJ):    0.071ns
    Total Input Jitter      (TIJ):    0.000ns
    Discrete Jitter          (DJ):    0.000ns
    Phase Error              (PE):    0.000ns
    User Uncertainty         (UU):    0.300ns

    Location             Delay type                Incr(ns)  Path(ns)    Netlist Resource(s)
  -------------------------------------------------------------------    -------------------
                         (clock wclk rise edge)       0.000     0.000 r  
                         input delay                  3.500     3.500    
    R18                                               0.000     3.500 r  wrst_n (IN)
                         net (fo=0)                   0.000     3.500    wrst_n
    R18                  IBUF (Prop_ibuf_I_O)         0.348     3.848 r  wrst_n_IBUF_inst/O
                         net (fo=9, routed)           0.905     4.753    wrst_n_IBUF
    SLICE_X4Y16          LUT1 (Prop_lut1_I0_O)        0.056     4.809 f  rptr_gray_sync1[3]_i_1/O
                         net (fo=16, routed)          0.243     5.053    rptr_gray_sync1[3]_i_1_n_0
    SLICE_X5Y14          FDCE                                         f  rptr_gray_sync1_reg[3]/CLR
  -------------------------------------------------------------------    -------------------

                         (clock wclk fall edge)      15.000    15.000 f  
    P18                                               0.000    15.000 f  wclk (IN)
                         net (fo=0)                   0.000    15.000    wclk
    P18                  IBUF (Prop_ibuf_I_O)         0.173    15.173 f  wclk_IBUF_inst/O
                         net (fo=1, routed)           0.634    15.807    wclk_IBUF
    BUFGCTRL_X0Y0        BUFG (Prop_bufg_I_O)         0.026    15.833 f  wclk_IBUF_BUFG_inst/O
                         net (fo=80, routed)          0.589    16.422    wclk_IBUF_BUFG
    SLICE_X5Y14          FDCE                                         r  rptr_gray_sync1_reg[3]/C  (IS_INVERTED)
                         clock pessimism              0.000    16.422    
                         clock uncertainty           -0.335    16.087    
    SLICE_X5Y14          FDCE (Recov_fdce_C_CLR)     -0.148    15.939    rptr_gray_sync1_reg[3]
  -------------------------------------------------------------------
                         required time                         15.939    
                         arrival time                          -5.053    
  -------------------------------------------------------------------
                         slack                                 10.886    

Slack (MET) :             10.886ns  (required time - arrival time)
  Source:                 wrst_n
                            (input port clocked by wclk  {rise@0.000ns fall@15.000ns period=30.000ns})
  Destination:            rptr_gray_sync2_reg[1]/CLR
                            (recovery check against rising-edge clock wclk  {rise@0.000ns fall@15.000ns period=30.000ns})
  Path Group:             **async_default**
  Path Type:              Recovery (Max at Fast Process Corner)
  Requirement:            15.000ns  (wclk fall@15.000ns - wclk rise@0.000ns)
  Data Path Delay:        1.553ns  (logic 0.404ns (26.039%)  route 1.149ns (73.961%))
  Logic Levels:           2  (IBUF=1 LUT1=1)
  Input Delay:            3.500ns
  Clock Path Skew:        1.422ns (DCD - SCD + CPR)
    Destination Clock Delay (DCD):    1.422ns = ( 16.422 - 15.000 ) 
    Source Clock Delay      (SCD):    0.000ns
    Clock Pessimism Removal (CPR):    0.000ns
  Clock Uncertainty:      0.335ns  ((TSJ^2 + TIJ^2)^1/2 + DJ) / 2 + PE + UU
    Total System Jitter     (TSJ):    0.071ns
    Total Input Jitter      (TIJ):    0.000ns
    Discrete Jitter          (DJ):    0.000ns
    Phase Error              (PE):    0.000ns
    User Uncertainty         (UU):    0.300ns

    Location             Delay type                Incr(ns)  Path(ns)    Netlist Resource(s)
  -------------------------------------------------------------------    -------------------
                         (clock wclk rise edge)       0.000     0.000 r  
                         input delay                  3.500     3.500    
    R18                                               0.000     3.500 r  wrst_n (IN)
                         net (fo=0)                   0.000     3.500    wrst_n
    R18                  IBUF (Prop_ibuf_I_O)         0.348     3.848 r  wrst_n_IBUF_inst/O
                         net (fo=9, routed)           0.905     4.753    wrst_n_IBUF
    SLICE_X4Y16          LUT1 (Prop_lut1_I0_O)        0.056     4.809 f  rptr_gray_sync1[3]_i_1/O
                         net (fo=16, routed)          0.243     5.053    rptr_gray_sync1[3]_i_1_n_0
    SLICE_X5Y14          FDCE                                         f  rptr_gray_sync2_reg[1]/CLR
  -------------------------------------------------------------------    -------------------

                         (clock wclk fall edge)      15.000    15.000 f  
    P18                                               0.000    15.000 f  wclk (IN)
                         net (fo=0)                   0.000    15.000    wclk
    P18                  IBUF (Prop_ibuf_I_O)         0.173    15.173 f  wclk_IBUF_inst/O
                         net (fo=1, routed)           0.634    15.807    wclk_IBUF
    BUFGCTRL_X0Y0        BUFG (Prop_bufg_I_O)         0.026    15.833 f  wclk_IBUF_BUFG_inst/O
                         net (fo=80, routed)          0.589    16.422    wclk_IBUF_BUFG
    SLICE_X5Y14          FDCE                                         r  rptr_gray_sync2_reg[1]/C  (IS_INVERTED)
                         clock pessimism              0.000    16.422    
                         clock uncertainty           -0.335    16.087    
    SLICE_X5Y14          FDCE (Recov_fdce_C_CLR)     -0.148    15.939    rptr_gray_sync2_reg[1]
  -------------------------------------------------------------------
                         required time                         15.939    
                         arrival time                          -5.053    
  -------------------------------------------------------------------
                         slack                                 10.886    

Slack (MET) :             10.886ns  (required time - arrival time)
  Source:                 wrst_n
                            (input port clocked by wclk  {rise@0.000ns fall@15.000ns period=30.000ns})
  Destination:            rptr_gray_sync2_reg[3]/CLR
                            (recovery check against rising-edge clock wclk  {rise@0.000ns fall@15.000ns period=30.000ns})
  Path Group:             **async_default**
  Path Type:              Recovery (Max at Fast Process Corner)
  Requirement:            15.000ns  (wclk fall@15.000ns - wclk rise@0.000ns)
  Data Path Delay:        1.553ns  (logic 0.404ns (26.039%)  route 1.149ns (73.961%))
  Logic Levels:           2  (IBUF=1 LUT1=1)
  Input Delay:            3.500ns
  Clock Path Skew:        1.422ns (DCD - SCD + CPR)
    Destination Clock Delay (DCD):    1.422ns = ( 16.422 - 15.000 ) 
    Source Clock Delay      (SCD):    0.000ns
    Clock Pessimism Removal (CPR):    0.000ns
  Clock Uncertainty:      0.335ns  ((TSJ^2 + TIJ^2)^1/2 + DJ) / 2 + PE + UU
    Total System Jitter     (TSJ):    0.071ns
    Total Input Jitter      (TIJ):    0.000ns
    Discrete Jitter          (DJ):    0.000ns
    Phase Error              (PE):    0.000ns
    User Uncertainty         (UU):    0.300ns

    Location             Delay type                Incr(ns)  Path(ns)    Netlist Resource(s)
  -------------------------------------------------------------------    -------------------
                         (clock wclk rise edge)       0.000     0.000 r  
                         input delay                  3.500     3.500    
    R18                                               0.000     3.500 r  wrst_n (IN)
                         net (fo=0)                   0.000     3.500    wrst_n
    R18                  IBUF (Prop_ibuf_I_O)         0.348     3.848 r  wrst_n_IBUF_inst/O
                         net (fo=9, routed)           0.905     4.753    wrst_n_IBUF
    SLICE_X4Y16          LUT1 (Prop_lut1_I0_O)        0.056     4.809 f  rptr_gray_sync1[3]_i_1/O
                         net (fo=16, routed)          0.243     5.053    rptr_gray_sync1[3]_i_1_n_0
    SLICE_X5Y14          FDCE                                         f  rptr_gray_sync2_reg[3]/CLR
  -------------------------------------------------------------------    -------------------

                         (clock wclk fall edge)      15.000    15.000 f  
    P18                                               0.000    15.000 f  wclk (IN)
                         net (fo=0)                   0.000    15.000    wclk
    P18                  IBUF (Prop_ibuf_I_O)         0.173    15.173 f  wclk_IBUF_inst/O
                         net (fo=1, routed)           0.634    15.807    wclk_IBUF
    BUFGCTRL_X0Y0        BUFG (Prop_bufg_I_O)         0.026    15.833 f  wclk_IBUF_BUFG_inst/O
                         net (fo=80, routed)          0.589    16.422    wclk_IBUF_BUFG
    SLICE_X5Y14          FDCE                                         r  rptr_gray_sync2_reg[3]/C  (IS_INVERTED)
                         clock pessimism              0.000    16.422    
                         clock uncertainty           -0.335    16.087    
    SLICE_X5Y14          FDCE (Recov_fdce_C_CLR)     -0.148    15.939    rptr_gray_sync2_reg[3]
  -------------------------------------------------------------------
                         required time                         15.939    
                         arrival time                          -5.053    
  -------------------------------------------------------------------
                         slack                                 10.886    

Slack (MET) :             10.886ns  (required time - arrival time)
  Source:                 wrst_n
                            (input port clocked by wclk  {rise@0.000ns fall@15.000ns period=30.000ns})
  Destination:            full_reg/CLR
                            (recovery check against rising-edge clock wclk  {rise@0.000ns fall@15.000ns period=30.000ns})
  Path Group:             **async_default**
  Path Type:              Recovery (Max at Fast Process Corner)
  Requirement:            15.000ns  (wclk fall@15.000ns - wclk rise@0.000ns)
  Data Path Delay:        1.552ns  (logic 0.404ns (26.049%)  route 1.148ns (73.951%))
  Logic Levels:           2  (IBUF=1 LUT1=1)
  Input Delay:            3.500ns
  Clock Path Skew:        1.422ns (DCD - SCD + CPR)
    Destination Clock Delay (DCD):    1.422ns = ( 16.422 - 15.000 ) 
    Source Clock Delay      (SCD):    0.000ns
    Clock Pessimism Removal (CPR):    0.000ns
  Clock Uncertainty:      0.335ns  ((TSJ^2 + TIJ^2)^1/2 + DJ) / 2 + PE + UU
    Total System Jitter     (TSJ):    0.071ns
    Total Input Jitter      (TIJ):    0.000ns
    Discrete Jitter          (DJ):    0.000ns
    Phase Error              (PE):    0.000ns
    User Uncertainty         (UU):    0.300ns

    Location             Delay type                Incr(ns)  Path(ns)    Netlist Resource(s)
  -------------------------------------------------------------------    -------------------
                         (clock wclk rise edge)       0.000     0.000 r  
                         input delay                  3.500     3.500    
    R18                                               0.000     3.500 r  wrst_n (IN)
                         net (fo=0)                   0.000     3.500    wrst_n
    R18                  IBUF (Prop_ibuf_I_O)         0.348     3.848 r  wrst_n_IBUF_inst/O
                         net (fo=9, routed)           0.905     4.753    wrst_n_IBUF
    SLICE_X4Y16          LUT1 (Prop_lut1_I0_O)        0.056     4.809 f  rptr_gray_sync1[3]_i_1/O
                         net (fo=16, routed)          0.243     5.052    rptr_gray_sync1[3]_i_1_n_0
    SLICE_X4Y15          FDCE                                         f  full_reg/CLR
  -------------------------------------------------------------------    -------------------

                         (clock wclk fall edge)      15.000    15.000 f  
    P18                                               0.000    15.000 f  wclk (IN)
                         net (fo=0)                   0.000    15.000    wclk
    P18                  IBUF (Prop_ibuf_I_O)         0.173    15.173 f  wclk_IBUF_inst/O
                         net (fo=1, routed)           0.634    15.807    wclk_IBUF
    BUFGCTRL_X0Y0        BUFG (Prop_bufg_I_O)         0.026    15.833 f  wclk_IBUF_BUFG_inst/O
                         net (fo=80, routed)          0.589    16.422    wclk_IBUF_BUFG
    SLICE_X4Y15          FDCE                                         r  full_reg/C  (IS_INVERTED)
                         clock pessimism              0.000    16.422    
                         clock uncertainty           -0.335    16.087    
    SLICE_X4Y15          FDCE (Recov_fdce_C_CLR)     -0.148    15.939    full_reg
  -------------------------------------------------------------------
                         required time                         15.939    
                         arrival time                          -5.052    
  -------------------------------------------------------------------
                         slack                                 10.886    

Slack (MET) :             10.886ns  (required time - arrival time)
  Source:                 wrst_n
                            (input port clocked by wclk  {rise@0.000ns fall@15.000ns period=30.000ns})
  Destination:            rptr_gray_sync1_reg[0]/CLR
                            (recovery check against rising-edge clock wclk  {rise@0.000ns fall@15.000ns period=30.000ns})
  Path Group:             **async_default**
  Path Type:              Recovery (Max at Fast Process Corner)
  Requirement:            15.000ns  (wclk fall@15.000ns - wclk rise@0.000ns)
  Data Path Delay:        1.552ns  (logic 0.404ns (26.049%)  route 1.148ns (73.951%))
  Logic Levels:           2  (IBUF=1 LUT1=1)
  Input Delay:            3.500ns
  Clock Path Skew:        1.422ns (DCD - SCD + CPR)
    Destination Clock Delay (DCD):    1.422ns = ( 16.422 - 15.000 ) 
    Source Clock Delay      (SCD):    0.000ns
    Clock Pessimism Removal (CPR):    0.000ns
  Clock Uncertainty:      0.335ns  ((TSJ^2 + TIJ^2)^1/2 + DJ) / 2 + PE + UU
    Total System Jitter     (TSJ):    0.071ns
    Total Input Jitter      (TIJ):    0.000ns
    Discrete Jitter          (DJ):    0.000ns
    Phase Error              (PE):    0.000ns
    User Uncertainty         (UU):    0.300ns

    Location             Delay type                Incr(ns)  Path(ns)    Netlist Resource(s)
  -------------------------------------------------------------------    -------------------
                         (clock wclk rise edge)       0.000     0.000 r  
                         input delay                  3.500     3.500    
    R18                                               0.000     3.500 r  wrst_n (IN)
                         net (fo=0)                   0.000     3.500    wrst_n
    R18                  IBUF (Prop_ibuf_I_O)         0.348     3.848 r  wrst_n_IBUF_inst/O
                         net (fo=9, routed)           0.905     4.753    wrst_n_IBUF
    SLICE_X4Y16          LUT1 (Prop_lut1_I0_O)        0.056     4.809 f  rptr_gray_sync1[3]_i_1/O
                         net (fo=16, routed)          0.243     5.052    rptr_gray_sync1[3]_i_1_n_0
    SLICE_X4Y15          FDCE                                         f  rptr_gray_sync1_reg[0]/CLR
  -------------------------------------------------------------------    -------------------

                         (clock wclk fall edge)      15.000    15.000 f  
    P18                                               0.000    15.000 f  wclk (IN)
                         net (fo=0)                   0.000    15.000    wclk
    P18                  IBUF (Prop_ibuf_I_O)         0.173    15.173 f  wclk_IBUF_inst/O
                         net (fo=1, routed)           0.634    15.807    wclk_IBUF
    BUFGCTRL_X0Y0        BUFG (Prop_bufg_I_O)         0.026    15.833 f  wclk_IBUF_BUFG_inst/O
                         net (fo=80, routed)          0.589    16.422    wclk_IBUF_BUFG
    SLICE_X4Y15          FDCE                                         r  rptr_gray_sync1_reg[0]/C  (IS_INVERTED)
                         clock pessimism              0.000    16.422    
                         clock uncertainty           -0.335    16.087    
    SLICE_X4Y15          FDCE (Recov_fdce_C_CLR)     -0.148    15.939    rptr_gray_sync1_reg[0]
  -------------------------------------------------------------------
                         required time                         15.939    
                         arrival time                          -5.052    
  -------------------------------------------------------------------
                         slack                                 10.886    

Slack (MET) :             10.886ns  (required time - arrival time)
  Source:                 wrst_n
                            (input port clocked by wclk  {rise@0.000ns fall@15.000ns period=30.000ns})
  Destination:            wptr_bin_reg[3]/CLR
                            (recovery check against rising-edge clock wclk  {rise@0.000ns fall@15.000ns period=30.000ns})
  Path Group:             **async_default**
  Path Type:              Recovery (Max at Fast Process Corner)
  Requirement:            15.000ns  (wclk fall@15.000ns - wclk rise@0.000ns)
  Data Path Delay:        1.552ns  (logic 0.404ns (26.049%)  route 1.148ns (73.951%))
  Logic Levels:           2  (IBUF=1 LUT1=1)
  Input Delay:            3.500ns
  Clock Path Skew:        1.422ns (DCD - SCD + CPR)
    Destination Clock Delay (DCD):    1.422ns = ( 16.422 - 15.000 ) 
    Source Clock Delay      (SCD):    0.000ns
    Clock Pessimism Removal (CPR):    0.000ns
  Clock Uncertainty:      0.335ns  ((TSJ^2 + TIJ^2)^1/2 + DJ) / 2 + PE + UU
    Total System Jitter     (TSJ):    0.071ns
    Total Input Jitter      (TIJ):    0.000ns
    Discrete Jitter          (DJ):    0.000ns
    Phase Error              (PE):    0.000ns
    User Uncertainty         (UU):    0.300ns

    Location             Delay type                Incr(ns)  Path(ns)    Netlist Resource(s)
  -------------------------------------------------------------------    -------------------
                         (clock wclk rise edge)       0.000     0.000 r  
                         input delay                  3.500     3.500    
    R18                                               0.000     3.500 r  wrst_n (IN)
                         net (fo=0)                   0.000     3.500    wrst_n
    R18                  IBUF (Prop_ibuf_I_O)         0.348     3.848 r  wrst_n_IBUF_inst/O
                         net (fo=9, routed)           0.905     4.753    wrst_n_IBUF
    SLICE_X4Y16          LUT1 (Prop_lut1_I0_O)        0.056     4.809 f  rptr_gray_sync1[3]_i_1/O
                         net (fo=16, routed)          0.243     5.052    rptr_gray_sync1[3]_i_1_n_0
    SLICE_X4Y15          FDCE                                         f  wptr_bin_reg[3]/CLR
  -------------------------------------------------------------------    -------------------

                         (clock wclk fall edge)      15.000    15.000 f  
    P18                                               0.000    15.000 f  wclk (IN)
                         net (fo=0)                   0.000    15.000    wclk
    P18                  IBUF (Prop_ibuf_I_O)         0.173    15.173 f  wclk_IBUF_inst/O
                         net (fo=1, routed)           0.634    15.807    wclk_IBUF
    BUFGCTRL_X0Y0        BUFG (Prop_bufg_I_O)         0.026    15.833 f  wclk_IBUF_BUFG_inst/O
                         net (fo=80, routed)          0.589    16.422    wclk_IBUF_BUFG
    SLICE_X4Y15          FDCE                                         r  wptr_bin_reg[3]/C  (IS_INVERTED)
                         clock pessimism              0.000    16.422    
                         clock uncertainty           -0.335    16.087    
    SLICE_X4Y15          FDCE (Recov_fdce_C_CLR)     -0.148    15.939    wptr_bin_reg[3]
  -------------------------------------------------------------------
                         required time                         15.939    
                         arrival time                          -5.052    
  -------------------------------------------------------------------
                         slack                                 10.886    

Slack (MET) :             10.886ns  (required time - arrival time)
  Source:                 wrst_n
                            (input port clocked by wclk  {rise@0.000ns fall@15.000ns period=30.000ns})
  Destination:            wptr_gray_reg[0]/CLR
                            (recovery check against rising-edge clock wclk  {rise@0.000ns fall@15.000ns period=30.000ns})
  Path Group:             **async_default**
  Path Type:              Recovery (Max at Fast Process Corner)
  Requirement:            15.000ns  (wclk fall@15.000ns - wclk rise@0.000ns)
  Data Path Delay:        1.552ns  (logic 0.404ns (26.049%)  route 1.148ns (73.951%))
  Logic Levels:           2  (IBUF=1 LUT1=1)
  Input Delay:            3.500ns
  Clock Path Skew:        1.422ns (DCD - SCD + CPR)
    Destination Clock Delay (DCD):    1.422ns = ( 16.422 - 15.000 ) 
    Source Clock Delay      (SCD):    0.000ns
    Clock Pessimism Removal (CPR):    0.000ns
  Clock Uncertainty:      0.335ns  ((TSJ^2 + TIJ^2)^1/2 + DJ) / 2 + PE + UU
    Total System Jitter     (TSJ):    0.071ns
    Total Input Jitter      (TIJ):    0.000ns
    Discrete Jitter          (DJ):    0.000ns
    Phase Error              (PE):    0.000ns
    User Uncertainty         (UU):    0.300ns

    Location             Delay type                Incr(ns)  Path(ns)    Netlist Resource(s)
  -------------------------------------------------------------------    -------------------
                         (clock wclk rise edge)       0.000     0.000 r  
                         input delay                  3.500     3.500    
    R18                                               0.000     3.500 r  wrst_n (IN)
                         net (fo=0)                   0.000     3.500    wrst_n
    R18                  IBUF (Prop_ibuf_I_O)         0.348     3.848 r  wrst_n_IBUF_inst/O
                         net (fo=9, routed)           0.905     4.753    wrst_n_IBUF
    SLICE_X4Y16          LUT1 (Prop_lut1_I0_O)        0.056     4.809 f  rptr_gray_sync1[3]_i_1/O
                         net (fo=16, routed)          0.243     5.052    rptr_gray_sync1[3]_i_1_n_0
    SLICE_X4Y15          FDCE                                         f  wptr_gray_reg[0]/CLR
  -------------------------------------------------------------------    -------------------

                         (clock wclk fall edge)      15.000    15.000 f  
    P18                                               0.000    15.000 f  wclk (IN)
                         net (fo=0)                   0.000    15.000    wclk
    P18                  IBUF (Prop_ibuf_I_O)         0.173    15.173 f  wclk_IBUF_inst/O
                         net (fo=1, routed)           0.634    15.807    wclk_IBUF
    BUFGCTRL_X0Y0        BUFG (Prop_bufg_I_O)         0.026    15.833 f  wclk_IBUF_BUFG_inst/O
                         net (fo=80, routed)          0.589    16.422    wclk_IBUF_BUFG
    SLICE_X4Y15          FDCE                                         r  wptr_gray_reg[0]/C  (IS_INVERTED)
                         clock pessimism              0.000    16.422    
                         clock uncertainty           -0.335    16.087    
    SLICE_X4Y15          FDCE (Recov_fdce_C_CLR)     -0.148    15.939    wptr_gray_reg[0]
  -------------------------------------------------------------------
                         required time                         15.939    
                         arrival time                          -5.052    
  -------------------------------------------------------------------
                         slack                                 10.886    

Slack (MET) :             10.886ns  (required time - arrival time)
  Source:                 wrst_n
                            (input port clocked by wclk  {rise@0.000ns fall@15.000ns period=30.000ns})
  Destination:            wptr_gray_reg[1]/CLR
                            (recovery check against rising-edge clock wclk  {rise@0.000ns fall@15.000ns period=30.000ns})
  Path Group:             **async_default**
  Path Type:              Recovery (Max at Fast Process Corner)
  Requirement:            15.000ns  (wclk fall@15.000ns - wclk rise@0.000ns)
  Data Path Delay:        1.552ns  (logic 0.404ns (26.049%)  route 1.148ns (73.951%))
  Logic Levels:           2  (IBUF=1 LUT1=1)
  Input Delay:            3.500ns
  Clock Path Skew:        1.422ns (DCD - SCD + CPR)
    Destination Clock Delay (DCD):    1.422ns = ( 16.422 - 15.000 ) 
    Source Clock Delay      (SCD):    0.000ns
    Clock Pessimism Removal (CPR):    0.000ns
  Clock Uncertainty:      0.335ns  ((TSJ^2 + TIJ^2)^1/2 + DJ) / 2 + PE + UU
    Total System Jitter     (TSJ):    0.071ns
    Total Input Jitter      (TIJ):    0.000ns
    Discrete Jitter          (DJ):    0.000ns
    Phase Error              (PE):    0.000ns
    User Uncertainty         (UU):    0.300ns

    Location             Delay type                Incr(ns)  Path(ns)    Netlist Resource(s)
  -------------------------------------------------------------------    -------------------
                         (clock wclk rise edge)       0.000     0.000 r  
                         input delay                  3.500     3.500    
    R18                                               0.000     3.500 r  wrst_n (IN)
                         net (fo=0)                   0.000     3.500    wrst_n
    R18                  IBUF (Prop_ibuf_I_O)         0.348     3.848 r  wrst_n_IBUF_inst/O
                         net (fo=9, routed)           0.905     4.753    wrst_n_IBUF
    SLICE_X4Y16          LUT1 (Prop_lut1_I0_O)        0.056     4.809 f  rptr_gray_sync1[3]_i_1/O
                         net (fo=16, routed)          0.243     5.052    rptr_gray_sync1[3]_i_1_n_0
    SLICE_X4Y15          FDCE                                         f  wptr_gray_reg[1]/CLR
  -------------------------------------------------------------------    -------------------

                         (clock wclk fall edge)      15.000    15.000 f  
    P18                                               0.000    15.000 f  wclk (IN)
                         net (fo=0)                   0.000    15.000    wclk
    P18                  IBUF (Prop_ibuf_I_O)         0.173    15.173 f  wclk_IBUF_inst/O
                         net (fo=1, routed)           0.634    15.807    wclk_IBUF
    BUFGCTRL_X0Y0        BUFG (Prop_bufg_I_O)         0.026    15.833 f  wclk_IBUF_BUFG_inst/O
                         net (fo=80, routed)          0.589    16.422    wclk_IBUF_BUFG
    SLICE_X4Y15          FDCE                                         r  wptr_gray_reg[1]/C  (IS_INVERTED)
                         clock pessimism              0.000    16.422    
                         clock uncertainty           -0.335    16.087    
    SLICE_X4Y15          FDCE (Recov_fdce_C_CLR)     -0.148    15.939    wptr_gray_reg[1]
  -------------------------------------------------------------------
                         required time                         15.939    
                         arrival time                          -5.052    
  -------------------------------------------------------------------
                         slack                                 10.886    

Slack (MET) :             10.886ns  (required time - arrival time)
  Source:                 wrst_n
                            (input port clocked by wclk  {rise@0.000ns fall@15.000ns period=30.000ns})
  Destination:            wptr_gray_reg[2]/CLR
                            (recovery check against rising-edge clock wclk  {rise@0.000ns fall@15.000ns period=30.000ns})
  Path Group:             **async_default**
  Path Type:              Recovery (Max at Fast Process Corner)
  Requirement:            15.000ns  (wclk fall@15.000ns - wclk rise@0.000ns)
  Data Path Delay:        1.552ns  (logic 0.404ns (26.049%)  route 1.148ns (73.951%))
  Logic Levels:           2  (IBUF=1 LUT1=1)
  Input Delay:            3.500ns
  Clock Path Skew:        1.422ns (DCD - SCD + CPR)
    Destination Clock Delay (DCD):    1.422ns = ( 16.422 - 15.000 ) 
    Source Clock Delay      (SCD):    0.000ns
    Clock Pessimism Removal (CPR):    0.000ns
  Clock Uncertainty:      0.335ns  ((TSJ^2 + TIJ^2)^1/2 + DJ) / 2 + PE + UU
    Total System Jitter     (TSJ):    0.071ns
    Total Input Jitter      (TIJ):    0.000ns
    Discrete Jitter          (DJ):    0.000ns
    Phase Error              (PE):    0.000ns
    User Uncertainty         (UU):    0.300ns

    Location             Delay type                Incr(ns)  Path(ns)    Netlist Resource(s)
  -------------------------------------------------------------------    -------------------
                         (clock wclk rise edge)       0.000     0.000 r  
                         input delay                  3.500     3.500    
    R18                                               0.000     3.500 r  wrst_n (IN)
                         net (fo=0)                   0.000     3.500    wrst_n
    R18                  IBUF (Prop_ibuf_I_O)         0.348     3.848 r  wrst_n_IBUF_inst/O
                         net (fo=9, routed)           0.905     4.753    wrst_n_IBUF
    SLICE_X4Y16          LUT1 (Prop_lut1_I0_O)        0.056     4.809 f  rptr_gray_sync1[3]_i_1/O
                         net (fo=16, routed)          0.243     5.052    rptr_gray_sync1[3]_i_1_n_0
    SLICE_X4Y15          FDCE                                         f  wptr_gray_reg[2]/CLR
  -------------------------------------------------------------------    -------------------

                         (clock wclk fall edge)      15.000    15.000 f  
    P18                                               0.000    15.000 f  wclk (IN)
                         net (fo=0)                   0.000    15.000    wclk
    P18                  IBUF (Prop_ibuf_I_O)         0.173    15.173 f  wclk_IBUF_inst/O
                         net (fo=1, routed)           0.634    15.807    wclk_IBUF
    BUFGCTRL_X0Y0        BUFG (Prop_bufg_I_O)         0.026    15.833 f  wclk_IBUF_BUFG_inst/O
                         net (fo=80, routed)          0.589    16.422    wclk_IBUF_BUFG
    SLICE_X4Y15          FDCE                                         r  wptr_gray_reg[2]/C  (IS_INVERTED)
                         clock pessimism              0.000    16.422    
                         clock uncertainty           -0.335    16.087    
    SLICE_X4Y15          FDCE (Recov_fdce_C_CLR)     -0.148    15.939    wptr_gray_reg[2]
  -------------------------------------------------------------------
                         required time                         15.939    
                         arrival time                          -5.052    
  -------------------------------------------------------------------
                         slack                                 10.886    





Min Delay Paths
--------------------------------------------------------------------------------------
Slack (MET) :             15.436ns  (arrival time - required time)
  Source:                 wrst_n
                            (input port clocked by wclk  {rise@0.000ns fall@15.000ns period=30.000ns})
  Destination:            full_reg/CLR
                            (removal check against rising-edge clock wclk  {rise@0.000ns fall@15.000ns period=30.000ns})
  Path Group:             **async_default**
  Path Type:              Removal (Min at Slow Process Corner)
  Requirement:            -15.000ns  (wclk fall@15.000ns - wclk rise@30.000ns)
  Data Path Delay:        3.006ns  (logic 0.897ns (29.852%)  route 2.109ns (70.148%))
  Logic Levels:           2  (IBUF=1 LUT1=1)
  Input Delay:            2.000ns
  Clock Path Skew:        4.640ns (DCD - SCD - CPR)
    Destination Clock Delay (DCD):    4.640ns = ( 19.640 - 15.000 ) 
    Source Clock Delay      (SCD):    0.000ns = ( 30.000 - 30.000 ) 
    Clock Pessimism Removal (CPR):    -0.000ns
  Clock Uncertainty:      0.135ns  ((TSJ^2 + TIJ^2)^1/2 + DJ) / 2 + PE + UU
    Total System Jitter     (TSJ):    0.071ns
    Total Input Jitter      (TIJ):    0.000ns
    Discrete Jitter          (DJ):    0.000ns
    Phase Error              (PE):    0.000ns
    User Uncertainty         (UU):    0.100ns

    Location             Delay type                Incr(ns)  Path(ns)    Netlist Resource(s)
  -------------------------------------------------------------------    -------------------
                         (clock wclk rise edge)      30.000    30.000 r  
                         input delay                  2.000    32.000    
    R18                                               0.000    32.000 r  wrst_n (IN)
                         net (fo=0)                   0.000    32.000    wrst_n
    R18                  IBUF (Prop_ibuf_I_O)         0.797    32.797 r  wrst_n_IBUF_inst/O
                         net (fo=9, routed)           1.670    34.468    wrst_n_IBUF
    SLICE_X4Y16          LUT1 (Prop_lut1_I0_O)        0.100    34.568 f  rptr_gray_sync1[3]_i_1/O
                         net (fo=16, routed)          0.439    35.006    rptr_gray_sync1[3]_i_1_n_0
    SLICE_X4Y15          FDCE                                         f  full_reg/CLR
  -------------------------------------------------------------------    -------------------

                         (clock wclk fall edge)      15.000    15.000 f  
    P18                                               0.000    15.000 f  wclk (IN)
                         net (fo=0)                   0.000    15.000    wclk
    P18                  IBUF (Prop_ibuf_I_O)         0.944    15.944 f  wclk_IBUF_inst/O
                         net (fo=1, routed)           1.972    17.916    wclk_IBUF
    BUFGCTRL_X0Y0        BUFG (Prop_bufg_I_O)         0.096    18.012 f  wclk_IBUF_BUFG_inst/O
                         net (fo=80, routed)          1.628    19.640    wclk_IBUF_BUFG
    SLICE_X4Y15          FDCE                                         r  full_reg/C  (IS_INVERTED)
                         clock pessimism              0.000    19.640    
                         clock uncertainty            0.135    19.775    
    SLICE_X4Y15          FDCE (Remov_fdce_C_CLR)     -0.205    19.570    full_reg
  -------------------------------------------------------------------
                         required time                        -19.570    
                         arrival time                          35.006    
  -------------------------------------------------------------------
                         slack                                 15.436    

Slack (MET) :             15.436ns  (arrival time - required time)
  Source:                 wrst_n
                            (input port clocked by wclk  {rise@0.000ns fall@15.000ns period=30.000ns})
  Destination:            rptr_gray_sync1_reg[0]/CLR
                            (removal check against rising-edge clock wclk  {rise@0.000ns fall@15.000ns period=30.000ns})
  Path Group:             **async_default**
  Path Type:              Removal (Min at Slow Process Corner)
  Requirement:            -15.000ns  (wclk fall@15.000ns - wclk rise@30.000ns)
  Data Path Delay:        3.006ns  (logic 0.897ns (29.852%)  route 2.109ns (70.148%))
  Logic Levels:           2  (IBUF=1 LUT1=1)
  Input Delay:            2.000ns
  Clock Path Skew:        4.640ns (DCD - SCD - CPR)
    Destination Clock Delay (DCD):    4.640ns = ( 19.640 - 15.000 ) 
    Source Clock Delay      (SCD):    0.000ns = ( 30.000 - 30.000 ) 
    Clock Pessimism Removal (CPR):    -0.000ns
  Clock Uncertainty:      0.135ns  ((TSJ^2 + TIJ^2)^1/2 + DJ) / 2 + PE + UU
    Total System Jitter     (TSJ):    0.071ns
    Total Input Jitter      (TIJ):    0.000ns
    Discrete Jitter          (DJ):    0.000ns
    Phase Error              (PE):    0.000ns
    User Uncertainty         (UU):    0.100ns

    Location             Delay type                Incr(ns)  Path(ns)    Netlist Resource(s)
  -------------------------------------------------------------------    -------------------
                         (clock wclk rise edge)      30.000    30.000 r  
                         input delay                  2.000    32.000    
    R18                                               0.000    32.000 r  wrst_n (IN)
                         net (fo=0)                   0.000    32.000    wrst_n
    R18                  IBUF (Prop_ibuf_I_O)         0.797    32.797 r  wrst_n_IBUF_inst/O
                         net (fo=9, routed)           1.670    34.468    wrst_n_IBUF
    SLICE_X4Y16          LUT1 (Prop_lut1_I0_O)        0.100    34.568 f  rptr_gray_sync1[3]_i_1/O
                         net (fo=16, routed)          0.439    35.006    rptr_gray_sync1[3]_i_1_n_0
    SLICE_X4Y15          FDCE                                         f  rptr_gray_sync1_reg[0]/CLR
  -------------------------------------------------------------------    -------------------

                         (clock wclk fall edge)      15.000    15.000 f  
    P18                                               0.000    15.000 f  wclk (IN)
                         net (fo=0)                   0.000    15.000    wclk
    P18                  IBUF (Prop_ibuf_I_O)         0.944    15.944 f  wclk_IBUF_inst/O
                         net (fo=1, routed)           1.972    17.916    wclk_IBUF
    BUFGCTRL_X0Y0        BUFG (Prop_bufg_I_O)         0.096    18.012 f  wclk_IBUF_BUFG_inst/O
                         net (fo=80, routed)          1.628    19.640    wclk_IBUF_BUFG
    SLICE_X4Y15          FDCE                                         r  rptr_gray_sync1_reg[0]/C  (IS_INVERTED)
                         clock pessimism              0.000    19.640    
                         clock uncertainty            0.135    19.775    
    SLICE_X4Y15          FDCE (Remov_fdce_C_CLR)     -0.205    19.570    rptr_gray_sync1_reg[0]
  -------------------------------------------------------------------
                         required time                        -19.570    
                         arrival time                          35.006    
  -------------------------------------------------------------------
                         slack                                 15.436    

Slack (MET) :             15.436ns  (arrival time - required time)
  Source:                 wrst_n
                            (input port clocked by wclk  {rise@0.000ns fall@15.000ns period=30.000ns})
  Destination:            wptr_bin_reg[3]/CLR
                            (removal check against rising-edge clock wclk  {rise@0.000ns fall@15.000ns period=30.000ns})
  Path Group:             **async_default**
  Path Type:              Removal (Min at Slow Process Corner)
  Requirement:            -15.000ns  (wclk fall@15.000ns - wclk rise@30.000ns)
  Data Path Delay:        3.006ns  (logic 0.897ns (29.852%)  route 2.109ns (70.148%))
  Logic Levels:           2  (IBUF=1 LUT1=1)
  Input Delay:            2.000ns
  Clock Path Skew:        4.640ns (DCD - SCD - CPR)
    Destination Clock Delay (DCD):    4.640ns = ( 19.640 - 15.000 ) 
    Source Clock Delay      (SCD):    0.000ns = ( 30.000 - 30.000 ) 
    Clock Pessimism Removal (CPR):    -0.000ns
  Clock Uncertainty:      0.135ns  ((TSJ^2 + TIJ^2)^1/2 + DJ) / 2 + PE + UU
    Total System Jitter     (TSJ):    0.071ns
    Total Input Jitter      (TIJ):    0.000ns
    Discrete Jitter          (DJ):    0.000ns
    Phase Error              (PE):    0.000ns
    User Uncertainty         (UU):    0.100ns

    Location             Delay type                Incr(ns)  Path(ns)    Netlist Resource(s)
  -------------------------------------------------------------------    -------------------
                         (clock wclk rise edge)      30.000    30.000 r  
                         input delay                  2.000    32.000    
    R18                                               0.000    32.000 r  wrst_n (IN)
                         net (fo=0)                   0.000    32.000    wrst_n
    R18                  IBUF (Prop_ibuf_I_O)         0.797    32.797 r  wrst_n_IBUF_inst/O
                         net (fo=9, routed)           1.670    34.468    wrst_n_IBUF
    SLICE_X4Y16          LUT1 (Prop_lut1_I0_O)        0.100    34.568 f  rptr_gray_sync1[3]_i_1/O
                         net (fo=16, routed)          0.439    35.006    rptr_gray_sync1[3]_i_1_n_0
    SLICE_X4Y15          FDCE                                         f  wptr_bin_reg[3]/CLR
  -------------------------------------------------------------------    -------------------

                         (clock wclk fall edge)      15.000    15.000 f  
    P18                                               0.000    15.000 f  wclk (IN)
                         net (fo=0)                   0.000    15.000    wclk
    P18                  IBUF (Prop_ibuf_I_O)         0.944    15.944 f  wclk_IBUF_inst/O
                         net (fo=1, routed)           1.972    17.916    wclk_IBUF
    BUFGCTRL_X0Y0        BUFG (Prop_bufg_I_O)         0.096    18.012 f  wclk_IBUF_BUFG_inst/O
                         net (fo=80, routed)          1.628    19.640    wclk_IBUF_BUFG
    SLICE_X4Y15          FDCE                                         r  wptr_bin_reg[3]/C  (IS_INVERTED)
                         clock pessimism              0.000    19.640    
                         clock uncertainty            0.135    19.775    
    SLICE_X4Y15          FDCE (Remov_fdce_C_CLR)     -0.205    19.570    wptr_bin_reg[3]
  -------------------------------------------------------------------
                         required time                        -19.570    
                         arrival time                          35.006    
  -------------------------------------------------------------------
                         slack                                 15.436    

Slack (MET) :             15.436ns  (arrival time - required time)
  Source:                 wrst_n
                            (input port clocked by wclk  {rise@0.000ns fall@15.000ns period=30.000ns})
  Destination:            wptr_gray_reg[0]/CLR
                            (removal check against rising-edge clock wclk  {rise@0.000ns fall@15.000ns period=30.000ns})
  Path Group:             **async_default**
  Path Type:              Removal (Min at Slow Process Corner)
  Requirement:            -15.000ns  (wclk fall@15.000ns - wclk rise@30.000ns)
  Data Path Delay:        3.006ns  (logic 0.897ns (29.852%)  route 2.109ns (70.148%))
  Logic Levels:           2  (IBUF=1 LUT1=1)
  Input Delay:            2.000ns
  Clock Path Skew:        4.640ns (DCD - SCD - CPR)
    Destination Clock Delay (DCD):    4.640ns = ( 19.640 - 15.000 ) 
    Source Clock Delay      (SCD):    0.000ns = ( 30.000 - 30.000 ) 
    Clock Pessimism Removal (CPR):    -0.000ns
  Clock Uncertainty:      0.135ns  ((TSJ^2 + TIJ^2)^1/2 + DJ) / 2 + PE + UU
    Total System Jitter     (TSJ):    0.071ns
    Total Input Jitter      (TIJ):    0.000ns
    Discrete Jitter          (DJ):    0.000ns
    Phase Error              (PE):    0.000ns
    User Uncertainty         (UU):    0.100ns

    Location             Delay type                Incr(ns)  Path(ns)    Netlist Resource(s)
  -------------------------------------------------------------------    -------------------
                         (clock wclk rise edge)      30.000    30.000 r  
                         input delay                  2.000    32.000    
    R18                                               0.000    32.000 r  wrst_n (IN)
                         net (fo=0)                   0.000    32.000    wrst_n
    R18                  IBUF (Prop_ibuf_I_O)         0.797    32.797 r  wrst_n_IBUF_inst/O
                         net (fo=9, routed)           1.670    34.468    wrst_n_IBUF
    SLICE_X4Y16          LUT1 (Prop_lut1_I0_O)        0.100    34.568 f  rptr_gray_sync1[3]_i_1/O
                         net (fo=16, routed)          0.439    35.006    rptr_gray_sync1[3]_i_1_n_0
    SLICE_X4Y15          FDCE                                         f  wptr_gray_reg[0]/CLR
  -------------------------------------------------------------------    -------------------

                         (clock wclk fall edge)      15.000    15.000 f  
    P18                                               0.000    15.000 f  wclk (IN)
                         net (fo=0)                   0.000    15.000    wclk
    P18                  IBUF (Prop_ibuf_I_O)         0.944    15.944 f  wclk_IBUF_inst/O
                         net (fo=1, routed)           1.972    17.916    wclk_IBUF
    BUFGCTRL_X0Y0        BUFG (Prop_bufg_I_O)         0.096    18.012 f  wclk_IBUF_BUFG_inst/O
                         net (fo=80, routed)          1.628    19.640    wclk_IBUF_BUFG
    SLICE_X4Y15          FDCE                                         r  wptr_gray_reg[0]/C  (IS_INVERTED)
                         clock pessimism              0.000    19.640    
                         clock uncertainty            0.135    19.775    
    SLICE_X4Y15          FDCE (Remov_fdce_C_CLR)     -0.205    19.570    wptr_gray_reg[0]
  -------------------------------------------------------------------
                         required time                        -19.570    
                         arrival time                          35.006    
  -------------------------------------------------------------------
                         slack                                 15.436    

Slack (MET) :             15.436ns  (arrival time - required time)
  Source:                 wrst_n
                            (input port clocked by wclk  {rise@0.000ns fall@15.000ns period=30.000ns})
  Destination:            wptr_gray_reg[1]/CLR
                            (removal check against rising-edge clock wclk  {rise@0.000ns fall@15.000ns period=30.000ns})
  Path Group:             **async_default**
  Path Type:              Removal (Min at Slow Process Corner)
  Requirement:            -15.000ns  (wclk fall@15.000ns - wclk rise@30.000ns)
  Data Path Delay:        3.006ns  (logic 0.897ns (29.852%)  route 2.109ns (70.148%))
  Logic Levels:           2  (IBUF=1 LUT1=1)
  Input Delay:            2.000ns
  Clock Path Skew:        4.640ns (DCD - SCD - CPR)
    Destination Clock Delay (DCD):    4.640ns = ( 19.640 - 15.000 ) 
    Source Clock Delay      (SCD):    0.000ns = ( 30.000 - 30.000 ) 
    Clock Pessimism Removal (CPR):    -0.000ns
  Clock Uncertainty:      0.135ns  ((TSJ^2 + TIJ^2)^1/2 + DJ) / 2 + PE + UU
    Total System Jitter     (TSJ):    0.071ns
    Total Input Jitter      (TIJ):    0.000ns
    Discrete Jitter          (DJ):    0.000ns
    Phase Error              (PE):    0.000ns
    User Uncertainty         (UU):    0.100ns

    Location             Delay type                Incr(ns)  Path(ns)    Netlist Resource(s)
  -------------------------------------------------------------------    -------------------
                         (clock wclk rise edge)      30.000    30.000 r  
                         input delay                  2.000    32.000    
    R18                                               0.000    32.000 r  wrst_n (IN)
                         net (fo=0)                   0.000    32.000    wrst_n
    R18                  IBUF (Prop_ibuf_I_O)         0.797    32.797 r  wrst_n_IBUF_inst/O
                         net (fo=9, routed)           1.670    34.468    wrst_n_IBUF
    SLICE_X4Y16          LUT1 (Prop_lut1_I0_O)        0.100    34.568 f  rptr_gray_sync1[3]_i_1/O
                         net (fo=16, routed)          0.439    35.006    rptr_gray_sync1[3]_i_1_n_0
    SLICE_X4Y15          FDCE                                         f  wptr_gray_reg[1]/CLR
  -------------------------------------------------------------------    -------------------

                         (clock wclk fall edge)      15.000    15.000 f  
    P18                                               0.000    15.000 f  wclk (IN)
                         net (fo=0)                   0.000    15.000    wclk
    P18                  IBUF (Prop_ibuf_I_O)         0.944    15.944 f  wclk_IBUF_inst/O
                         net (fo=1, routed)           1.972    17.916    wclk_IBUF
    BUFGCTRL_X0Y0        BUFG (Prop_bufg_I_O)         0.096    18.012 f  wclk_IBUF_BUFG_inst/O
                         net (fo=80, routed)          1.628    19.640    wclk_IBUF_BUFG
    SLICE_X4Y15          FDCE                                         r  wptr_gray_reg[1]/C  (IS_INVERTED)
                         clock pessimism              0.000    19.640    
                         clock uncertainty            0.135    19.775    
    SLICE_X4Y15          FDCE (Remov_fdce_C_CLR)     -0.205    19.570    wptr_gray_reg[1]
  -------------------------------------------------------------------
                         required time                        -19.570    
                         arrival time                          35.006    
  -------------------------------------------------------------------
                         slack                                 15.436    

Slack (MET) :             15.436ns  (arrival time - required time)
  Source:                 wrst_n
                            (input port clocked by wclk  {rise@0.000ns fall@15.000ns period=30.000ns})
  Destination:            wptr_gray_reg[2]/CLR
                            (removal check against rising-edge clock wclk  {rise@0.000ns fall@15.000ns period=30.000ns})
  Path Group:             **async_default**
  Path Type:              Removal (Min at Slow Process Corner)
  Requirement:            -15.000ns  (wclk fall@15.000ns - wclk rise@30.000ns)
  Data Path Delay:        3.006ns  (logic 0.897ns (29.852%)  route 2.109ns (70.148%))
  Logic Levels:           2  (IBUF=1 LUT1=1)
  Input Delay:            2.000ns
  Clock Path Skew:        4.640ns (DCD - SCD - CPR)
    Destination Clock Delay (DCD):    4.640ns = ( 19.640 - 15.000 ) 
    Source Clock Delay      (SCD):    0.000ns = ( 30.000 - 30.000 ) 
    Clock Pessimism Removal (CPR):    -0.000ns
  Clock Uncertainty:      0.135ns  ((TSJ^2 + TIJ^2)^1/2 + DJ) / 2 + PE + UU
    Total System Jitter     (TSJ):    0.071ns
    Total Input Jitter      (TIJ):    0.000ns
    Discrete Jitter          (DJ):    0.000ns
    Phase Error              (PE):    0.000ns
    User Uncertainty         (UU):    0.100ns

    Location             Delay type                Incr(ns)  Path(ns)    Netlist Resource(s)
  -------------------------------------------------------------------    -------------------
                         (clock wclk rise edge)      30.000    30.000 r  
                         input delay                  2.000    32.000    
    R18                                               0.000    32.000 r  wrst_n (IN)
                         net (fo=0)                   0.000    32.000    wrst_n
    R18                  IBUF (Prop_ibuf_I_O)         0.797    32.797 r  wrst_n_IBUF_inst/O
                         net (fo=9, routed)           1.670    34.468    wrst_n_IBUF
    SLICE_X4Y16          LUT1 (Prop_lut1_I0_O)        0.100    34.568 f  rptr_gray_sync1[3]_i_1/O
                         net (fo=16, routed)          0.439    35.006    rptr_gray_sync1[3]_i_1_n_0
    SLICE_X4Y15          FDCE                                         f  wptr_gray_reg[2]/CLR
  -------------------------------------------------------------------    -------------------

                         (clock wclk fall edge)      15.000    15.000 f  
    P18                                               0.000    15.000 f  wclk (IN)
                         net (fo=0)                   0.000    15.000    wclk
    P18                  IBUF (Prop_ibuf_I_O)         0.944    15.944 f  wclk_IBUF_inst/O
                         net (fo=1, routed)           1.972    17.916    wclk_IBUF
    BUFGCTRL_X0Y0        BUFG (Prop_bufg_I_O)         0.096    18.012 f  wclk_IBUF_BUFG_inst/O
                         net (fo=80, routed)          1.628    19.640    wclk_IBUF_BUFG
    SLICE_X4Y15          FDCE                                         r  wptr_gray_reg[2]/C  (IS_INVERTED)
                         clock pessimism              0.000    19.640    
                         clock uncertainty            0.135    19.775    
    SLICE_X4Y15          FDCE (Remov_fdce_C_CLR)     -0.205    19.570    wptr_gray_reg[2]
  -------------------------------------------------------------------
                         required time                        -19.570    
                         arrival time                          35.006    
  -------------------------------------------------------------------
                         slack                                 15.436    

Slack (MET) :             15.437ns  (arrival time - required time)
  Source:                 wrst_n
                            (input port clocked by wclk  {rise@0.000ns fall@15.000ns period=30.000ns})
  Destination:            rptr_gray_sync2_reg[0]/CLR
                            (removal check against rising-edge clock wclk  {rise@0.000ns fall@15.000ns period=30.000ns})
  Path Group:             **async_default**
  Path Type:              Removal (Min at Slow Process Corner)
  Requirement:            -15.000ns  (wclk fall@15.000ns - wclk rise@30.000ns)
  Data Path Delay:        3.010ns  (logic 0.897ns (29.813%)  route 2.113ns (70.187%))
  Logic Levels:           2  (IBUF=1 LUT1=1)
  Input Delay:            2.000ns
  Clock Path Skew:        4.643ns (DCD - SCD - CPR)
    Destination Clock Delay (DCD):    4.643ns = ( 19.643 - 15.000 ) 
    Source Clock Delay      (SCD):    0.000ns = ( 30.000 - 30.000 ) 
    Clock Pessimism Removal (CPR):    -0.000ns
  Clock Uncertainty:      0.135ns  ((TSJ^2 + TIJ^2)^1/2 + DJ) / 2 + PE + UU
    Total System Jitter     (TSJ):    0.071ns
    Total Input Jitter      (TIJ):    0.000ns
    Discrete Jitter          (DJ):    0.000ns
    Phase Error              (PE):    0.000ns
    User Uncertainty         (UU):    0.100ns

    Location             Delay type                Incr(ns)  Path(ns)    Netlist Resource(s)
  -------------------------------------------------------------------    -------------------
                         (clock wclk rise edge)      30.000    30.000 r  
                         input delay                  2.000    32.000    
    R18                                               0.000    32.000 r  wrst_n (IN)
                         net (fo=0)                   0.000    32.000    wrst_n
    R18                  IBUF (Prop_ibuf_I_O)         0.797    32.797 r  wrst_n_IBUF_inst/O
                         net (fo=9, routed)           1.670    34.468    wrst_n_IBUF
    SLICE_X4Y16          LUT1 (Prop_lut1_I0_O)        0.100    34.568 f  rptr_gray_sync1[3]_i_1/O
                         net (fo=16, routed)          0.443    35.010    rptr_gray_sync1[3]_i_1_n_0
    SLICE_X3Y15          FDCE                                         f  rptr_gray_sync2_reg[0]/CLR
  -------------------------------------------------------------------    -------------------

                         (clock wclk fall edge)      15.000    15.000 f  
    P18                                               0.000    15.000 f  wclk (IN)
                         net (fo=0)                   0.000    15.000    wclk
    P18                  IBUF (Prop_ibuf_I_O)         0.944    15.944 f  wclk_IBUF_inst/O
                         net (fo=1, routed)           1.972    17.916    wclk_IBUF
    BUFGCTRL_X0Y0        BUFG (Prop_bufg_I_O)         0.096    18.012 f  wclk_IBUF_BUFG_inst/O
                         net (fo=80, routed)          1.631    19.643    wclk_IBUF_BUFG
    SLICE_X3Y15          FDCE                                         r  rptr_gray_sync2_reg[0]/C  (IS_INVERTED)
                         clock pessimism              0.000    19.643    
                         clock uncertainty            0.135    19.778    
    SLICE_X3Y15          FDCE (Remov_fdce_C_CLR)     -0.205    19.573    rptr_gray_sync2_reg[0]
  -------------------------------------------------------------------
                         required time                        -19.573    
                         arrival time                          35.010    
  -------------------------------------------------------------------
                         slack                                 15.437    

Slack (MET) :             15.437ns  (arrival time - required time)
  Source:                 wrst_n
                            (input port clocked by wclk  {rise@0.000ns fall@15.000ns period=30.000ns})
  Destination:            wptr_bin_reg[2]/CLR
                            (removal check against rising-edge clock wclk  {rise@0.000ns fall@15.000ns period=30.000ns})
  Path Group:             **async_default**
  Path Type:              Removal (Min at Slow Process Corner)
  Requirement:            -15.000ns  (wclk fall@15.000ns - wclk rise@30.000ns)
  Data Path Delay:        3.010ns  (logic 0.897ns (29.813%)  route 2.113ns (70.187%))
  Logic Levels:           2  (IBUF=1 LUT1=1)
  Input Delay:            2.000ns
  Clock Path Skew:        4.643ns (DCD - SCD - CPR)
    Destination Clock Delay (DCD):    4.643ns = ( 19.643 - 15.000 ) 
    Source Clock Delay      (SCD):    0.000ns = ( 30.000 - 30.000 ) 
    Clock Pessimism Removal (CPR):    -0.000ns
  Clock Uncertainty:      0.135ns  ((TSJ^2 + TIJ^2)^1/2 + DJ) / 2 + PE + UU
    Total System Jitter     (TSJ):    0.071ns
    Total Input Jitter      (TIJ):    0.000ns
    Discrete Jitter          (DJ):    0.000ns
    Phase Error              (PE):    0.000ns
    User Uncertainty         (UU):    0.100ns

    Location             Delay type                Incr(ns)  Path(ns)    Netlist Resource(s)
  -------------------------------------------------------------------    -------------------
                         (clock wclk rise edge)      30.000    30.000 r  
                         input delay                  2.000    32.000    
    R18                                               0.000    32.000 r  wrst_n (IN)
                         net (fo=0)                   0.000    32.000    wrst_n
    R18                  IBUF (Prop_ibuf_I_O)         0.797    32.797 r  wrst_n_IBUF_inst/O
                         net (fo=9, routed)           1.670    34.468    wrst_n_IBUF
    SLICE_X4Y16          LUT1 (Prop_lut1_I0_O)        0.100    34.568 f  rptr_gray_sync1[3]_i_1/O
                         net (fo=16, routed)          0.443    35.010    rptr_gray_sync1[3]_i_1_n_0
    SLICE_X3Y15          FDCE                                         f  wptr_bin_reg[2]/CLR
  -------------------------------------------------------------------    -------------------

                         (clock wclk fall edge)      15.000    15.000 f  
    P18                                               0.000    15.000 f  wclk (IN)
                         net (fo=0)                   0.000    15.000    wclk
    P18                  IBUF (Prop_ibuf_I_O)         0.944    15.944 f  wclk_IBUF_inst/O
                         net (fo=1, routed)           1.972    17.916    wclk_IBUF
    BUFGCTRL_X0Y0        BUFG (Prop_bufg_I_O)         0.096    18.012 f  wclk_IBUF_BUFG_inst/O
                         net (fo=80, routed)          1.631    19.643    wclk_IBUF_BUFG
    SLICE_X3Y15          FDCE                                         r  wptr_bin_reg[2]/C  (IS_INVERTED)
                         clock pessimism              0.000    19.643    
                         clock uncertainty            0.135    19.778    
    SLICE_X3Y15          FDCE (Remov_fdce_C_CLR)     -0.205    19.573    wptr_bin_reg[2]
  -------------------------------------------------------------------
                         required time                        -19.573    
                         arrival time                          35.010    
  -------------------------------------------------------------------
                         slack                                 15.437    

Slack (MET) :             15.470ns  (arrival time - required time)
  Source:                 wrst_n
                            (input port clocked by wclk  {rise@0.000ns fall@15.000ns period=30.000ns})
  Destination:            rptr_gray_sync1_reg[1]/CLR
                            (removal check against rising-edge clock wclk  {rise@0.000ns fall@15.000ns period=30.000ns})
  Path Group:             **async_default**
  Path Type:              Removal (Min at Slow Process Corner)
  Requirement:            -15.000ns  (wclk fall@15.000ns - wclk rise@30.000ns)
  Data Path Delay:        3.043ns  (logic 0.897ns (29.492%)  route 2.146ns (70.508%))
  Logic Levels:           2  (IBUF=1 LUT1=1)
  Input Delay:            2.000ns
  Clock Path Skew:        4.642ns (DCD - SCD - CPR)
    Destination Clock Delay (DCD):    4.642ns = ( 19.642 - 15.000 ) 
    Source Clock Delay      (SCD):    0.000ns = ( 30.000 - 30.000 ) 
    Clock Pessimism Removal (CPR):    -0.000ns
  Clock Uncertainty:      0.135ns  ((TSJ^2 + TIJ^2)^1/2 + DJ) / 2 + PE + UU
    Total System Jitter     (TSJ):    0.071ns
    Total Input Jitter      (TIJ):    0.000ns
    Discrete Jitter          (DJ):    0.000ns
    Phase Error              (PE):    0.000ns
    User Uncertainty         (UU):    0.100ns

    Location             Delay type                Incr(ns)  Path(ns)    Netlist Resource(s)
  -------------------------------------------------------------------    -------------------
                         (clock wclk rise edge)      30.000    30.000 r  
                         input delay                  2.000    32.000    
    R18                                               0.000    32.000 r  wrst_n (IN)
                         net (fo=0)                   0.000    32.000    wrst_n
    R18                  IBUF (Prop_ibuf_I_O)         0.797    32.797 r  wrst_n_IBUF_inst/O
                         net (fo=9, routed)           1.670    34.468    wrst_n_IBUF
    SLICE_X4Y16          LUT1 (Prop_lut1_I0_O)        0.100    34.568 f  rptr_gray_sync1[3]_i_1/O
                         net (fo=16, routed)          0.475    35.043    rptr_gray_sync1[3]_i_1_n_0
    SLICE_X5Y14          FDCE                                         f  rptr_gray_sync1_reg[1]/CLR
  -------------------------------------------------------------------    -------------------

                         (clock wclk fall edge)      15.000    15.000 f  
    P18                                               0.000    15.000 f  wclk (IN)
                         net (fo=0)                   0.000    15.000    wclk
    P18                  IBUF (Prop_ibuf_I_O)         0.944    15.944 f  wclk_IBUF_inst/O
                         net (fo=1, routed)           1.972    17.916    wclk_IBUF
    BUFGCTRL_X0Y0        BUFG (Prop_bufg_I_O)         0.096    18.012 f  wclk_IBUF_BUFG_inst/O
                         net (fo=80, routed)          1.630    19.642    wclk_IBUF_BUFG
    SLICE_X5Y14          FDCE                                         r  rptr_gray_sync1_reg[1]/C  (IS_INVERTED)
                         clock pessimism              0.000    19.642    
                         clock uncertainty            0.135    19.777    
    SLICE_X5Y14          FDCE (Remov_fdce_C_CLR)     -0.205    19.572    rptr_gray_sync1_reg[1]
  -------------------------------------------------------------------
                         required time                        -19.572    
                         arrival time                          35.043    
  -------------------------------------------------------------------
                         slack                                 15.470    

Slack (MET) :             15.470ns  (arrival time - required time)
  Source:                 wrst_n
                            (input port clocked by wclk  {rise@0.000ns fall@15.000ns period=30.000ns})
  Destination:            rptr_gray_sync1_reg[3]/CLR
                            (removal check against rising-edge clock wclk  {rise@0.000ns fall@15.000ns period=30.000ns})
  Path Group:             **async_default**
  Path Type:              Removal (Min at Slow Process Corner)
  Requirement:            -15.000ns  (wclk fall@15.000ns - wclk rise@30.000ns)
  Data Path Delay:        3.043ns  (logic 0.897ns (29.492%)  route 2.146ns (70.508%))
  Logic Levels:           2  (IBUF=1 LUT1=1)
  Input Delay:            2.000ns
  Clock Path Skew:        4.642ns (DCD - SCD - CPR)
    Destination Clock Delay (DCD):    4.642ns = ( 19.642 - 15.000 ) 
    Source Clock Delay      (SCD):    0.000ns = ( 30.000 - 30.000 ) 
    Clock Pessimism Removal (CPR):    -0.000ns
  Clock Uncertainty:      0.135ns  ((TSJ^2 + TIJ^2)^1/2 + DJ) / 2 + PE + UU
    Total System Jitter     (TSJ):    0.071ns
    Total Input Jitter      (TIJ):    0.000ns
    Discrete Jitter          (DJ):    0.000ns
    Phase Error              (PE):    0.000ns
    User Uncertainty         (UU):    0.100ns

    Location             Delay type                Incr(ns)  Path(ns)    Netlist Resource(s)
  -------------------------------------------------------------------    -------------------
                         (clock wclk rise edge)      30.000    30.000 r  
                         input delay                  2.000    32.000    
    R18                                               0.000    32.000 r  wrst_n (IN)
                         net (fo=0)                   0.000    32.000    wrst_n
    R18                  IBUF (Prop_ibuf_I_O)         0.797    32.797 r  wrst_n_IBUF_inst/O
                         net (fo=9, routed)           1.670    34.468    wrst_n_IBUF
    SLICE_X4Y16          LUT1 (Prop_lut1_I0_O)        0.100    34.568 f  rptr_gray_sync1[3]_i_1/O
                         net (fo=16, routed)          0.475    35.043    rptr_gray_sync1[3]_i_1_n_0
    SLICE_X5Y14          FDCE                                         f  rptr_gray_sync1_reg[3]/CLR
  -------------------------------------------------------------------    -------------------

                         (clock wclk fall edge)      15.000    15.000 f  
    P18                                               0.000    15.000 f  wclk (IN)
                         net (fo=0)                   0.000    15.000    wclk
    P18                  IBUF (Prop_ibuf_I_O)         0.944    15.944 f  wclk_IBUF_inst/O
                         net (fo=1, routed)           1.972    17.916    wclk_IBUF
    BUFGCTRL_X0Y0        BUFG (Prop_bufg_I_O)         0.096    18.012 f  wclk_IBUF_BUFG_inst/O
                         net (fo=80, routed)          1.630    19.642    wclk_IBUF_BUFG
    SLICE_X5Y14          FDCE                                         r  rptr_gray_sync1_reg[3]/C  (IS_INVERTED)
                         clock pessimism              0.000    19.642    
                         clock uncertainty            0.135    19.777    
    SLICE_X5Y14          FDCE (Remov_fdce_C_CLR)     -0.205    19.572    rptr_gray_sync1_reg[3]
  -------------------------------------------------------------------
                         required time                        -19.572    
                         arrival time                          35.043    
  -------------------------------------------------------------------
                         slack                                 15.470    





