Copyright 1986-2018 Xilinx, Inc. All Rights Reserved.
-----------------------------------------------------------------------------------------------------------------------------------------------------------------------------------------------------------------------------
| Tool Version : Vivado v.2018.3 (win64) Build 2405991 Thu Dec  6 23:38:27 MST 2018
| Date         : Sun May 10 20:44:53 2026
| Host         : SHUBHAM running 64-bit major release  (build 9200)
| Command      : report_timing_summary -max_paths 10 -file async_fifo_posedge_timing_summary_routed.rpt -pb async_fifo_posedge_timing_summary_routed.pb -rpx async_fifo_posedge_timing_summary_routed.rpx -warn_on_violation
| Design       : async_fifo_posedge
| Device       : 7a35t-cpg236
| Speed File   : -1  PRODUCTION 1.23 2018-06-13
-----------------------------------------------------------------------------------------------------------------------------------------------------------------------------------------------------------------------------

Timing Summary Report

------------------------------------------------------------------------------------------------
| Timer Settings
| --------------
------------------------------------------------------------------------------------------------

  Enable Multi Corner Analysis               :  Yes
  Enable Pessimism Removal                   :  Yes
  Pessimism Removal Resolution               :  Nearest Common Node
  Enable Input Delay Default Clock           :  No
  Enable Preset / Clear Arcs                 :  No
  Disable Flight Delays                      :  No
  Ignore I/O Paths                           :  No
  Timing Early Launch at Borrowing Latches   :  false

  Corner  Analyze    Analyze    
  Name    Max Paths  Min Paths  
  ------  ---------  ---------  
  Slow    Yes        Yes        
  Fast    Yes        Yes        



check_timing report

Table of Contents
-----------------
1. checking no_clock
2. checking constant_clock
3. checking pulse_width_clock
4. checking unconstrained_internal_endpoints
5. checking no_input_delay
6. checking no_output_delay
7. checking multiple_clock
8. checking generated_clocks
9. checking loops
10. checking partial_input_delay
11. checking partial_output_delay
12. checking latch_loops

1. checking no_clock
--------------------
 There are 0 register/latch pins with no clock.


2. checking constant_clock
--------------------------
 There are 0 register/latch pins with constant_clock.


3. checking pulse_width_clock
-----------------------------
 There are 0 register/latch pins which need pulse_width check


4. checking unconstrained_internal_endpoints
--------------------------------------------
 There are 0 pins that are not constrained for maximum delay.

 There are 0 pins that are not constrained for maximum delay due to constant clock.


5. checking no_input_delay
--------------------------
 There are 0 input ports with no input delay specified.

 There are 0 input ports with no input delay but user has a false path constraint.


6. checking no_output_delay
---------------------------
 There are 0 ports with no output delay specified.

 There are 0 ports with no output delay but user has a false path constraint

 There are 0 ports with no output delay but with a timing clock defined on it or propagating through it


7. checking multiple_clock
--------------------------
 There are 0 register/latch pins with multiple clocks.


8. checking generated_clocks
----------------------------
 There are 0 generated clocks that are not connected to a clock source.


9. checking loops
-----------------
 There are 0 combinational loops in the design.


10. checking partial_input_delay
--------------------------------
 There are 0 input ports with partial input delay specified.


11. checking partial_output_delay
---------------------------------
 There are 0 ports with partial output delay specified.


12. checking latch_loops
------------------------
 There are 0 combinational latch loops in the design through latch input



------------------------------------------------------------------------------------------------
| Design Timing Summary
| ---------------------
------------------------------------------------------------------------------------------------

    WNS(ns)      TNS(ns)  TNS Failing Endpoints  TNS Total Endpoints      WHS(ns)      THS(ns)  THS Failing Endpoints  THS Total Endpoints     WPWS(ns)     TPWS(ns)  TPWS Failing Endpoints  TPWS Total Endpoints  
    -------      -------  ---------------------  -------------------      -------      -------  ---------------------  -------------------     --------     --------  ----------------------  --------------------  
     14.008        0.000                      0                  194        0.110        0.000                      0                  194       14.500        0.000                       0                    90  


All user specified timing constraints are met.


------------------------------------------------------------------------------------------------
| Clock Summary
| -------------
------------------------------------------------------------------------------------------------

Clock  Waveform(ns)       Period(ns)      Frequency(MHz)
-----  ------------       ----------      --------------
rclk   {0.000 20.000}     40.000          25.000          
wclk   {0.000 15.000}     30.000          33.333          


------------------------------------------------------------------------------------------------
| Intra Clock Table
| -----------------
------------------------------------------------------------------------------------------------

Clock             WNS(ns)      TNS(ns)  TNS Failing Endpoints  TNS Total Endpoints      WHS(ns)      THS(ns)  THS Failing Endpoints  THS Total Endpoints     WPWS(ns)     TPWS(ns)  TPWS Failing Endpoints  TPWS Total Endpoints  
-----             -------      -------  ---------------------  -------------------      -------      -------  ---------------------  -------------------     --------     --------  ----------------------  --------------------  
rclk               24.550        0.000                      0                   33        0.148        0.000                      0                   33       19.500        0.000                       0                    17  
wclk               14.008        0.000                      0                  137        0.148        0.000                      0                  137       14.500        0.000                       0                    73  


------------------------------------------------------------------------------------------------
| Inter Clock Table
| -----------------
------------------------------------------------------------------------------------------------

From Clock    To Clock          WNS(ns)      TNS(ns)  TNS Failing Endpoints  TNS Total Endpoints      WHS(ns)      THS(ns)  THS Failing Endpoints  THS Total Endpoints  
----------    --------          -------      -------  ---------------------  -------------------      -------      -------  ---------------------  -------------------  


------------------------------------------------------------------------------------------------
| Other Path Groups Table
| -----------------------
------------------------------------------------------------------------------------------------

Path Group         From Clock         To Clock               WNS(ns)      TNS(ns)  TNS Failing Endpoints  TNS Total Endpoints      WHS(ns)      THS(ns)  THS Failing Endpoints  THS Total Endpoints  
----------         ----------         --------               -------      -------  ---------------------  -------------------      -------      -------  ---------------------  -------------------  
**async_default**  rclk               rclk                    36.351        0.000                      0                   16        0.170        0.000                      0                   16  
**async_default**  wclk               wclk                    25.926        0.000                      0                    8        0.110        0.000                      0                    8  


------------------------------------------------------------------------------------------------
| Timing Details
| --------------
------------------------------------------------------------------------------------------------


---------------------------------------------------------------------------------------------------
From Clock:  rclk
  To Clock:  rclk

Setup :            0  Failing Endpoints,  Worst Slack       24.550ns,  Total Violation        0.000ns
Hold  :            0  Failing Endpoints,  Worst Slack        0.148ns,  Total Violation        0.000ns
PW    :            0  Failing Endpoints,  Worst Slack       19.500ns,  Total Violation        0.000ns
---------------------------------------------------------------------------------------------------


Max Delay Paths
--------------------------------------------------------------------------------------
Slack (MET) :             24.550ns  (required time - arrival time)
  Source:                 rptr_reg[2]/C
                            (rising edge-triggered cell FDCE clocked by rclk  {rise@0.000ns fall@20.000ns period=40.000ns})
  Destination:            empty
                            (output port clocked by rclk  {rise@0.000ns fall@20.000ns period=40.000ns})
  Path Group:             rclk
  Path Type:              Max at Slow Process Corner
  Requirement:            40.000ns  (rclk rise@40.000ns - rclk rise@0.000ns)
  Data Path Delay:        6.474ns  (logic 3.318ns (51.249%)  route 3.156ns (48.751%))
  Logic Levels:           3  (LUT3=1 LUT6=1 OBUF=1)
  Output Delay:           4.000ns
  Clock Path Skew:        -4.641ns (DCD - SCD + CPR)
    Destination Clock Delay (DCD):    0.000ns = ( 40.000 - 40.000 ) 
    Source Clock Delay      (SCD):    4.641ns
    Clock Pessimism Removal (CPR):    0.000ns
  Clock Uncertainty:      0.335ns  ((TSJ^2 + TIJ^2)^1/2 + DJ) / 2 + PE + UU
    Total System Jitter     (TSJ):    0.071ns
    Total Input Jitter      (TIJ):    0.000ns
    Discrete Jitter          (DJ):    0.000ns
    Phase Error              (PE):    0.000ns
    User Uncertainty         (UU):    0.300ns

    Location             Delay type                Incr(ns)  Path(ns)    Netlist Resource(s)
  -------------------------------------------------------------------    -------------------
                         (clock rclk rise edge)       0.000     0.000 r  
    M18                                               0.000     0.000 r  rclk (IN)
                         net (fo=0)                   0.000     0.000    rclk
    M18                  IBUF (Prop_ibuf_I_O)         0.938     0.938 r  rclk_IBUF_inst/O
                         net (fo=1, routed)           1.972     2.910    rclk_IBUF
    BUFGCTRL_X0Y1        BUFG (Prop_bufg_I_O)         0.096     3.006 r  rclk_IBUF_BUFG_inst/O
                         net (fo=16, routed)          1.635     4.641    rclk_IBUF_BUFG
    SLICE_X0Y11          FDCE                                         r  rptr_reg[2]/C
  -------------------------------------------------------------------    -------------------
    SLICE_X0Y11          FDCE (Prop_fdce_C_Q)         0.456     5.097 r  rptr_reg[2]/Q
                         net (fo=12, routed)          1.078     6.175    rptr_reg[2]
    SLICE_X0Y11          LUT6 (Prop_lut6_I3_O)        0.124     6.299 r  empty_OBUF_inst_i_2/O
                         net (fo=2, routed)           0.172     6.471    empty_OBUF_inst_i_2_n_0
    SLICE_X0Y11          LUT3 (Prop_lut3_I2_O)        0.124     6.595 r  empty_OBUF_inst_i_1/O
                         net (fo=1, routed)           1.906     8.501    empty_OBUF
    V15                  OBUF (Prop_obuf_I_O)         2.614    11.115 r  empty_OBUF_inst/O
                         net (fo=0)                   0.000    11.115    empty
    V15                                                               r  empty (OUT)
  -------------------------------------------------------------------    -------------------

                         (clock rclk rise edge)      40.000    40.000 r  
                         clock pessimism              0.000    40.000    
                         clock uncertainty           -0.335    39.665    
                         output delay                -4.000    35.665    
  -------------------------------------------------------------------
                         required time                         35.665    
                         arrival time                         -11.115    
  -------------------------------------------------------------------
                         slack                                 24.550    

Slack (MET) :             25.857ns  (required time - arrival time)
  Source:                 rdata_reg[1]/C
                            (rising edge-triggered cell FDCE clocked by rclk  {rise@0.000ns fall@20.000ns period=40.000ns})
  Destination:            rdata[1]
                            (output port clocked by rclk  {rise@0.000ns fall@20.000ns period=40.000ns})
  Path Group:             rclk
  Path Type:              Max at Slow Process Corner
  Requirement:            40.000ns  (rclk rise@40.000ns - rclk rise@0.000ns)
  Data Path Delay:        5.166ns  (logic 3.112ns (60.236%)  route 2.054ns (39.764%))
  Logic Levels:           1  (OBUF=1)
  Output Delay:           4.000ns
  Clock Path Skew:        -4.642ns (DCD - SCD + CPR)
    Destination Clock Delay (DCD):    0.000ns = ( 40.000 - 40.000 ) 
    Source Clock Delay      (SCD):    4.642ns
    Clock Pessimism Removal (CPR):    0.000ns
  Clock Uncertainty:      0.335ns  ((TSJ^2 + TIJ^2)^1/2 + DJ) / 2 + PE + UU
    Total System Jitter     (TSJ):    0.071ns
    Total Input Jitter      (TIJ):    0.000ns
    Discrete Jitter          (DJ):    0.000ns
    Phase Error              (PE):    0.000ns
    User Uncertainty         (UU):    0.300ns

    Location             Delay type                Incr(ns)  Path(ns)    Netlist Resource(s)
  -------------------------------------------------------------------    -------------------
                         (clock rclk rise edge)       0.000     0.000 r  
    M18                                               0.000     0.000 r  rclk (IN)
                         net (fo=0)                   0.000     0.000    rclk
    M18                  IBUF (Prop_ibuf_I_O)         0.938     0.938 r  rclk_IBUF_inst/O
                         net (fo=1, routed)           1.972     2.910    rclk_IBUF
    BUFGCTRL_X0Y1        BUFG (Prop_bufg_I_O)         0.096     3.006 r  rclk_IBUF_BUFG_inst/O
                         net (fo=16, routed)          1.636     4.642    rclk_IBUF_BUFG
    SLICE_X2Y10          FDCE                                         r  rdata_reg[1]/C
  -------------------------------------------------------------------    -------------------
    SLICE_X2Y10          FDCE (Prop_fdce_C_Q)         0.518     5.160 r  rdata_reg[1]/Q
                         net (fo=1, routed)           2.054     7.214    rdata_OBUF[1]
    V14                  OBUF (Prop_obuf_I_O)         2.594     9.808 r  rdata_OBUF[1]_inst/O
                         net (fo=0)                   0.000     9.808    rdata[1]
    V14                                                               r  rdata[1] (OUT)
  -------------------------------------------------------------------    -------------------

                         (clock rclk rise edge)      40.000    40.000 r  
                         clock pessimism              0.000    40.000    
                         clock uncertainty           -0.335    39.665    
                         output delay                -4.000    35.665    
  -------------------------------------------------------------------
                         required time                         35.665    
                         arrival time                          -9.808    
  -------------------------------------------------------------------
                         slack                                 25.857    

Slack (MET) :             25.867ns  (required time - arrival time)
  Source:                 rdata_reg[0]/C
                            (rising edge-triggered cell FDCE clocked by rclk  {rise@0.000ns fall@20.000ns period=40.000ns})
  Destination:            rdata[0]
                            (output port clocked by rclk  {rise@0.000ns fall@20.000ns period=40.000ns})
  Path Group:             rclk
  Path Type:              Max at Slow Process Corner
  Requirement:            40.000ns  (rclk rise@40.000ns - rclk rise@0.000ns)
  Data Path Delay:        5.156ns  (logic 3.055ns (59.254%)  route 2.101ns (40.746%))
  Logic Levels:           1  (OBUF=1)
  Output Delay:           4.000ns
  Clock Path Skew:        -4.642ns (DCD - SCD + CPR)
    Destination Clock Delay (DCD):    0.000ns = ( 40.000 - 40.000 ) 
    Source Clock Delay      (SCD):    4.642ns
    Clock Pessimism Removal (CPR):    0.000ns
  Clock Uncertainty:      0.335ns  ((TSJ^2 + TIJ^2)^1/2 + DJ) / 2 + PE + UU
    Total System Jitter     (TSJ):    0.071ns
    Total Input Jitter      (TIJ):    0.000ns
    Discrete Jitter          (DJ):    0.000ns
    Phase Error              (PE):    0.000ns
    User Uncertainty         (UU):    0.300ns

    Location             Delay type                Incr(ns)  Path(ns)    Netlist Resource(s)
  -------------------------------------------------------------------    -------------------
                         (clock rclk rise edge)       0.000     0.000 r  
    M18                                               0.000     0.000 r  rclk (IN)
                         net (fo=0)                   0.000     0.000    rclk
    M18                  IBUF (Prop_ibuf_I_O)         0.938     0.938 r  rclk_IBUF_inst/O
                         net (fo=1, routed)           1.972     2.910    rclk_IBUF
    BUFGCTRL_X0Y1        BUFG (Prop_bufg_I_O)         0.096     3.006 r  rclk_IBUF_BUFG_inst/O
                         net (fo=16, routed)          1.636     4.642    rclk_IBUF_BUFG
    SLICE_X3Y10          FDCE                                         r  rdata_reg[0]/C
  -------------------------------------------------------------------    -------------------
    SLICE_X3Y10          FDCE (Prop_fdce_C_Q)         0.456     5.098 r  rdata_reg[0]/Q
                         net (fo=1, routed)           2.101     7.199    rdata_OBUF[0]
    U14                  OBUF (Prop_obuf_I_O)         2.599     9.798 r  rdata_OBUF[0]_inst/O
                         net (fo=0)                   0.000     9.798    rdata[0]
    U14                                                               r  rdata[0] (OUT)
  -------------------------------------------------------------------    -------------------

                         (clock rclk rise edge)      40.000    40.000 r  
                         clock pessimism              0.000    40.000    
                         clock uncertainty           -0.335    39.665    
                         output delay                -4.000    35.665    
  -------------------------------------------------------------------
                         required time                         35.665    
                         arrival time                          -9.798    
  -------------------------------------------------------------------
                         slack                                 25.867    

Slack (MET) :             25.926ns  (required time - arrival time)
  Source:                 rdata_reg[4]/C
                            (rising edge-triggered cell FDCE clocked by rclk  {rise@0.000ns fall@20.000ns period=40.000ns})
  Destination:            rdata[4]
                            (output port clocked by rclk  {rise@0.000ns fall@20.000ns period=40.000ns})
  Path Group:             rclk
  Path Type:              Max at Slow Process Corner
  Requirement:            40.000ns  (rclk rise@40.000ns - rclk rise@0.000ns)
  Data Path Delay:        5.102ns  (logic 3.063ns (60.049%)  route 2.038ns (39.951%))
  Logic Levels:           1  (OBUF=1)
  Output Delay:           4.000ns
  Clock Path Skew:        -4.637ns (DCD - SCD + CPR)
    Destination Clock Delay (DCD):    0.000ns = ( 40.000 - 40.000 ) 
    Source Clock Delay      (SCD):    4.637ns
    Clock Pessimism Removal (CPR):    0.000ns
  Clock Uncertainty:      0.335ns  ((TSJ^2 + TIJ^2)^1/2 + DJ) / 2 + PE + UU
    Total System Jitter     (TSJ):    0.071ns
    Total Input Jitter      (TIJ):    0.000ns
    Discrete Jitter          (DJ):    0.000ns
    Phase Error              (PE):    0.000ns
    User Uncertainty         (UU):    0.300ns

    Location             Delay type                Incr(ns)  Path(ns)    Netlist Resource(s)
  -------------------------------------------------------------------    -------------------
                         (clock rclk rise edge)       0.000     0.000 r  
    M18                                               0.000     0.000 r  rclk (IN)
                         net (fo=0)                   0.000     0.000    rclk
    M18                  IBUF (Prop_ibuf_I_O)         0.938     0.938 r  rclk_IBUF_inst/O
                         net (fo=1, routed)           1.972     2.910    rclk_IBUF
    BUFGCTRL_X0Y1        BUFG (Prop_bufg_I_O)         0.096     3.006 r  rclk_IBUF_BUFG_inst/O
                         net (fo=16, routed)          1.631     4.637    rclk_IBUF_BUFG
    SLICE_X4Y12          FDCE                                         r  rdata_reg[4]/C
  -------------------------------------------------------------------    -------------------
    SLICE_X4Y12          FDCE (Prop_fdce_C_Q)         0.456     5.093 r  rdata_reg[4]/Q
                         net (fo=1, routed)           2.038     7.131    rdata_OBUF[4]
    U15                  OBUF (Prop_obuf_I_O)         2.607     9.739 r  rdata_OBUF[4]_inst/O
                         net (fo=0)                   0.000     9.739    rdata[4]
    U15                                                               r  rdata[4] (OUT)
  -------------------------------------------------------------------    -------------------

                         (clock rclk rise edge)      40.000    40.000 r  
                         clock pessimism              0.000    40.000    
                         clock uncertainty           -0.335    39.665    
                         output delay                -4.000    35.665    
  -------------------------------------------------------------------
                         required time                         35.665    
                         arrival time                          -9.739    
  -------------------------------------------------------------------
                         slack                                 25.926    

Slack (MET) :             25.961ns  (required time - arrival time)
  Source:                 rdata_reg[3]/C
                            (rising edge-triggered cell FDCE clocked by rclk  {rise@0.000ns fall@20.000ns period=40.000ns})
  Destination:            rdata[3]
                            (output port clocked by rclk  {rise@0.000ns fall@20.000ns period=40.000ns})
  Path Group:             rclk
  Path Type:              Max at Slow Process Corner
  Requirement:            40.000ns  (rclk rise@40.000ns - rclk rise@0.000ns)
  Data Path Delay:        5.061ns  (logic 3.054ns (60.334%)  route 2.008ns (39.666%))
  Logic Levels:           1  (OBUF=1)
  Output Delay:           4.000ns
  Clock Path Skew:        -4.642ns (DCD - SCD + CPR)
    Destination Clock Delay (DCD):    0.000ns = ( 40.000 - 40.000 ) 
    Source Clock Delay      (SCD):    4.642ns
    Clock Pessimism Removal (CPR):    0.000ns
  Clock Uncertainty:      0.335ns  ((TSJ^2 + TIJ^2)^1/2 + DJ) / 2 + PE + UU
    Total System Jitter     (TSJ):    0.071ns
    Total Input Jitter      (TIJ):    0.000ns
    Discrete Jitter          (DJ):    0.000ns
    Phase Error              (PE):    0.000ns
    User Uncertainty         (UU):    0.300ns

    Location             Delay type                Incr(ns)  Path(ns)    Netlist Resource(s)
  -------------------------------------------------------------------    -------------------
                         (clock rclk rise edge)       0.000     0.000 r  
    M18                                               0.000     0.000 r  rclk (IN)
                         net (fo=0)                   0.000     0.000    rclk
    M18                  IBUF (Prop_ibuf_I_O)         0.938     0.938 r  rclk_IBUF_inst/O
                         net (fo=1, routed)           1.972     2.910    rclk_IBUF
    BUFGCTRL_X0Y1        BUFG (Prop_bufg_I_O)         0.096     3.006 r  rclk_IBUF_BUFG_inst/O
                         net (fo=16, routed)          1.636     4.642    rclk_IBUF_BUFG
    SLICE_X3Y10          FDCE                                         r  rdata_reg[3]/C
  -------------------------------------------------------------------    -------------------
    SLICE_X3Y10          FDCE (Prop_fdce_C_Q)         0.456     5.098 r  rdata_reg[3]/Q
                         net (fo=1, routed)           2.008     7.106    rdata_OBUF[3]
    U16                  OBUF (Prop_obuf_I_O)         2.598     9.703 r  rdata_OBUF[3]_inst/O
                         net (fo=0)                   0.000     9.703    rdata[3]
    U16                                                               r  rdata[3] (OUT)
  -------------------------------------------------------------------    -------------------

                         (clock rclk rise edge)      40.000    40.000 r  
                         clock pessimism              0.000    40.000    
                         clock uncertainty           -0.335    39.665    
                         output delay                -4.000    35.665    
  -------------------------------------------------------------------
                         required time                         35.665    
                         arrival time                          -9.703    
  -------------------------------------------------------------------
                         slack                                 25.961    

Slack (MET) :             26.047ns  (required time - arrival time)
  Source:                 rdata_reg[6]/C
                            (rising edge-triggered cell FDCE clocked by rclk  {rise@0.000ns fall@20.000ns period=40.000ns})
  Destination:            rdata[6]
                            (output port clocked by rclk  {rise@0.000ns fall@20.000ns period=40.000ns})
  Path Group:             rclk
  Path Type:              Max at Slow Process Corner
  Requirement:            40.000ns  (rclk rise@40.000ns - rclk rise@0.000ns)
  Data Path Delay:        4.979ns  (logic 3.063ns (61.512%)  route 1.916ns (38.488%))
  Logic Levels:           1  (OBUF=1)
  Output Delay:           4.000ns
  Clock Path Skew:        -4.639ns (DCD - SCD + CPR)
    Destination Clock Delay (DCD):    0.000ns = ( 40.000 - 40.000 ) 
    Source Clock Delay      (SCD):    4.639ns
    Clock Pessimism Removal (CPR):    0.000ns
  Clock Uncertainty:      0.335ns  ((TSJ^2 + TIJ^2)^1/2 + DJ) / 2 + PE + UU
    Total System Jitter     (TSJ):    0.071ns
    Total Input Jitter      (TIJ):    0.000ns
    Discrete Jitter          (DJ):    0.000ns
    Phase Error              (PE):    0.000ns
    User Uncertainty         (UU):    0.300ns

    Location             Delay type                Incr(ns)  Path(ns)    Netlist Resource(s)
  -------------------------------------------------------------------    -------------------
                         (clock rclk rise edge)       0.000     0.000 r  
    M18                                               0.000     0.000 r  rclk (IN)
                         net (fo=0)                   0.000     0.000    rclk
    M18                  IBUF (Prop_ibuf_I_O)         0.938     0.938 r  rclk_IBUF_inst/O
                         net (fo=1, routed)           1.972     2.910    rclk_IBUF
    BUFGCTRL_X0Y1        BUFG (Prop_bufg_I_O)         0.096     3.006 r  rclk_IBUF_BUFG_inst/O
                         net (fo=16, routed)          1.633     4.639    rclk_IBUF_BUFG
    SLICE_X4Y10          FDCE                                         r  rdata_reg[6]/C
  -------------------------------------------------------------------    -------------------
    SLICE_X4Y10          FDCE (Prop_fdce_C_Q)         0.456     5.095 r  rdata_reg[6]/Q
                         net (fo=1, routed)           1.916     7.011    rdata_OBUF[6]
    W13                  OBUF (Prop_obuf_I_O)         2.607     9.618 r  rdata_OBUF[6]_inst/O
                         net (fo=0)                   0.000     9.618    rdata[6]
    W13                                                               r  rdata[6] (OUT)
  -------------------------------------------------------------------    -------------------

                         (clock rclk rise edge)      40.000    40.000 r  
                         clock pessimism              0.000    40.000    
                         clock uncertainty           -0.335    39.665    
                         output delay                -4.000    35.665    
  -------------------------------------------------------------------
                         required time                         35.665    
                         arrival time                          -9.618    
  -------------------------------------------------------------------
                         slack                                 26.047    

Slack (MET) :             26.058ns  (required time - arrival time)
  Source:                 rdata_reg[7]/C
                            (rising edge-triggered cell FDCE clocked by rclk  {rise@0.000ns fall@20.000ns period=40.000ns})
  Destination:            rdata[7]
                            (output port clocked by rclk  {rise@0.000ns fall@20.000ns period=40.000ns})
  Path Group:             rclk
  Path Type:              Max at Slow Process Corner
  Requirement:            40.000ns  (rclk rise@40.000ns - rclk rise@0.000ns)
  Data Path Delay:        4.965ns  (logic 3.117ns (62.770%)  route 1.848ns (37.230%))
  Logic Levels:           1  (OBUF=1)
  Output Delay:           4.000ns
  Clock Path Skew:        -4.642ns (DCD - SCD + CPR)
    Destination Clock Delay (DCD):    0.000ns = ( 40.000 - 40.000 ) 
    Source Clock Delay      (SCD):    4.642ns
    Clock Pessimism Removal (CPR):    0.000ns
  Clock Uncertainty:      0.335ns  ((TSJ^2 + TIJ^2)^1/2 + DJ) / 2 + PE + UU
    Total System Jitter     (TSJ):    0.071ns
    Total Input Jitter      (TIJ):    0.000ns
    Discrete Jitter          (DJ):    0.000ns
    Phase Error              (PE):    0.000ns
    User Uncertainty         (UU):    0.300ns

    Location             Delay type                Incr(ns)  Path(ns)    Netlist Resource(s)
  -------------------------------------------------------------------    -------------------
                         (clock rclk rise edge)       0.000     0.000 r  
    M18                                               0.000     0.000 r  rclk (IN)
                         net (fo=0)                   0.000     0.000    rclk
    M18                  IBUF (Prop_ibuf_I_O)         0.938     0.938 r  rclk_IBUF_inst/O
                         net (fo=1, routed)           1.972     2.910    rclk_IBUF
    BUFGCTRL_X0Y1        BUFG (Prop_bufg_I_O)         0.096     3.006 r  rclk_IBUF_BUFG_inst/O
                         net (fo=16, routed)          1.636     4.642    rclk_IBUF_BUFG
    SLICE_X2Y10          FDCE                                         r  rdata_reg[7]/C
  -------------------------------------------------------------------    -------------------
    SLICE_X2Y10          FDCE (Prop_fdce_C_Q)         0.518     5.160 r  rdata_reg[7]/Q
                         net (fo=1, routed)           1.848     7.008    rdata_OBUF[7]
    W15                  OBUF (Prop_obuf_I_O)         2.599     9.607 r  rdata_OBUF[7]_inst/O
                         net (fo=0)                   0.000     9.607    rdata[7]
    W15                                                               r  rdata[7] (OUT)
  -------------------------------------------------------------------    -------------------

                         (clock rclk rise edge)      40.000    40.000 r  
                         clock pessimism              0.000    40.000    
                         clock uncertainty           -0.335    39.665    
                         output delay                -4.000    35.665    
  -------------------------------------------------------------------
                         required time                         35.665    
                         arrival time                          -9.607    
  -------------------------------------------------------------------
                         slack                                 26.058    

Slack (MET) :             26.088ns  (required time - arrival time)
  Source:                 rdata_reg[2]/C
                            (rising edge-triggered cell FDCE clocked by rclk  {rise@0.000ns fall@20.000ns period=40.000ns})
  Destination:            rdata[2]
                            (output port clocked by rclk  {rise@0.000ns fall@20.000ns period=40.000ns})
  Path Group:             rclk
  Path Type:              Max at Slow Process Corner
  Requirement:            40.000ns  (rclk rise@40.000ns - rclk rise@0.000ns)
  Data Path Delay:        4.935ns  (logic 3.053ns (61.870%)  route 1.882ns (38.130%))
  Logic Levels:           1  (OBUF=1)
  Output Delay:           4.000ns
  Clock Path Skew:        -4.642ns (DCD - SCD + CPR)
    Destination Clock Delay (DCD):    0.000ns = ( 40.000 - 40.000 ) 
    Source Clock Delay      (SCD):    4.642ns
    Clock Pessimism Removal (CPR):    0.000ns
  Clock Uncertainty:      0.335ns  ((TSJ^2 + TIJ^2)^1/2 + DJ) / 2 + PE + UU
    Total System Jitter     (TSJ):    0.071ns
    Total Input Jitter      (TIJ):    0.000ns
    Discrete Jitter          (DJ):    0.000ns
    Phase Error              (PE):    0.000ns
    User Uncertainty         (UU):    0.300ns

    Location             Delay type                Incr(ns)  Path(ns)    Netlist Resource(s)
  -------------------------------------------------------------------    -------------------
                         (clock rclk rise edge)       0.000     0.000 r  
    M18                                               0.000     0.000 r  rclk (IN)
                         net (fo=0)                   0.000     0.000    rclk
    M18                  IBUF (Prop_ibuf_I_O)         0.938     0.938 r  rclk_IBUF_inst/O
                         net (fo=1, routed)           1.972     2.910    rclk_IBUF
    BUFGCTRL_X0Y1        BUFG (Prop_bufg_I_O)         0.096     3.006 r  rclk_IBUF_BUFG_inst/O
                         net (fo=16, routed)          1.636     4.642    rclk_IBUF_BUFG
    SLICE_X0Y10          FDCE                                         r  rdata_reg[2]/C
  -------------------------------------------------------------------    -------------------
    SLICE_X0Y10          FDCE (Prop_fdce_C_Q)         0.456     5.098 r  rdata_reg[2]/Q
                         net (fo=1, routed)           1.882     6.979    rdata_OBUF[2]
    V13                  OBUF (Prop_obuf_I_O)         2.597     9.577 r  rdata_OBUF[2]_inst/O
                         net (fo=0)                   0.000     9.577    rdata[2]
    V13                                                               r  rdata[2] (OUT)
  -------------------------------------------------------------------    -------------------

                         (clock rclk rise edge)      40.000    40.000 r  
                         clock pessimism              0.000    40.000    
                         clock uncertainty           -0.335    39.665    
                         output delay                -4.000    35.665    
  -------------------------------------------------------------------
                         required time                         35.665    
                         arrival time                          -9.577    
  -------------------------------------------------------------------
                         slack                                 26.088    

Slack (MET) :             26.106ns  (required time - arrival time)
  Source:                 rdata_reg[5]/C
                            (rising edge-triggered cell FDCE clocked by rclk  {rise@0.000ns fall@20.000ns period=40.000ns})
  Destination:            rdata[5]
                            (output port clocked by rclk  {rise@0.000ns fall@20.000ns period=40.000ns})
  Path Group:             rclk
  Path Type:              Max at Slow Process Corner
  Requirement:            40.000ns  (rclk rise@40.000ns - rclk rise@0.000ns)
  Data Path Delay:        4.920ns  (logic 3.054ns (62.061%)  route 1.867ns (37.939%))
  Logic Levels:           1  (OBUF=1)
  Output Delay:           4.000ns
  Clock Path Skew:        -4.639ns (DCD - SCD + CPR)
    Destination Clock Delay (DCD):    0.000ns = ( 40.000 - 40.000 ) 
    Source Clock Delay      (SCD):    4.639ns
    Clock Pessimism Removal (CPR):    0.000ns
  Clock Uncertainty:      0.335ns  ((TSJ^2 + TIJ^2)^1/2 + DJ) / 2 + PE + UU
    Total System Jitter     (TSJ):    0.071ns
    Total Input Jitter      (TIJ):    0.000ns
    Discrete Jitter          (DJ):    0.000ns
    Phase Error              (PE):    0.000ns
    User Uncertainty         (UU):    0.300ns

    Location             Delay type                Incr(ns)  Path(ns)    Netlist Resource(s)
  -------------------------------------------------------------------    -------------------
                         (clock rclk rise edge)       0.000     0.000 r  
    M18                                               0.000     0.000 r  rclk (IN)
                         net (fo=0)                   0.000     0.000    rclk
    M18                  IBUF (Prop_ibuf_I_O)         0.938     0.938 r  rclk_IBUF_inst/O
                         net (fo=1, routed)           1.972     2.910    rclk_IBUF
    BUFGCTRL_X0Y1        BUFG (Prop_bufg_I_O)         0.096     3.006 r  rclk_IBUF_BUFG_inst/O
                         net (fo=16, routed)          1.633     4.639    rclk_IBUF_BUFG
    SLICE_X4Y10          FDCE                                         r  rdata_reg[5]/C
  -------------------------------------------------------------------    -------------------
    SLICE_X4Y10          FDCE (Prop_fdce_C_Q)         0.456     5.095 r  rdata_reg[5]/Q
                         net (fo=1, routed)           1.867     6.962    rdata_OBUF[5]
    W14                  OBUF (Prop_obuf_I_O)         2.598     9.559 r  rdata_OBUF[5]_inst/O
                         net (fo=0)                   0.000     9.559    rdata[5]
    W14                                                               r  rdata[5] (OUT)
  -------------------------------------------------------------------    -------------------

                         (clock rclk rise edge)      40.000    40.000 r  
                         clock pessimism              0.000    40.000    
                         clock uncertainty           -0.335    39.665    
                         output delay                -4.000    35.665    
  -------------------------------------------------------------------
                         required time                         35.665    
                         arrival time                          -9.559    
  -------------------------------------------------------------------
                         slack                                 26.106    

Slack (MET) :             35.907ns  (required time - arrival time)
  Source:                 rd_en
                            (input port clocked by rclk  {rise@0.000ns fall@20.000ns period=40.000ns})
  Destination:            rdata_reg[5]/CE
                            (rising edge-triggered cell FDCE clocked by rclk  {rise@0.000ns fall@20.000ns period=40.000ns})
  Path Group:             rclk
  Path Type:              Setup (Max at Fast Process Corner)
  Requirement:            40.000ns  (rclk rise@40.000ns - rclk rise@0.000ns)
  Data Path Delay:        2.118ns  (logic 0.412ns (19.477%)  route 1.705ns (80.523%))
  Logic Levels:           2  (IBUF=1 LUT4=1)
  Input Delay:            3.000ns
  Clock Path Skew:        1.418ns (DCD - SCD + CPR)
    Destination Clock Delay (DCD):    1.418ns = ( 41.418 - 40.000 ) 
    Source Clock Delay      (SCD):    0.000ns
    Clock Pessimism Removal (CPR):    0.000ns
  Clock Uncertainty:      0.335ns  ((TSJ^2 + TIJ^2)^1/2 + DJ) / 2 + PE + UU
    Total System Jitter     (TSJ):    0.071ns
    Total Input Jitter      (TIJ):    0.000ns
    Discrete Jitter          (DJ):    0.000ns
    Phase Error              (PE):    0.000ns
    User Uncertainty         (UU):    0.300ns

    Location             Delay type                Incr(ns)  Path(ns)    Netlist Resource(s)
  -------------------------------------------------------------------    -------------------
                         (clock rclk rise edge)       0.000     0.000 r  
                         input delay                  3.000     3.000    
    W18                                               0.000     3.000 r  rd_en (IN)
                         net (fo=0)                   0.000     3.000    rd_en
    W18                  IBUF (Prop_ibuf_I_O)         0.356     3.356 r  rd_en_IBUF_inst/O
                         net (fo=1, routed)           1.407     4.764    rd_en_IBUF
    SLICE_X0Y11          LUT4 (Prop_lut4_I0_O)        0.056     4.820 r  rdata[7]_i_1/O
                         net (fo=12, routed)          0.298     5.118    rptr0
    SLICE_X4Y10          FDCE                                         r  rdata_reg[5]/CE
  -------------------------------------------------------------------    -------------------

                         (clock rclk rise edge)      40.000    40.000 r  
    M18                                               0.000    40.000 r  rclk (IN)
                         net (fo=0)                   0.000    40.000    rclk
    M18                  IBUF (Prop_ibuf_I_O)         0.167    40.167 r  rclk_IBUF_inst/O
                         net (fo=1, routed)           0.634    40.801    rclk_IBUF
    BUFGCTRL_X0Y1        BUFG (Prop_bufg_I_O)         0.026    40.827 r  rclk_IBUF_BUFG_inst/O
                         net (fo=16, routed)          0.591    41.418    rclk_IBUF_BUFG
    SLICE_X4Y10          FDCE                                         r  rdata_reg[5]/C
                         clock pessimism              0.000    41.418    
                         clock uncertainty           -0.335    41.082    
    SLICE_X4Y10          FDCE (Setup_fdce_C_CE)      -0.058    41.024    rdata_reg[5]
  -------------------------------------------------------------------
                         required time                         41.024    
                         arrival time                          -5.118    
  -------------------------------------------------------------------
                         slack                                 35.907    





Min Delay Paths
--------------------------------------------------------------------------------------
Slack (MET) :             0.148ns  (arrival time - required time)
  Source:                 rptr_reg[2]/C
                            (rising edge-triggered cell FDCE clocked by rclk  {rise@0.000ns fall@20.000ns period=40.000ns})
  Destination:            rdata_reg[2]/D
                            (rising edge-triggered cell FDCE clocked by rclk  {rise@0.000ns fall@20.000ns period=40.000ns})
  Path Group:             rclk
  Path Type:              Hold (Min at Fast Process Corner)
  Requirement:            0.000ns  (rclk rise@0.000ns - rclk rise@0.000ns)
  Data Path Delay:        0.369ns  (logic 0.226ns (61.324%)  route 0.143ns (38.676%))
  Logic Levels:           1  (MUXF7=1)
  Clock Path Skew:        0.016ns (DCD - SCD - CPR)
    Destination Clock Delay (DCD):    1.937ns
    Source Clock Delay      (SCD):    1.420ns
    Clock Pessimism Removal (CPR):    0.501ns
  Clock Uncertainty:      0.100ns  ((TSJ^2 + TIJ^2)^1/2 + DJ) / 2 + PE + UU
    Total System Jitter     (TSJ):    0.000ns
    Total Input Jitter      (TIJ):    0.000ns
    Discrete Jitter          (DJ):    0.000ns
    Phase Error              (PE):    0.000ns
    User Uncertainty         (UU):    0.100ns

    Location             Delay type                Incr(ns)  Path(ns)    Netlist Resource(s)
  -------------------------------------------------------------------    -------------------
                         (clock rclk rise edge)       0.000     0.000 r  
    M18                                               0.000     0.000 r  rclk (IN)
                         net (fo=0)                   0.000     0.000    rclk
    M18                  IBUF (Prop_ibuf_I_O)         0.167     0.167 r  rclk_IBUF_inst/O
                         net (fo=1, routed)           0.634     0.801    rclk_IBUF
    BUFGCTRL_X0Y1        BUFG (Prop_bufg_I_O)         0.026     0.827 r  rclk_IBUF_BUFG_inst/O
                         net (fo=16, routed)          0.593     1.420    rclk_IBUF_BUFG
    SLICE_X0Y11          FDCE                                         r  rptr_reg[2]/C
  -------------------------------------------------------------------    -------------------
    SLICE_X0Y11          FDCE (Prop_fdce_C_Q)         0.141     1.561 r  rptr_reg[2]/Q
                         net (fo=12, routed)          0.143     1.703    rptr_reg[2]
    SLICE_X0Y10          MUXF7 (Prop_muxf7_S_O)       0.085     1.788 r  rdata_reg[2]_i_1/O
                         net (fo=1, routed)           0.000     1.788    rdata_reg[2]_i_1_n_0
    SLICE_X0Y10          FDCE                                         r  rdata_reg[2]/D
  -------------------------------------------------------------------    -------------------

                         (clock rclk rise edge)       0.000     0.000 r  
    M18                                               0.000     0.000 r  rclk (IN)
                         net (fo=0)                   0.000     0.000    rclk
    M18                  IBUF (Prop_ibuf_I_O)         0.356     0.356 r  rclk_IBUF_inst/O
                         net (fo=1, routed)           0.689     1.044    rclk_IBUF
    BUFGCTRL_X0Y1        BUFG (Prop_bufg_I_O)         0.029     1.073 r  rclk_IBUF_BUFG_inst/O
                         net (fo=16, routed)          0.864     1.937    rclk_IBUF_BUFG
    SLICE_X0Y10          FDCE                                         r  rdata_reg[2]/C
                         clock pessimism             -0.501     1.436    
                         clock uncertainty            0.100     1.536    
    SLICE_X0Y10          FDCE (Hold_fdce_C_D)         0.105     1.641    rdata_reg[2]
  -------------------------------------------------------------------
                         required time                         -1.641    
                         arrival time                           1.788    
  -------------------------------------------------------------------
                         slack                                  0.148    

Slack (MET) :             0.214ns  (arrival time - required time)
  Source:                 rptr_reg[3]/C
                            (rising edge-triggered cell FDCE clocked by rclk  {rise@0.000ns fall@20.000ns period=40.000ns})
  Destination:            rptr_reg[3]/D
                            (rising edge-triggered cell FDCE clocked by rclk  {rise@0.000ns fall@20.000ns period=40.000ns})
  Path Group:             rclk
  Path Type:              Hold (Min at Fast Process Corner)
  Requirement:            0.000ns  (rclk rise@0.000ns - rclk rise@0.000ns)
  Data Path Delay:        0.421ns  (logic 0.230ns (54.584%)  route 0.191ns (45.416%))
  Logic Levels:           1  (LUT4=1)
  Clock Path Skew:        0.000ns (DCD - SCD - CPR)
    Destination Clock Delay (DCD):    1.937ns
    Source Clock Delay      (SCD):    1.420ns
    Clock Pessimism Removal (CPR):    0.517ns
  Clock Uncertainty:      0.100ns  ((TSJ^2 + TIJ^2)^1/2 + DJ) / 2 + PE + UU
    Total System Jitter     (TSJ):    0.000ns
    Total Input Jitter      (TIJ):    0.000ns
    Discrete Jitter          (DJ):    0.000ns
    Phase Error              (PE):    0.000ns
    User Uncertainty         (UU):    0.100ns

    Location             Delay type                Incr(ns)  Path(ns)    Netlist Resource(s)
  -------------------------------------------------------------------    -------------------
                         (clock rclk rise edge)       0.000     0.000 r  
    M18                                               0.000     0.000 r  rclk (IN)
                         net (fo=0)                   0.000     0.000    rclk
    M18                  IBUF (Prop_ibuf_I_O)         0.167     0.167 r  rclk_IBUF_inst/O
                         net (fo=1, routed)           0.634     0.801    rclk_IBUF
    BUFGCTRL_X0Y1        BUFG (Prop_bufg_I_O)         0.026     0.827 r  rclk_IBUF_BUFG_inst/O
                         net (fo=16, routed)          0.593     1.420    rclk_IBUF_BUFG
    SLICE_X0Y11          FDCE                                         r  rptr_reg[3]/C
  -------------------------------------------------------------------    -------------------
    SLICE_X0Y11          FDCE (Prop_fdce_C_Q)         0.128     1.548 r  rptr_reg[3]/Q
                         net (fo=4, routed)           0.191     1.739    rptr_reg[3]
    SLICE_X0Y11          LUT4 (Prop_lut4_I3_O)        0.102     1.841 r  rptr[3]_i_1/O
                         net (fo=1, routed)           0.000     1.841    p_0_in__0[3]
    SLICE_X0Y11          FDCE                                         r  rptr_reg[3]/D
  -------------------------------------------------------------------    -------------------

                         (clock rclk rise edge)       0.000     0.000 r  
    M18                                               0.000     0.000 r  rclk (IN)
                         net (fo=0)                   0.000     0.000    rclk
    M18                  IBUF (Prop_ibuf_I_O)         0.356     0.356 r  rclk_IBUF_inst/O
                         net (fo=1, routed)           0.689     1.044    rclk_IBUF
    BUFGCTRL_X0Y1        BUFG (Prop_bufg_I_O)         0.029     1.073 r  rclk_IBUF_BUFG_inst/O
                         net (fo=16, routed)          0.864     1.937    rclk_IBUF_BUFG
    SLICE_X0Y11          FDCE                                         r  rptr_reg[3]/C
                         clock pessimism             -0.517     1.420    
                         clock uncertainty            0.100     1.520    
    SLICE_X0Y11          FDCE (Hold_fdce_C_D)         0.107     1.627    rptr_reg[3]
  -------------------------------------------------------------------
                         required time                         -1.627    
                         arrival time                           1.841    
  -------------------------------------------------------------------
                         slack                                  0.214    

Slack (MET) :             0.226ns  (arrival time - required time)
  Source:                 rptr_reg[0]/C
                            (rising edge-triggered cell FDCE clocked by rclk  {rise@0.000ns fall@20.000ns period=40.000ns})
  Destination:            rdata_reg[3]/D
                            (rising edge-triggered cell FDCE clocked by rclk  {rise@0.000ns fall@20.000ns period=40.000ns})
  Path Group:             rclk
  Path Type:              Hold (Min at Fast Process Corner)
  Requirement:            0.000ns  (rclk rise@0.000ns - rclk rise@0.000ns)
  Data Path Delay:        0.447ns  (logic 0.260ns (58.179%)  route 0.187ns (41.821%))
  Logic Levels:           2  (LUT6=1 MUXF7=1)
  Clock Path Skew:        0.016ns (DCD - SCD - CPR)
    Destination Clock Delay (DCD):    1.937ns
    Source Clock Delay      (SCD):    1.420ns
    Clock Pessimism Removal (CPR):    0.501ns
  Clock Uncertainty:      0.100ns  ((TSJ^2 + TIJ^2)^1/2 + DJ) / 2 + PE + UU
    Total System Jitter     (TSJ):    0.000ns
    Total Input Jitter      (TIJ):    0.000ns
    Discrete Jitter          (DJ):    0.000ns
    Phase Error              (PE):    0.000ns
    User Uncertainty         (UU):    0.100ns

    Location             Delay type                Incr(ns)  Path(ns)    Netlist Resource(s)
  -------------------------------------------------------------------    -------------------
                         (clock rclk rise edge)       0.000     0.000 r  
    M18                                               0.000     0.000 r  rclk (IN)
                         net (fo=0)                   0.000     0.000    rclk
    M18                  IBUF (Prop_ibuf_I_O)         0.167     0.167 r  rclk_IBUF_inst/O
                         net (fo=1, routed)           0.634     0.801    rclk_IBUF
    BUFGCTRL_X0Y1        BUFG (Prop_bufg_I_O)         0.026     0.827 r  rclk_IBUF_BUFG_inst/O
                         net (fo=16, routed)          0.593     1.420    rclk_IBUF_BUFG
    SLICE_X0Y10          FDCE                                         r  rptr_reg[0]/C
  -------------------------------------------------------------------    -------------------
    SLICE_X0Y10          FDCE (Prop_fdce_C_Q)         0.141     1.561 r  rptr_reg[0]/Q
                         net (fo=22, routed)          0.187     1.748    rptr_reg[0]
    SLICE_X3Y10          LUT6 (Prop_lut6_I4_O)        0.045     1.793 r  rdata[3]_i_3/O
                         net (fo=1, routed)           0.000     1.793    rdata[3]_i_3_n_0
    SLICE_X3Y10          MUXF7 (Prop_muxf7_I1_O)      0.074     1.867 r  rdata_reg[3]_i_1/O
                         net (fo=1, routed)           0.000     1.867    rdata_reg[3]_i_1_n_0
    SLICE_X3Y10          FDCE                                         r  rdata_reg[3]/D
  -------------------------------------------------------------------    -------------------

                         (clock rclk rise edge)       0.000     0.000 r  
    M18                                               0.000     0.000 r  rclk (IN)
                         net (fo=0)                   0.000     0.000    rclk
    M18                  IBUF (Prop_ibuf_I_O)         0.356     0.356 r  rclk_IBUF_inst/O
                         net (fo=1, routed)           0.689     1.044    rclk_IBUF
    BUFGCTRL_X0Y1        BUFG (Prop_bufg_I_O)         0.029     1.073 r  rclk_IBUF_BUFG_inst/O
                         net (fo=16, routed)          0.864     1.937    rclk_IBUF_BUFG
    SLICE_X3Y10          FDCE                                         r  rdata_reg[3]/C
                         clock pessimism             -0.501     1.436    
                         clock uncertainty            0.100     1.536    
    SLICE_X3Y10          FDCE (Hold_fdce_C_D)         0.105     1.641    rdata_reg[3]
  -------------------------------------------------------------------
                         required time                         -1.641    
                         arrival time                           1.867    
  -------------------------------------------------------------------
                         slack                                  0.226    

Slack (MET) :             0.241ns  (arrival time - required time)
  Source:                 rptr_reg[2]/C
                            (rising edge-triggered cell FDCE clocked by rclk  {rise@0.000ns fall@20.000ns period=40.000ns})
  Destination:            rptr_reg[2]/D
                            (rising edge-triggered cell FDCE clocked by rclk  {rise@0.000ns fall@20.000ns period=40.000ns})
  Path Group:             rclk
  Path Type:              Hold (Min at Fast Process Corner)
  Requirement:            0.000ns  (rclk rise@0.000ns - rclk rise@0.000ns)
  Data Path Delay:        0.432ns  (logic 0.186ns (43.105%)  route 0.246ns (56.895%))
  Logic Levels:           1  (LUT3=1)
  Clock Path Skew:        0.000ns (DCD - SCD - CPR)
    Destination Clock Delay (DCD):    1.937ns
    Source Clock Delay      (SCD):    1.420ns
    Clock Pessimism Removal (CPR):    0.517ns
  Clock Uncertainty:      0.100ns  ((TSJ^2 + TIJ^2)^1/2 + DJ) / 2 + PE + UU
    Total System Jitter     (TSJ):    0.000ns
    Total Input Jitter      (TIJ):    0.000ns
    Discrete Jitter          (DJ):    0.000ns
    Phase Error              (PE):    0.000ns
    User Uncertainty         (UU):    0.100ns

    Location             Delay type                Incr(ns)  Path(ns)    Netlist Resource(s)
  -------------------------------------------------------------------    -------------------
                         (clock rclk rise edge)       0.000     0.000 r  
    M18                                               0.000     0.000 r  rclk (IN)
                         net (fo=0)                   0.000     0.000    rclk
    M18                  IBUF (Prop_ibuf_I_O)         0.167     0.167 r  rclk_IBUF_inst/O
                         net (fo=1, routed)           0.634     0.801    rclk_IBUF
    BUFGCTRL_X0Y1        BUFG (Prop_bufg_I_O)         0.026     0.827 r  rclk_IBUF_BUFG_inst/O
                         net (fo=16, routed)          0.593     1.420    rclk_IBUF_BUFG
    SLICE_X0Y11          FDCE                                         r  rptr_reg[2]/C
  -------------------------------------------------------------------    -------------------
    SLICE_X0Y11          FDCE (Prop_fdce_C_Q)         0.141     1.561 r  rptr_reg[2]/Q
                         net (fo=12, routed)          0.246     1.806    rptr_reg[2]
    SLICE_X0Y11          LUT3 (Prop_lut3_I2_O)        0.045     1.851 r  rptr[2]_i_1/O
                         net (fo=1, routed)           0.000     1.851    p_0_in__0[2]
    SLICE_X0Y11          FDCE                                         r  rptr_reg[2]/D
  -------------------------------------------------------------------    -------------------

                         (clock rclk rise edge)       0.000     0.000 r  
    M18                                               0.000     0.000 r  rclk (IN)
                         net (fo=0)                   0.000     0.000    rclk
    M18                  IBUF (Prop_ibuf_I_O)         0.356     0.356 r  rclk_IBUF_inst/O
                         net (fo=1, routed)           0.689     1.044    rclk_IBUF
    BUFGCTRL_X0Y1        BUFG (Prop_bufg_I_O)         0.029     1.073 r  rclk_IBUF_BUFG_inst/O
                         net (fo=16, routed)          0.864     1.937    rclk_IBUF_BUFG
    SLICE_X0Y11          FDCE                                         r  rptr_reg[2]/C
                         clock pessimism             -0.517     1.420    
                         clock uncertainty            0.100     1.520    
    SLICE_X0Y11          FDCE (Hold_fdce_C_D)         0.091     1.611    rptr_reg[2]
  -------------------------------------------------------------------
                         required time                         -1.611    
                         arrival time                           1.851    
  -------------------------------------------------------------------
                         slack                                  0.241    

Slack (MET) :             0.243ns  (arrival time - required time)
  Source:                 rptr_reg[0]/C
                            (rising edge-triggered cell FDCE clocked by rclk  {rise@0.000ns fall@20.000ns period=40.000ns})
  Destination:            rptr_reg[1]/D
                            (rising edge-triggered cell FDCE clocked by rclk  {rise@0.000ns fall@20.000ns period=40.000ns})
  Path Group:             rclk
  Path Type:              Hold (Min at Fast Process Corner)
  Requirement:            0.000ns  (rclk rise@0.000ns - rclk rise@0.000ns)
  Data Path Delay:        0.450ns  (logic 0.184ns (40.934%)  route 0.266ns (59.066%))
  Logic Levels:           1  (LUT2=1)
  Clock Path Skew:        0.000ns (DCD - SCD - CPR)
    Destination Clock Delay (DCD):    1.937ns
    Source Clock Delay      (SCD):    1.420ns
    Clock Pessimism Removal (CPR):    0.517ns
  Clock Uncertainty:      0.100ns  ((TSJ^2 + TIJ^2)^1/2 + DJ) / 2 + PE + UU
    Total System Jitter     (TSJ):    0.000ns
    Total Input Jitter      (TIJ):    0.000ns
    Discrete Jitter          (DJ):    0.000ns
    Phase Error              (PE):    0.000ns
    User Uncertainty         (UU):    0.100ns

    Location             Delay type                Incr(ns)  Path(ns)    Netlist Resource(s)
  -------------------------------------------------------------------    -------------------
                         (clock rclk rise edge)       0.000     0.000 r  
    M18                                               0.000     0.000 r  rclk (IN)
                         net (fo=0)                   0.000     0.000    rclk
    M18                  IBUF (Prop_ibuf_I_O)         0.167     0.167 r  rclk_IBUF_inst/O
                         net (fo=1, routed)           0.634     0.801    rclk_IBUF
    BUFGCTRL_X0Y1        BUFG (Prop_bufg_I_O)         0.026     0.827 r  rclk_IBUF_BUFG_inst/O
                         net (fo=16, routed)          0.593     1.420    rclk_IBUF_BUFG
    SLICE_X0Y10          FDCE                                         r  rptr_reg[0]/C
  -------------------------------------------------------------------    -------------------
    SLICE_X0Y10          FDCE (Prop_fdce_C_Q)         0.141     1.561 r  rptr_reg[0]/Q
                         net (fo=22, routed)          0.266     1.826    rptr_reg[0]
    SLICE_X0Y10          LUT2 (Prop_lut2_I0_O)        0.043     1.869 r  rptr[1]_i_1/O
                         net (fo=1, routed)           0.000     1.869    p_0_in__0[1]
    SLICE_X0Y10          FDCE                                         r  rptr_reg[1]/D
  -------------------------------------------------------------------    -------------------

                         (clock rclk rise edge)       0.000     0.000 r  
    M18                                               0.000     0.000 r  rclk (IN)
                         net (fo=0)                   0.000     0.000    rclk
    M18                  IBUF (Prop_ibuf_I_O)         0.356     0.356 r  rclk_IBUF_inst/O
                         net (fo=1, routed)           0.689     1.044    rclk_IBUF
    BUFGCTRL_X0Y1        BUFG (Prop_bufg_I_O)         0.029     1.073 r  rclk_IBUF_BUFG_inst/O
                         net (fo=16, routed)          0.864     1.937    rclk_IBUF_BUFG
    SLICE_X0Y10          FDCE                                         r  rptr_reg[1]/C
                         clock pessimism             -0.517     1.420    
                         clock uncertainty            0.100     1.520    
    SLICE_X0Y10          FDCE (Hold_fdce_C_D)         0.107     1.627    rptr_reg[1]
  -------------------------------------------------------------------
                         required time                         -1.627    
                         arrival time                           1.869    
  -------------------------------------------------------------------
                         slack                                  0.243    

Slack (MET) :             0.245ns  (arrival time - required time)
  Source:                 rptr_reg[2]/C
                            (rising edge-triggered cell FDCE clocked by rclk  {rise@0.000ns fall@20.000ns period=40.000ns})
  Destination:            rdata_reg[4]/D
                            (rising edge-triggered cell FDCE clocked by rclk  {rise@0.000ns fall@20.000ns period=40.000ns})
  Path Group:             rclk
  Path Type:              Hold (Min at Fast Process Corner)
  Requirement:            0.000ns  (rclk rise@0.000ns - rclk rise@0.000ns)
  Data Path Delay:        0.483ns  (logic 0.226ns (46.803%)  route 0.257ns (53.197%))
  Logic Levels:           1  (MUXF7=1)
  Clock Path Skew:        0.033ns (DCD - SCD - CPR)
    Destination Clock Delay (DCD):    1.933ns
    Source Clock Delay      (SCD):    1.420ns
    Clock Pessimism Removal (CPR):    0.480ns
  Clock Uncertainty:      0.100ns  ((TSJ^2 + TIJ^2)^1/2 + DJ) / 2 + PE + UU
    Total System Jitter     (TSJ):    0.000ns
    Total Input Jitter      (TIJ):    0.000ns
    Discrete Jitter          (DJ):    0.000ns
    Phase Error              (PE):    0.000ns
    User Uncertainty         (UU):    0.100ns

    Location             Delay type                Incr(ns)  Path(ns)    Netlist Resource(s)
  -------------------------------------------------------------------    -------------------
                         (clock rclk rise edge)       0.000     0.000 r  
    M18                                               0.000     0.000 r  rclk (IN)
                         net (fo=0)                   0.000     0.000    rclk
    M18                  IBUF (Prop_ibuf_I_O)         0.167     0.167 r  rclk_IBUF_inst/O
                         net (fo=1, routed)           0.634     0.801    rclk_IBUF
    BUFGCTRL_X0Y1        BUFG (Prop_bufg_I_O)         0.026     0.827 r  rclk_IBUF_BUFG_inst/O
                         net (fo=16, routed)          0.593     1.420    rclk_IBUF_BUFG
    SLICE_X0Y11          FDCE                                         r  rptr_reg[2]/C
  -------------------------------------------------------------------    -------------------
    SLICE_X0Y11          FDCE (Prop_fdce_C_Q)         0.141     1.561 r  rptr_reg[2]/Q
                         net (fo=12, routed)          0.257     1.818    rptr_reg[2]
    SLICE_X4Y12          MUXF7 (Prop_muxf7_S_O)       0.085     1.903 r  rdata_reg[4]_i_1/O
                         net (fo=1, routed)           0.000     1.903    rdata_reg[4]_i_1_n_0
    SLICE_X4Y12          FDCE                                         r  rdata_reg[4]/D
  -------------------------------------------------------------------    -------------------

                         (clock rclk rise edge)       0.000     0.000 r  
    M18                                               0.000     0.000 r  rclk (IN)
                         net (fo=0)                   0.000     0.000    rclk
    M18                  IBUF (Prop_ibuf_I_O)         0.356     0.356 r  rclk_IBUF_inst/O
                         net (fo=1, routed)           0.689     1.044    rclk_IBUF
    BUFGCTRL_X0Y1        BUFG (Prop_bufg_I_O)         0.029     1.073 r  rclk_IBUF_BUFG_inst/O
                         net (fo=16, routed)          0.860     1.933    rclk_IBUF_BUFG
    SLICE_X4Y12          FDCE                                         r  rdata_reg[4]/C
                         clock pessimism             -0.480     1.453    
                         clock uncertainty            0.100     1.553    
    SLICE_X4Y12          FDCE (Hold_fdce_C_D)         0.105     1.658    rdata_reg[4]
  -------------------------------------------------------------------
                         required time                         -1.658    
                         arrival time                           1.903    
  -------------------------------------------------------------------
                         slack                                  0.245    

Slack (MET) :             0.260ns  (arrival time - required time)
  Source:                 rptr_reg[0]/C
                            (rising edge-triggered cell FDCE clocked by rclk  {rise@0.000ns fall@20.000ns period=40.000ns})
  Destination:            rptr_reg[0]/D
                            (rising edge-triggered cell FDCE clocked by rclk  {rise@0.000ns fall@20.000ns period=40.000ns})
  Path Group:             rclk
  Path Type:              Hold (Min at Fast Process Corner)
  Requirement:            0.000ns  (rclk rise@0.000ns - rclk rise@0.000ns)
  Data Path Delay:        0.452ns  (logic 0.186ns (41.196%)  route 0.266ns (58.804%))
  Logic Levels:           1  (LUT1=1)
  Clock Path Skew:        0.000ns (DCD - SCD - CPR)
    Destination Clock Delay (DCD):    1.937ns
    Source Clock Delay      (SCD):    1.420ns
    Clock Pessimism Removal (CPR):    0.517ns
  Clock Uncertainty:      0.100ns  ((TSJ^2 + TIJ^2)^1/2 + DJ) / 2 + PE + UU
    Total System Jitter     (TSJ):    0.000ns
    Total Input Jitter      (TIJ):    0.000ns
    Discrete Jitter          (DJ):    0.000ns
    Phase Error              (PE):    0.000ns
    User Uncertainty         (UU):    0.100ns

    Location             Delay type                Incr(ns)  Path(ns)    Netlist Resource(s)
  -------------------------------------------------------------------    -------------------
                         (clock rclk rise edge)       0.000     0.000 r  
    M18                                               0.000     0.000 r  rclk (IN)
                         net (fo=0)                   0.000     0.000    rclk
    M18                  IBUF (Prop_ibuf_I_O)         0.167     0.167 r  rclk_IBUF_inst/O
                         net (fo=1, routed)           0.634     0.801    rclk_IBUF
    BUFGCTRL_X0Y1        BUFG (Prop_bufg_I_O)         0.026     0.827 r  rclk_IBUF_BUFG_inst/O
                         net (fo=16, routed)          0.593     1.420    rclk_IBUF_BUFG
    SLICE_X0Y10          FDCE                                         r  rptr_reg[0]/C
  -------------------------------------------------------------------    -------------------
    SLICE_X0Y10          FDCE (Prop_fdce_C_Q)         0.141     1.561 f  rptr_reg[0]/Q
                         net (fo=22, routed)          0.266     1.826    rptr_reg[0]
    SLICE_X0Y10          LUT1 (Prop_lut1_I0_O)        0.045     1.871 r  rptr[0]_i_1/O
                         net (fo=1, routed)           0.000     1.871    p_0_in__0[0]
    SLICE_X0Y10          FDCE                                         r  rptr_reg[0]/D
  -------------------------------------------------------------------    -------------------

                         (clock rclk rise edge)       0.000     0.000 r  
    M18                                               0.000     0.000 r  rclk (IN)
                         net (fo=0)                   0.000     0.000    rclk
    M18                  IBUF (Prop_ibuf_I_O)         0.356     0.356 r  rclk_IBUF_inst/O
                         net (fo=1, routed)           0.689     1.044    rclk_IBUF
    BUFGCTRL_X0Y1        BUFG (Prop_bufg_I_O)         0.029     1.073 r  rclk_IBUF_BUFG_inst/O
                         net (fo=16, routed)          0.864     1.937    rclk_IBUF_BUFG
    SLICE_X0Y10          FDCE                                         r  rptr_reg[0]/C
                         clock pessimism             -0.517     1.420    
                         clock uncertainty            0.100     1.520    
    SLICE_X0Y10          FDCE (Hold_fdce_C_D)         0.092     1.612    rptr_reg[0]
  -------------------------------------------------------------------
                         required time                         -1.612    
                         arrival time                           1.871    
  -------------------------------------------------------------------
                         slack                                  0.260    

Slack (MET) :             0.278ns  (arrival time - required time)
  Source:                 rptr_reg[0]/C
                            (rising edge-triggered cell FDCE clocked by rclk  {rise@0.000ns fall@20.000ns period=40.000ns})
  Destination:            rdata_reg[1]/D
                            (rising edge-triggered cell FDCE clocked by rclk  {rise@0.000ns fall@20.000ns period=40.000ns})
  Path Group:             rclk
  Path Type:              Hold (Min at Fast Process Corner)
  Requirement:            0.000ns  (rclk rise@0.000ns - rclk rise@0.000ns)
  Data Path Delay:        0.528ns  (logic 0.250ns (47.358%)  route 0.278ns (52.642%))
  Logic Levels:           2  (LUT6=1 MUXF7=1)
  Clock Path Skew:        0.016ns (DCD - SCD - CPR)
    Destination Clock Delay (DCD):    1.937ns
    Source Clock Delay      (SCD):    1.420ns
    Clock Pessimism Removal (CPR):    0.501ns
  Clock Uncertainty:      0.100ns  ((TSJ^2 + TIJ^2)^1/2 + DJ) / 2 + PE + UU
    Total System Jitter     (TSJ):    0.000ns
    Total Input Jitter      (TIJ):    0.000ns
    Discrete Jitter          (DJ):    0.000ns
    Phase Error              (PE):    0.000ns
    User Uncertainty         (UU):    0.100ns

    Location             Delay type                Incr(ns)  Path(ns)    Netlist Resource(s)
  -------------------------------------------------------------------    -------------------
                         (clock rclk rise edge)       0.000     0.000 r  
    M18                                               0.000     0.000 r  rclk (IN)
                         net (fo=0)                   0.000     0.000    rclk
    M18                  IBUF (Prop_ibuf_I_O)         0.167     0.167 r  rclk_IBUF_inst/O
                         net (fo=1, routed)           0.634     0.801    rclk_IBUF
    BUFGCTRL_X0Y1        BUFG (Prop_bufg_I_O)         0.026     0.827 r  rclk_IBUF_BUFG_inst/O
                         net (fo=16, routed)          0.593     1.420    rclk_IBUF_BUFG
    SLICE_X0Y10          FDCE                                         r  rptr_reg[0]/C
  -------------------------------------------------------------------    -------------------
    SLICE_X0Y10          FDCE (Prop_fdce_C_Q)         0.141     1.561 r  rptr_reg[0]/Q
                         net (fo=22, routed)          0.278     1.839    rptr_reg[0]
    SLICE_X2Y10          LUT6 (Prop_lut6_I4_O)        0.045     1.884 r  rdata[1]_i_3/O
                         net (fo=1, routed)           0.000     1.884    rdata[1]_i_3_n_0
    SLICE_X2Y10          MUXF7 (Prop_muxf7_I1_O)      0.064     1.948 r  rdata_reg[1]_i_1/O
                         net (fo=1, routed)           0.000     1.948    rdata_reg[1]_i_1_n_0
    SLICE_X2Y10          FDCE                                         r  rdata_reg[1]/D
  -------------------------------------------------------------------    -------------------

                         (clock rclk rise edge)       0.000     0.000 r  
    M18                                               0.000     0.000 r  rclk (IN)
                         net (fo=0)                   0.000     0.000    rclk
    M18                  IBUF (Prop_ibuf_I_O)         0.356     0.356 r  rclk_IBUF_inst/O
                         net (fo=1, routed)           0.689     1.044    rclk_IBUF
    BUFGCTRL_X0Y1        BUFG (Prop_bufg_I_O)         0.029     1.073 r  rclk_IBUF_BUFG_inst/O
                         net (fo=16, routed)          0.864     1.937    rclk_IBUF_BUFG
    SLICE_X2Y10          FDCE                                         r  rdata_reg[1]/C
                         clock pessimism             -0.501     1.436    
                         clock uncertainty            0.100     1.536    
    SLICE_X2Y10          FDCE (Hold_fdce_C_D)         0.134     1.670    rdata_reg[1]
  -------------------------------------------------------------------
                         required time                         -1.670    
                         arrival time                           1.948    
  -------------------------------------------------------------------
                         slack                                  0.278    

Slack (MET) :             0.305ns  (arrival time - required time)
  Source:                 rptr_reg[2]/C
                            (rising edge-triggered cell FDCE clocked by rclk  {rise@0.000ns fall@20.000ns period=40.000ns})
  Destination:            rdata_reg[5]/D
                            (rising edge-triggered cell FDCE clocked by rclk  {rise@0.000ns fall@20.000ns period=40.000ns})
  Path Group:             rclk
  Path Type:              Hold (Min at Fast Process Corner)
  Requirement:            0.000ns  (rclk rise@0.000ns - rclk rise@0.000ns)
  Data Path Delay:        0.545ns  (logic 0.226ns (41.479%)  route 0.319ns (58.521%))
  Logic Levels:           1  (MUXF7=1)
  Clock Path Skew:        0.035ns (DCD - SCD - CPR)
    Destination Clock Delay (DCD):    1.935ns
    Source Clock Delay      (SCD):    1.420ns
    Clock Pessimism Removal (CPR):    0.480ns
  Clock Uncertainty:      0.100ns  ((TSJ^2 + TIJ^2)^1/2 + DJ) / 2 + PE + UU
    Total System Jitter     (TSJ):    0.000ns
    Total Input Jitter      (TIJ):    0.000ns
    Discrete Jitter          (DJ):    0.000ns
    Phase Error              (PE):    0.000ns
    User Uncertainty         (UU):    0.100ns

    Location             Delay type                Incr(ns)  Path(ns)    Netlist Resource(s)
  -------------------------------------------------------------------    -------------------
                         (clock rclk rise edge)       0.000     0.000 r  
    M18                                               0.000     0.000 r  rclk (IN)
                         net (fo=0)                   0.000     0.000    rclk
    M18                  IBUF (Prop_ibuf_I_O)         0.167     0.167 r  rclk_IBUF_inst/O
                         net (fo=1, routed)           0.634     0.801    rclk_IBUF
    BUFGCTRL_X0Y1        BUFG (Prop_bufg_I_O)         0.026     0.827 r  rclk_IBUF_BUFG_inst/O
                         net (fo=16, routed)          0.593     1.420    rclk_IBUF_BUFG
    SLICE_X0Y11          FDCE                                         r  rptr_reg[2]/C
  -------------------------------------------------------------------    -------------------
    SLICE_X0Y11          FDCE (Prop_fdce_C_Q)         0.141     1.561 r  rptr_reg[2]/Q
                         net (fo=12, routed)          0.319     1.880    rptr_reg[2]
    SLICE_X4Y10          MUXF7 (Prop_muxf7_S_O)       0.085     1.965 r  rdata_reg[5]_i_1/O
                         net (fo=1, routed)           0.000     1.965    rdata_reg[5]_i_1_n_0
    SLICE_X4Y10          FDCE                                         r  rdata_reg[5]/D
  -------------------------------------------------------------------    -------------------

                         (clock rclk rise edge)       0.000     0.000 r  
    M18                                               0.000     0.000 r  rclk (IN)
                         net (fo=0)                   0.000     0.000    rclk
    M18                  IBUF (Prop_ibuf_I_O)         0.356     0.356 r  rclk_IBUF_inst/O
                         net (fo=1, routed)           0.689     1.044    rclk_IBUF
    BUFGCTRL_X0Y1        BUFG (Prop_bufg_I_O)         0.029     1.073 r  rclk_IBUF_BUFG_inst/O
                         net (fo=16, routed)          0.862     1.935    rclk_IBUF_BUFG
    SLICE_X4Y10          FDCE                                         r  rdata_reg[5]/C
                         clock pessimism             -0.480     1.455    
                         clock uncertainty            0.100     1.555    
    SLICE_X4Y10          FDCE (Hold_fdce_C_D)         0.105     1.660    rdata_reg[5]
  -------------------------------------------------------------------
                         required time                         -1.660    
                         arrival time                           1.965    
  -------------------------------------------------------------------
                         slack                                  0.305    

Slack (MET) :             0.352ns  (arrival time - required time)
  Source:                 rptr_reg[0]/C
                            (rising edge-triggered cell FDCE clocked by rclk  {rise@0.000ns fall@20.000ns period=40.000ns})
  Destination:            rdata_reg[7]/D
                            (rising edge-triggered cell FDCE clocked by rclk  {rise@0.000ns fall@20.000ns period=40.000ns})
  Path Group:             rclk
  Path Type:              Hold (Min at Fast Process Corner)
  Requirement:            0.000ns  (rclk rise@0.000ns - rclk rise@0.000ns)
  Data Path Delay:        0.602ns  (logic 0.259ns (43.014%)  route 0.343ns (56.986%))
  Logic Levels:           2  (LUT6=1 MUXF7=1)
  Clock Path Skew:        0.016ns (DCD - SCD - CPR)
    Destination Clock Delay (DCD):    1.937ns
    Source Clock Delay      (SCD):    1.420ns
    Clock Pessimism Removal (CPR):    0.501ns
  Clock Uncertainty:      0.100ns  ((TSJ^2 + TIJ^2)^1/2 + DJ) / 2 + PE + UU
    Total System Jitter     (TSJ):    0.000ns
    Total Input Jitter      (TIJ):    0.000ns
    Discrete Jitter          (DJ):    0.000ns
    Phase Error              (PE):    0.000ns
    User Uncertainty         (UU):    0.100ns

    Location             Delay type                Incr(ns)  Path(ns)    Netlist Resource(s)
  -------------------------------------------------------------------    -------------------
                         (clock rclk rise edge)       0.000     0.000 r  
    M18                                               0.000     0.000 r  rclk (IN)
                         net (fo=0)                   0.000     0.000    rclk
    M18                  IBUF (Prop_ibuf_I_O)         0.167     0.167 r  rclk_IBUF_inst/O
                         net (fo=1, routed)           0.634     0.801    rclk_IBUF
    BUFGCTRL_X0Y1        BUFG (Prop_bufg_I_O)         0.026     0.827 r  rclk_IBUF_BUFG_inst/O
                         net (fo=16, routed)          0.593     1.420    rclk_IBUF_BUFG
    SLICE_X0Y10          FDCE                                         r  rptr_reg[0]/C
  -------------------------------------------------------------------    -------------------
    SLICE_X0Y10          FDCE (Prop_fdce_C_Q)         0.141     1.561 r  rptr_reg[0]/Q
                         net (fo=22, routed)          0.343     1.904    rptr_reg[0]
    SLICE_X2Y10          LUT6 (Prop_lut6_I4_O)        0.045     1.949 r  rdata[7]_i_3/O
                         net (fo=1, routed)           0.000     1.949    rdata[7]_i_3_n_0
    SLICE_X2Y10          MUXF7 (Prop_muxf7_I0_O)      0.073     2.022 r  rdata_reg[7]_i_2/O
                         net (fo=1, routed)           0.000     2.022    rdata_reg[7]_i_2_n_0
    SLICE_X2Y10          FDCE                                         r  rdata_reg[7]/D
  -------------------------------------------------------------------    -------------------

                         (clock rclk rise edge)       0.000     0.000 r  
    M18                                               0.000     0.000 r  rclk (IN)
                         net (fo=0)                   0.000     0.000    rclk
    M18                  IBUF (Prop_ibuf_I_O)         0.356     0.356 r  rclk_IBUF_inst/O
                         net (fo=1, routed)           0.689     1.044    rclk_IBUF
    BUFGCTRL_X0Y1        BUFG (Prop_bufg_I_O)         0.029     1.073 r  rclk_IBUF_BUFG_inst/O
                         net (fo=16, routed)          0.864     1.937    rclk_IBUF_BUFG
    SLICE_X2Y10          FDCE                                         r  rdata_reg[7]/C
                         clock pessimism             -0.501     1.436    
                         clock uncertainty            0.100     1.536    
    SLICE_X2Y10          FDCE (Hold_fdce_C_D)         0.134     1.670    rdata_reg[7]
  -------------------------------------------------------------------
                         required time                         -1.670    
                         arrival time                           2.022    
  -------------------------------------------------------------------
                         slack                                  0.352    





Pulse Width Checks
--------------------------------------------------------------------------------------
Clock Name:         rclk
Waveform(ns):       { 0.000 20.000 }
Period(ns):         40.000
Sources:            { rclk }

Check Type        Corner  Lib Pin  Reference Pin  Required(ns)  Actual(ns)  Slack(ns)  Location       Pin
Min Period        n/a     BUFG/I   n/a            2.155         40.000      37.845     BUFGCTRL_X0Y1  rclk_IBUF_BUFG_inst/I
Min Period        n/a     FDCE/C   n/a            1.000         40.000      39.000     SLICE_X3Y10    rdata_reg[0]/C
Min Period        n/a     FDCE/C   n/a            1.000         40.000      39.000     SLICE_X2Y10    rdata_reg[1]/C
Min Period        n/a     FDCE/C   n/a            1.000         40.000      39.000     SLICE_X0Y10    rdata_reg[2]/C
Min Period        n/a     FDCE/C   n/a            1.000         40.000      39.000     SLICE_X3Y10    rdata_reg[3]/C
Min Period        n/a     FDCE/C   n/a            1.000         40.000      39.000     SLICE_X4Y12    rdata_reg[4]/C
Min Period        n/a     FDCE/C   n/a            1.000         40.000      39.000     SLICE_X4Y10    rdata_reg[5]/C
Min Period        n/a     FDCE/C   n/a            1.000         40.000      39.000     SLICE_X4Y10    rdata_reg[6]/C
Min Period        n/a     FDCE/C   n/a            1.000         40.000      39.000     SLICE_X2Y10    rdata_reg[7]/C
Min Period        n/a     FDCE/C   n/a            1.000         40.000      39.000     SLICE_X0Y10    rptr_reg[0]/C
Low Pulse Width   Fast    FDCE/C   n/a            0.500         20.000      19.500     SLICE_X3Y10    rdata_reg[0]/C
Low Pulse Width   Fast    FDCE/C   n/a            0.500         20.000      19.500     SLICE_X2Y10    rdata_reg[1]/C
Low Pulse Width   Fast    FDCE/C   n/a            0.500         20.000      19.500     SLICE_X0Y10    rdata_reg[2]/C
Low Pulse Width   Fast    FDCE/C   n/a            0.500         20.000      19.500     SLICE_X3Y10    rdata_reg[3]/C
Low Pulse Width   Fast    FDCE/C   n/a            0.500         20.000      19.500     SLICE_X2Y10    rdata_reg[7]/C
Low Pulse Width   Fast    FDCE/C   n/a            0.500         20.000      19.500     SLICE_X0Y10    rptr_reg[0]/C
Low Pulse Width   Fast    FDCE/C   n/a            0.500         20.000      19.500     SLICE_X0Y10    rptr_reg[1]/C
Low Pulse Width   Fast    FDCE/C   n/a            0.500         20.000      19.500     SLICE_X0Y11    rptr_reg[2]/C
Low Pulse Width   Fast    FDCE/C   n/a            0.500         20.000      19.500     SLICE_X0Y11    rptr_reg[3]/C
Low Pulse Width   Fast    FDCE/C   n/a            0.500         20.000      19.500     SLICE_X1Y11    wptr_sync_reg[0]/C
High Pulse Width  Slow    FDCE/C   n/a            0.500         20.000      19.500     SLICE_X3Y10    rdata_reg[0]/C
High Pulse Width  Slow    FDCE/C   n/a            0.500         20.000      19.500     SLICE_X2Y10    rdata_reg[1]/C
High Pulse Width  Slow    FDCE/C   n/a            0.500         20.000      19.500     SLICE_X0Y10    rdata_reg[2]/C
High Pulse Width  Slow    FDCE/C   n/a            0.500         20.000      19.500     SLICE_X3Y10    rdata_reg[3]/C
High Pulse Width  Slow    FDCE/C   n/a            0.500         20.000      19.500     SLICE_X2Y10    rdata_reg[7]/C
High Pulse Width  Slow    FDCE/C   n/a            0.500         20.000      19.500     SLICE_X0Y10    rptr_reg[0]/C
High Pulse Width  Slow    FDCE/C   n/a            0.500         20.000      19.500     SLICE_X0Y10    rptr_reg[1]/C
High Pulse Width  Slow    FDCE/C   n/a            0.500         20.000      19.500     SLICE_X0Y11    rptr_reg[2]/C
High Pulse Width  Slow    FDCE/C   n/a            0.500         20.000      19.500     SLICE_X0Y11    rptr_reg[3]/C
High Pulse Width  Slow    FDCE/C   n/a            0.500         20.000      19.500     SLICE_X1Y11    wptr_sync_reg[0]/C



---------------------------------------------------------------------------------------------------
From Clock:  wclk
  To Clock:  wclk

Setup :            0  Failing Endpoints,  Worst Slack       14.008ns,  Total Violation        0.000ns
Hold  :            0  Failing Endpoints,  Worst Slack        0.148ns,  Total Violation        0.000ns
PW    :            0  Failing Endpoints,  Worst Slack       14.500ns,  Total Violation        0.000ns
---------------------------------------------------------------------------------------------------


Max Delay Paths
--------------------------------------------------------------------------------------
Slack (MET) :             14.008ns  (required time - arrival time)
  Source:                 rptr_sync_reg[0]/C
                            (rising edge-triggered cell FDCE clocked by wclk  {rise@0.000ns fall@15.000ns period=30.000ns})
  Destination:            full
                            (output port clocked by wclk  {rise@0.000ns fall@15.000ns period=30.000ns})
  Path Group:             wclk
  Path Type:              Max at Slow Process Corner
  Requirement:            30.000ns  (wclk rise@30.000ns - wclk rise@0.000ns)
  Data Path Delay:        7.011ns  (logic 3.474ns (49.558%)  route 3.536ns (50.442%))
  Logic Levels:           2  (LUT5=1 OBUF=1)
  Output Delay:           4.000ns
  Clock Path Skew:        -4.646ns (DCD - SCD + CPR)
    Destination Clock Delay (DCD):    0.000ns = ( 30.000 - 30.000 ) 
    Source Clock Delay      (SCD):    4.646ns
    Clock Pessimism Removal (CPR):    0.000ns
  Clock Uncertainty:      0.335ns  ((TSJ^2 + TIJ^2)^1/2 + DJ) / 2 + PE + UU
    Total System Jitter     (TSJ):    0.071ns
    Total Input Jitter      (TIJ):    0.000ns
    Discrete Jitter          (DJ):    0.000ns
    Phase Error              (PE):    0.000ns
    User Uncertainty         (UU):    0.300ns

    Location             Delay type                Incr(ns)  Path(ns)    Netlist Resource(s)
  -------------------------------------------------------------------    -------------------
                         (clock wclk rise edge)       0.000     0.000 r  
    P18                                               0.000     0.000 r  wclk (IN)
                         net (fo=0)                   0.000     0.000    wclk
    P18                  IBUF (Prop_ibuf_I_O)         0.944     0.944 r  wclk_IBUF_inst/O
                         net (fo=1, routed)           1.972     2.916    wclk_IBUF
    BUFGCTRL_X0Y0        BUFG (Prop_bufg_I_O)         0.096     3.012 r  wclk_IBUF_BUFG_inst/O
                         net (fo=72, routed)          1.634     4.646    wclk_IBUF_BUFG
    SLICE_X2Y12          FDCE                                         r  rptr_sync_reg[0]/C
  -------------------------------------------------------------------    -------------------
    SLICE_X2Y12          FDCE (Prop_fdce_C_Q)         0.518     5.164 r  rptr_sync_reg[0]/Q
                         net (fo=10, routed)          1.626     6.790    rptr_sync[0]
    SLICE_X1Y12          LUT5 (Prop_lut5_I0_O)        0.152     6.942 r  full_OBUF_inst_i_1/O
                         net (fo=1, routed)           1.910     8.852    full_OBUF
    W17                  OBUF (Prop_obuf_I_O)         2.804    11.657 r  full_OBUF_inst/O
                         net (fo=0)                   0.000    11.657    full
    W17                                                               r  full (OUT)
  -------------------------------------------------------------------    -------------------

                         (clock wclk rise edge)      30.000    30.000 r  
                         clock pessimism              0.000    30.000    
                         clock uncertainty           -0.335    29.665    
                         output delay                -4.000    25.665    
  -------------------------------------------------------------------
                         required time                         25.665    
                         arrival time                         -11.657    
  -------------------------------------------------------------------
                         slack                                 14.008    

Slack (MET) :             24.418ns  (required time - arrival time)
  Source:                 wdata[0]
                            (input port clocked by wclk  {rise@0.000ns fall@15.000ns period=30.000ns})
  Destination:            mem_reg[0][0]/D
                            (rising edge-triggered cell FDRE clocked by wclk  {rise@0.000ns fall@15.000ns period=30.000ns})
  Path Group:             wclk
  Path Type:              Setup (Max at Slow Process Corner)
  Requirement:            30.000ns  (wclk rise@30.000ns - wclk rise@0.000ns)
  Data Path Delay:        5.939ns  (logic 0.949ns (15.976%)  route 4.990ns (84.024%))
  Logic Levels:           1  (IBUF=1)
  Input Delay:            3.500ns
  Clock Path Skew:        4.287ns (DCD - SCD + CPR)
    Destination Clock Delay (DCD):    4.287ns = ( 34.287 - 30.000 ) 
    Source Clock Delay      (SCD):    0.000ns
    Clock Pessimism Removal (CPR):    0.000ns
  Clock Uncertainty:      0.335ns  ((TSJ^2 + TIJ^2)^1/2 + DJ) / 2 + PE + UU
    Total System Jitter     (TSJ):    0.071ns
    Total Input Jitter      (TIJ):    0.000ns
    Discrete Jitter          (DJ):    0.000ns
    Phase Error              (PE):    0.000ns
    User Uncertainty         (UU):    0.300ns

    Location             Delay type                Incr(ns)  Path(ns)    Netlist Resource(s)
  -------------------------------------------------------------------    -------------------
                         (clock wclk rise edge)       0.000     0.000 r  
                         input delay                  3.500     3.500    
    W16                                               0.000     3.500 r  wdata[0] (IN)
                         net (fo=0)                   0.000     3.500    wdata[0]
    W16                  IBUF (Prop_ibuf_I_O)         0.949     4.449 r  wdata_IBUF[0]_inst/O
                         net (fo=8, routed)           4.990     9.439    wdata_IBUF[0]
    SLICE_X3Y9           FDRE                                         r  mem_reg[0][0]/D
  -------------------------------------------------------------------    -------------------

                         (clock wclk rise edge)      30.000    30.000 r  
    P18                                               0.000    30.000 r  wclk (IN)
                         net (fo=0)                   0.000    30.000    wclk
    P18                  IBUF (Prop_ibuf_I_O)         0.811    30.811 r  wclk_IBUF_inst/O
                         net (fo=1, routed)           1.868    32.679    wclk_IBUF
    BUFGCTRL_X0Y0        BUFG (Prop_bufg_I_O)         0.091    32.770 r  wclk_IBUF_BUFG_inst/O
                         net (fo=72, routed)          1.517    34.287    wclk_IBUF_BUFG
    SLICE_X3Y9           FDRE                                         r  mem_reg[0][0]/C
                         clock pessimism              0.000    34.287    
                         clock uncertainty           -0.335    33.952    
    SLICE_X3Y9           FDRE (Setup_fdre_C_D)       -0.095    33.857    mem_reg[0][0]
  -------------------------------------------------------------------
                         required time                         33.857    
                         arrival time                          -9.439    
  -------------------------------------------------------------------
                         slack                                 24.418    

Slack (MET) :             24.747ns  (required time - arrival time)
  Source:                 wdata[1]
                            (input port clocked by wclk  {rise@0.000ns fall@15.000ns period=30.000ns})
  Destination:            mem_reg[2][1]/D
                            (rising edge-triggered cell FDRE clocked by wclk  {rise@0.000ns fall@15.000ns period=30.000ns})
  Path Group:             wclk
  Path Type:              Setup (Max at Slow Process Corner)
  Requirement:            30.000ns  (wclk rise@30.000ns - wclk rise@0.000ns)
  Data Path Delay:        5.611ns  (logic 0.938ns (16.716%)  route 4.673ns (83.284%))
  Logic Levels:           1  (IBUF=1)
  Input Delay:            3.500ns
  Clock Path Skew:        4.286ns (DCD - SCD + CPR)
    Destination Clock Delay (DCD):    4.286ns = ( 34.286 - 30.000 ) 
    Source Clock Delay      (SCD):    0.000ns
    Clock Pessimism Removal (CPR):    0.000ns
  Clock Uncertainty:      0.335ns  ((TSJ^2 + TIJ^2)^1/2 + DJ) / 2 + PE + UU
    Total System Jitter     (TSJ):    0.071ns
    Total Input Jitter      (TIJ):    0.000ns
    Discrete Jitter          (DJ):    0.000ns
    Phase Error              (PE):    0.000ns
    User Uncertainty         (UU):    0.300ns

    Location             Delay type                Incr(ns)  Path(ns)    Netlist Resource(s)
  -------------------------------------------------------------------    -------------------
                         (clock wclk rise edge)       0.000     0.000 r  
                         input delay                  3.500     3.500    
    V17                                               0.000     3.500 r  wdata[1] (IN)
                         net (fo=0)                   0.000     3.500    wdata[1]
    V17                  IBUF (Prop_ibuf_I_O)         0.938     4.438 r  wdata_IBUF[1]_inst/O
                         net (fo=8, routed)           4.673     9.111    wdata_IBUF[1]
    SLICE_X3Y11          FDRE                                         r  mem_reg[2][1]/D
  -------------------------------------------------------------------    -------------------

                         (clock wclk rise edge)      30.000    30.000 r  
    P18                                               0.000    30.000 r  wclk (IN)
                         net (fo=0)                   0.000    30.000    wclk
    P18                  IBUF (Prop_ibuf_I_O)         0.811    30.811 r  wclk_IBUF_inst/O
                         net (fo=1, routed)           1.868    32.679    wclk_IBUF
    BUFGCTRL_X0Y0        BUFG (Prop_bufg_I_O)         0.091    32.770 r  wclk_IBUF_BUFG_inst/O
                         net (fo=72, routed)          1.516    34.286    wclk_IBUF_BUFG
    SLICE_X3Y11          FDRE                                         r  mem_reg[2][1]/C
                         clock pessimism              0.000    34.286    
                         clock uncertainty           -0.335    33.951    
    SLICE_X3Y11          FDRE (Setup_fdre_C_D)       -0.093    33.858    mem_reg[2][1]
  -------------------------------------------------------------------
                         required time                         33.858    
                         arrival time                          -9.111    
  -------------------------------------------------------------------
                         slack                                 24.747    

Slack (MET) :             24.777ns  (required time - arrival time)
  Source:                 wdata[5]
                            (input port clocked by wclk  {rise@0.000ns fall@15.000ns period=30.000ns})
  Destination:            mem_reg[5][5]/D
                            (rising edge-triggered cell FDRE clocked by wclk  {rise@0.000ns fall@15.000ns period=30.000ns})
  Path Group:             wclk
  Path Type:              Setup (Max at Slow Process Corner)
  Requirement:            30.000ns  (wclk rise@30.000ns - wclk rise@0.000ns)
  Data Path Delay:        5.626ns  (logic 0.939ns (16.687%)  route 4.687ns (83.313%))
  Logic Levels:           1  (IBUF=1)
  Input Delay:            3.500ns
  Clock Path Skew:        4.285ns (DCD - SCD + CPR)
    Destination Clock Delay (DCD):    4.285ns = ( 34.285 - 30.000 ) 
    Source Clock Delay      (SCD):    0.000ns
    Clock Pessimism Removal (CPR):    0.000ns
  Clock Uncertainty:      0.335ns  ((TSJ^2 + TIJ^2)^1/2 + DJ) / 2 + PE + UU
    Total System Jitter     (TSJ):    0.071ns
    Total Input Jitter      (TIJ):    0.000ns
    Discrete Jitter          (DJ):    0.000ns
    Phase Error              (PE):    0.000ns
    User Uncertainty         (UU):    0.300ns

    Location             Delay type                Incr(ns)  Path(ns)    Netlist Resource(s)
  -------------------------------------------------------------------    -------------------
                         (clock wclk rise edge)       0.000     0.000 r  
                         input delay                  3.500     3.500    
    T18                                               0.000     3.500 r  wdata[5] (IN)
                         net (fo=0)                   0.000     3.500    wdata[5]
    T18                  IBUF (Prop_ibuf_I_O)         0.939     4.439 r  wdata_IBUF[5]_inst/O
                         net (fo=8, routed)           4.687     9.126    wdata_IBUF[5]
    SLICE_X5Y10          FDRE                                         r  mem_reg[5][5]/D
  -------------------------------------------------------------------    -------------------

                         (clock wclk rise edge)      30.000    30.000 r  
    P18                                               0.000    30.000 r  wclk (IN)
                         net (fo=0)                   0.000    30.000    wclk
    P18                  IBUF (Prop_ibuf_I_O)         0.811    30.811 r  wclk_IBUF_inst/O
                         net (fo=1, routed)           1.868    32.679    wclk_IBUF
    BUFGCTRL_X0Y0        BUFG (Prop_bufg_I_O)         0.091    32.770 r  wclk_IBUF_BUFG_inst/O
                         net (fo=72, routed)          1.515    34.285    wclk_IBUF_BUFG
    SLICE_X5Y10          FDRE                                         r  mem_reg[5][5]/C
                         clock pessimism              0.000    34.285    
                         clock uncertainty           -0.335    33.950    
    SLICE_X5Y10          FDRE (Setup_fdre_C_D)       -0.047    33.903    mem_reg[5][5]
  -------------------------------------------------------------------
                         required time                         33.903    
                         arrival time                          -9.126    
  -------------------------------------------------------------------
                         slack                                 24.777    

Slack (MET) :             24.800ns  (required time - arrival time)
  Source:                 wdata[6]
                            (input port clocked by wclk  {rise@0.000ns fall@15.000ns period=30.000ns})
  Destination:            mem_reg[0][6]/D
                            (rising edge-triggered cell FDRE clocked by wclk  {rise@0.000ns fall@15.000ns period=30.000ns})
  Path Group:             wclk
  Path Type:              Setup (Max at Fast Process Corner)
  Requirement:            30.000ns  (wclk rise@30.000ns - wclk rise@0.000ns)
  Data Path Delay:        2.787ns  (logic 0.354ns (12.697%)  route 2.433ns (87.303%))
  Logic Levels:           1  (IBUF=1)
  Input Delay:            3.500ns
  Clock Path Skew:        1.427ns (DCD - SCD + CPR)
    Destination Clock Delay (DCD):    1.427ns = ( 31.427 - 30.000 ) 
    Source Clock Delay      (SCD):    0.000ns
    Clock Pessimism Removal (CPR):    0.000ns
  Clock Uncertainty:      0.335ns  ((TSJ^2 + TIJ^2)^1/2 + DJ) / 2 + PE + UU
    Total System Jitter     (TSJ):    0.071ns
    Total Input Jitter      (TIJ):    0.000ns
    Discrete Jitter          (DJ):    0.000ns
    Phase Error              (PE):    0.000ns
    User Uncertainty         (UU):    0.300ns

    Location             Delay type                Incr(ns)  Path(ns)    Netlist Resource(s)
  -------------------------------------------------------------------    -------------------
                         (clock wclk rise edge)       0.000     0.000 r  
                         input delay                  3.500     3.500    
    T17                                               0.000     3.500 r  wdata[6] (IN)
                         net (fo=0)                   0.000     3.500    wdata[6]
    T17                  IBUF (Prop_ibuf_I_O)         0.354     3.854 r  wdata_IBUF[6]_inst/O
                         net (fo=8, routed)           2.433     6.287    wdata_IBUF[6]
    SLICE_X3Y9           FDRE                                         r  mem_reg[0][6]/D
  -------------------------------------------------------------------    -------------------

                         (clock wclk rise edge)      30.000    30.000 r  
    P18                                               0.000    30.000 r  wclk (IN)
                         net (fo=0)                   0.000    30.000    wclk
    P18                  IBUF (Prop_ibuf_I_O)         0.173    30.173 r  wclk_IBUF_inst/O
                         net (fo=1, routed)           0.634    30.807    wclk_IBUF
    BUFGCTRL_X0Y0        BUFG (Prop_bufg_I_O)         0.026    30.833 r  wclk_IBUF_BUFG_inst/O
                         net (fo=72, routed)          0.594    31.427    wclk_IBUF_BUFG
    SLICE_X3Y9           FDRE                                         r  mem_reg[0][6]/C
                         clock pessimism              0.000    31.427    
                         clock uncertainty           -0.335    31.092    
    SLICE_X3Y9           FDRE (Setup_fdre_C_D)       -0.005    31.087    mem_reg[0][6]
  -------------------------------------------------------------------
                         required time                         31.087    
                         arrival time                          -6.287    
  -------------------------------------------------------------------
                         slack                                 24.800    

Slack (MET) :             24.853ns  (required time - arrival time)
  Source:                 wdata[4]
                            (input port clocked by wclk  {rise@0.000ns fall@15.000ns period=30.000ns})
  Destination:            mem_reg[3][4]/D
                            (rising edge-triggered cell FDRE clocked by wclk  {rise@0.000ns fall@15.000ns period=30.000ns})
  Path Group:             wclk
  Path Type:              Setup (Max at Fast Process Corner)
  Requirement:            30.000ns  (wclk rise@30.000ns - wclk rise@0.000ns)
  Data Path Delay:        2.695ns  (logic 0.355ns (13.179%)  route 2.340ns (86.821%))
  Logic Levels:           1  (IBUF=1)
  Input Delay:            3.500ns
  Clock Path Skew:        1.426ns (DCD - SCD + CPR)
    Destination Clock Delay (DCD):    1.426ns = ( 31.426 - 30.000 ) 
    Source Clock Delay      (SCD):    0.000ns
    Clock Pessimism Removal (CPR):    0.000ns
  Clock Uncertainty:      0.335ns  ((TSJ^2 + TIJ^2)^1/2 + DJ) / 2 + PE + UU
    Total System Jitter     (TSJ):    0.071ns
    Total Input Jitter      (TIJ):    0.000ns
    Discrete Jitter          (DJ):    0.000ns
    Phase Error              (PE):    0.000ns
    User Uncertainty         (UU):    0.300ns

    Location             Delay type                Incr(ns)  Path(ns)    Netlist Resource(s)
  -------------------------------------------------------------------    -------------------
                         (clock wclk rise edge)       0.000     0.000 r  
                         input delay                  3.500     3.500    
    U17                                               0.000     3.500 r  wdata[4] (IN)
                         net (fo=0)                   0.000     3.500    wdata[4]
    U17                  IBUF (Prop_ibuf_I_O)         0.355     3.855 r  wdata_IBUF[4]_inst/O
                         net (fo=8, routed)           2.340     6.195    wdata_IBUF[4]
    SLICE_X2Y11          FDRE                                         r  mem_reg[3][4]/D
  -------------------------------------------------------------------    -------------------

                         (clock wclk rise edge)      30.000    30.000 r  
    P18                                               0.000    30.000 r  wclk (IN)
                         net (fo=0)                   0.000    30.000    wclk
    P18                  IBUF (Prop_ibuf_I_O)         0.173    30.173 r  wclk_IBUF_inst/O
                         net (fo=1, routed)           0.634    30.807    wclk_IBUF
    BUFGCTRL_X0Y0        BUFG (Prop_bufg_I_O)         0.026    30.833 r  wclk_IBUF_BUFG_inst/O
                         net (fo=72, routed)          0.593    31.426    wclk_IBUF_BUFG
    SLICE_X2Y11          FDRE                                         r  mem_reg[3][4]/C
                         clock pessimism              0.000    31.426    
                         clock uncertainty           -0.335    31.091    
    SLICE_X2Y11          FDRE (Setup_fdre_C_D)       -0.043    31.048    mem_reg[3][4]
  -------------------------------------------------------------------
                         required time                         31.048    
                         arrival time                          -6.195    
  -------------------------------------------------------------------
                         slack                                 24.853    

Slack (MET) :             24.870ns  (required time - arrival time)
  Source:                 wdata[3]
                            (input port clocked by wclk  {rise@0.000ns fall@15.000ns period=30.000ns})
  Destination:            mem_reg[1][3]/D
                            (rising edge-triggered cell FDRE clocked by wclk  {rise@0.000ns fall@15.000ns period=30.000ns})
  Path Group:             wclk
  Path Type:              Setup (Max at Slow Process Corner)
  Requirement:            30.000ns  (wclk rise@30.000ns - wclk rise@0.000ns)
  Data Path Delay:        5.487ns  (logic 0.926ns (16.881%)  route 4.561ns (83.119%))
  Logic Levels:           1  (IBUF=1)
  Input Delay:            3.500ns
  Clock Path Skew:        4.284ns (DCD - SCD + CPR)
    Destination Clock Delay (DCD):    4.284ns = ( 34.284 - 30.000 ) 
    Source Clock Delay      (SCD):    0.000ns
    Clock Pessimism Removal (CPR):    0.000ns
  Clock Uncertainty:      0.335ns  ((TSJ^2 + TIJ^2)^1/2 + DJ) / 2 + PE + UU
    Total System Jitter     (TSJ):    0.071ns
    Total Input Jitter      (TIJ):    0.000ns
    Discrete Jitter          (DJ):    0.000ns
    Phase Error              (PE):    0.000ns
    User Uncertainty         (UU):    0.300ns

    Location             Delay type                Incr(ns)  Path(ns)    Netlist Resource(s)
  -------------------------------------------------------------------    -------------------
                         (clock wclk rise edge)       0.000     0.000 r  
                         input delay                  3.500     3.500    
    U18                                               0.000     3.500 r  wdata[3] (IN)
                         net (fo=0)                   0.000     3.500    wdata[3]
    U18                  IBUF (Prop_ibuf_I_O)         0.926     4.426 r  wdata_IBUF[3]_inst/O
                         net (fo=8, routed)           4.561     8.987    wdata_IBUF[3]
    SLICE_X4Y11          FDRE                                         r  mem_reg[1][3]/D
  -------------------------------------------------------------------    -------------------

                         (clock wclk rise edge)      30.000    30.000 r  
    P18                                               0.000    30.000 r  wclk (IN)
                         net (fo=0)                   0.000    30.000    wclk
    P18                  IBUF (Prop_ibuf_I_O)         0.811    30.811 r  wclk_IBUF_inst/O
                         net (fo=1, routed)           1.868    32.679    wclk_IBUF
    BUFGCTRL_X0Y0        BUFG (Prop_bufg_I_O)         0.091    32.770 r  wclk_IBUF_BUFG_inst/O
                         net (fo=72, routed)          1.514    34.284    wclk_IBUF_BUFG
    SLICE_X4Y11          FDRE                                         r  mem_reg[1][3]/C
                         clock pessimism              0.000    34.284    
                         clock uncertainty           -0.335    33.949    
    SLICE_X4Y11          FDRE (Setup_fdre_C_D)       -0.092    33.857    mem_reg[1][3]
  -------------------------------------------------------------------
                         required time                         33.857    
                         arrival time                          -8.987    
  -------------------------------------------------------------------
                         slack                                 24.870    

Slack (MET) :             24.907ns  (required time - arrival time)
  Source:                 wdata[6]
                            (input port clocked by wclk  {rise@0.000ns fall@15.000ns period=30.000ns})
  Destination:            mem_reg[2][6]/D
                            (rising edge-triggered cell FDRE clocked by wclk  {rise@0.000ns fall@15.000ns period=30.000ns})
  Path Group:             wclk
  Path Type:              Setup (Max at Fast Process Corner)
  Requirement:            30.000ns  (wclk rise@30.000ns - wclk rise@0.000ns)
  Data Path Delay:        2.680ns  (logic 0.354ns (13.204%)  route 2.326ns (86.796%))
  Logic Levels:           1  (IBUF=1)
  Input Delay:            3.500ns
  Clock Path Skew:        1.426ns (DCD - SCD + CPR)
    Destination Clock Delay (DCD):    1.426ns = ( 31.426 - 30.000 ) 
    Source Clock Delay      (SCD):    0.000ns
    Clock Pessimism Removal (CPR):    0.000ns
  Clock Uncertainty:      0.335ns  ((TSJ^2 + TIJ^2)^1/2 + DJ) / 2 + PE + UU
    Total System Jitter     (TSJ):    0.071ns
    Total Input Jitter      (TIJ):    0.000ns
    Discrete Jitter          (DJ):    0.000ns
    Phase Error              (PE):    0.000ns
    User Uncertainty         (UU):    0.300ns

    Location             Delay type                Incr(ns)  Path(ns)    Netlist Resource(s)
  -------------------------------------------------------------------    -------------------
                         (clock wclk rise edge)       0.000     0.000 r  
                         input delay                  3.500     3.500    
    T17                                               0.000     3.500 r  wdata[6] (IN)
                         net (fo=0)                   0.000     3.500    wdata[6]
    T17                  IBUF (Prop_ibuf_I_O)         0.354     3.854 r  wdata_IBUF[6]_inst/O
                         net (fo=8, routed)           2.326     6.180    wdata_IBUF[6]
    SLICE_X3Y11          FDRE                                         r  mem_reg[2][6]/D
  -------------------------------------------------------------------    -------------------

                         (clock wclk rise edge)      30.000    30.000 r  
    P18                                               0.000    30.000 r  wclk (IN)
                         net (fo=0)                   0.000    30.000    wclk
    P18                  IBUF (Prop_ibuf_I_O)         0.173    30.173 r  wclk_IBUF_inst/O
                         net (fo=1, routed)           0.634    30.807    wclk_IBUF
    BUFGCTRL_X0Y0        BUFG (Prop_bufg_I_O)         0.026    30.833 r  wclk_IBUF_BUFG_inst/O
                         net (fo=72, routed)          0.593    31.426    wclk_IBUF_BUFG
    SLICE_X3Y11          FDRE                                         r  mem_reg[2][6]/C
                         clock pessimism              0.000    31.426    
                         clock uncertainty           -0.335    31.091    
    SLICE_X3Y11          FDRE (Setup_fdre_C_D)       -0.004    31.087    mem_reg[2][6]
  -------------------------------------------------------------------
                         required time                         31.087    
                         arrival time                          -6.180    
  -------------------------------------------------------------------
                         slack                                 24.907    

Slack (MET) :             24.941ns  (required time - arrival time)
  Source:                 wdata[4]
                            (input port clocked by wclk  {rise@0.000ns fall@15.000ns period=30.000ns})
  Destination:            mem_reg[6][4]/D
                            (rising edge-triggered cell FDRE clocked by wclk  {rise@0.000ns fall@15.000ns period=30.000ns})
  Path Group:             wclk
  Path Type:              Setup (Max at Fast Process Corner)
  Requirement:            30.000ns  (wclk rise@30.000ns - wclk rise@0.000ns)
  Data Path Delay:        2.645ns  (logic 0.355ns (13.427%)  route 2.290ns (86.573%))
  Logic Levels:           1  (IBUF=1)
  Input Delay:            3.500ns
  Clock Path Skew:        1.426ns (DCD - SCD + CPR)
    Destination Clock Delay (DCD):    1.426ns = ( 31.426 - 30.000 ) 
    Source Clock Delay      (SCD):    0.000ns
    Clock Pessimism Removal (CPR):    0.000ns
  Clock Uncertainty:      0.335ns  ((TSJ^2 + TIJ^2)^1/2 + DJ) / 2 + PE + UU
    Total System Jitter     (TSJ):    0.071ns
    Total Input Jitter      (TIJ):    0.000ns
    Discrete Jitter          (DJ):    0.000ns
    Phase Error              (PE):    0.000ns
    User Uncertainty         (UU):    0.300ns

    Location             Delay type                Incr(ns)  Path(ns)    Netlist Resource(s)
  -------------------------------------------------------------------    -------------------
                         (clock wclk rise edge)       0.000     0.000 r  
                         input delay                  3.500     3.500    
    U17                                               0.000     3.500 r  wdata[4] (IN)
                         net (fo=0)                   0.000     3.500    wdata[4]
    U17                  IBUF (Prop_ibuf_I_O)         0.355     3.855 r  wdata_IBUF[4]_inst/O
                         net (fo=8, routed)           2.290     6.145    wdata_IBUF[4]
    SLICE_X1Y10          FDRE                                         r  mem_reg[6][4]/D
  -------------------------------------------------------------------    -------------------

                         (clock wclk rise edge)      30.000    30.000 r  
    P18                                               0.000    30.000 r  wclk (IN)
                         net (fo=0)                   0.000    30.000    wclk
    P18                  IBUF (Prop_ibuf_I_O)         0.173    30.173 r  wclk_IBUF_inst/O
                         net (fo=1, routed)           0.634    30.807    wclk_IBUF
    BUFGCTRL_X0Y0        BUFG (Prop_bufg_I_O)         0.026    30.833 r  wclk_IBUF_BUFG_inst/O
                         net (fo=72, routed)          0.593    31.426    wclk_IBUF_BUFG
    SLICE_X1Y10          FDRE                                         r  mem_reg[6][4]/C
                         clock pessimism              0.000    31.426    
                         clock uncertainty           -0.335    31.091    
    SLICE_X1Y10          FDRE (Setup_fdre_C_D)       -0.005    31.086    mem_reg[6][4]
  -------------------------------------------------------------------
                         required time                         31.086    
                         arrival time                          -6.145    
  -------------------------------------------------------------------
                         slack                                 24.941    

Slack (MET) :             24.948ns  (required time - arrival time)
  Source:                 wdata[2]
                            (input port clocked by wclk  {rise@0.000ns fall@15.000ns period=30.000ns})
  Destination:            mem_reg[2][2]/D
                            (rising edge-triggered cell FDRE clocked by wclk  {rise@0.000ns fall@15.000ns period=30.000ns})
  Path Group:             wclk
  Path Type:              Setup (Max at Slow Process Corner)
  Requirement:            30.000ns  (wclk rise@30.000ns - wclk rise@0.000ns)
  Data Path Delay:        5.410ns  (logic 0.946ns (17.493%)  route 4.464ns (82.507%))
  Logic Levels:           1  (IBUF=1)
  Input Delay:            3.500ns
  Clock Path Skew:        4.286ns (DCD - SCD + CPR)
    Destination Clock Delay (DCD):    4.286ns = ( 34.286 - 30.000 ) 
    Source Clock Delay      (SCD):    0.000ns
    Clock Pessimism Removal (CPR):    0.000ns
  Clock Uncertainty:      0.335ns  ((TSJ^2 + TIJ^2)^1/2 + DJ) / 2 + PE + UU
    Total System Jitter     (TSJ):    0.071ns
    Total Input Jitter      (TIJ):    0.000ns
    Discrete Jitter          (DJ):    0.000ns
    Phase Error              (PE):    0.000ns
    User Uncertainty         (UU):    0.300ns

    Location             Delay type                Incr(ns)  Path(ns)    Netlist Resource(s)
  -------------------------------------------------------------------    -------------------
                         (clock wclk rise edge)       0.000     0.000 r  
                         input delay                  3.500     3.500    
    V16                                               0.000     3.500 r  wdata[2] (IN)
                         net (fo=0)                   0.000     3.500    wdata[2]
    V16                  IBUF (Prop_ibuf_I_O)         0.946     4.446 r  wdata_IBUF[2]_inst/O
                         net (fo=8, routed)           4.464     8.910    wdata_IBUF[2]
    SLICE_X3Y11          FDRE                                         r  mem_reg[2][2]/D
  -------------------------------------------------------------------    -------------------

                         (clock wclk rise edge)      30.000    30.000 r  
    P18                                               0.000    30.000 r  wclk (IN)
                         net (fo=0)                   0.000    30.000    wclk
    P18                  IBUF (Prop_ibuf_I_O)         0.811    30.811 r  wclk_IBUF_inst/O
                         net (fo=1, routed)           1.868    32.679    wclk_IBUF
    BUFGCTRL_X0Y0        BUFG (Prop_bufg_I_O)         0.091    32.770 r  wclk_IBUF_BUFG_inst/O
                         net (fo=72, routed)          1.516    34.286    wclk_IBUF_BUFG
    SLICE_X3Y11          FDRE                                         r  mem_reg[2][2]/C
                         clock pessimism              0.000    34.286    
                         clock uncertainty           -0.335    33.951    
    SLICE_X3Y11          FDRE (Setup_fdre_C_D)       -0.093    33.858    mem_reg[2][2]
  -------------------------------------------------------------------
                         required time                         33.858    
                         arrival time                          -8.910    
  -------------------------------------------------------------------
                         slack                                 24.948    





Min Delay Paths
--------------------------------------------------------------------------------------
Slack (MET) :             0.148ns  (arrival time - required time)
  Source:                 wrst_n
                            (input port clocked by wclk  {rise@0.000ns fall@15.000ns period=30.000ns})
  Destination:            mem_reg[5][4]/CE
                            (rising edge-triggered cell FDRE clocked by wclk  {rise@0.000ns fall@15.000ns period=30.000ns})
  Path Group:             wclk
  Path Type:              Hold (Min at Slow Process Corner)
  Requirement:            0.000ns  (wclk rise@0.000ns - wclk rise@0.000ns)
  Data Path Delay:        2.884ns  (logic 0.997ns (34.579%)  route 1.887ns (65.421%))
  Logic Levels:           3  (IBUF=1 LUT3=1 LUT6=1)
  Input Delay:            2.000ns
  Clock Path Skew:        4.646ns (DCD - SCD - CPR)
    Destination Clock Delay (DCD):    4.646ns
    Source Clock Delay      (SCD):    0.000ns
    Clock Pessimism Removal (CPR):    -0.000ns
  Clock Uncertainty:      0.135ns  ((TSJ^2 + TIJ^2)^1/2 + DJ) / 2 + PE + UU
    Total System Jitter     (TSJ):    0.071ns
    Total Input Jitter      (TIJ):    0.000ns
    Discrete Jitter          (DJ):    0.000ns
    Phase Error              (PE):    0.000ns
    User Uncertainty         (UU):    0.100ns

    Location             Delay type                Incr(ns)  Path(ns)    Netlist Resource(s)
  -------------------------------------------------------------------    -------------------
                         (clock wclk rise edge)       0.000     0.000 r  
                         input delay                  2.000     2.000    
    R18                                               0.000     2.000 r  wrst_n (IN)
                         net (fo=0)                   0.000     2.000    wrst_n
    R18                  IBUF (Prop_ibuf_I_O)         0.797     2.797 r  wrst_n_IBUF_inst/O
                         net (fo=3, routed)           1.045     3.842    wrst_n_IBUF
    SLICE_X1Y12          LUT3 (Prop_lut3_I2_O)        0.100     3.942 r  mem[7][7]_i_2/O
                         net (fo=4, routed)           0.550     4.492    mem[7][7]_i_2_n_0
    SLICE_X1Y11          LUT6 (Prop_lut6_I5_O)        0.100     4.592 r  mem[5][7]_i_1/O
                         net (fo=8, routed)           0.292     4.884    mem[5][7]_i_1_n_0
    SLICE_X3Y12          FDRE                                         r  mem_reg[5][4]/CE
  -------------------------------------------------------------------    -------------------

                         (clock wclk rise edge)       0.000     0.000 r  
    P18                                               0.000     0.000 r  wclk (IN)
                         net (fo=0)                   0.000     0.000    wclk
    P18                  IBUF (Prop_ibuf_I_O)         0.944     0.944 r  wclk_IBUF_inst/O
                         net (fo=1, routed)           1.972     2.916    wclk_IBUF
    BUFGCTRL_X0Y0        BUFG (Prop_bufg_I_O)         0.096     3.012 r  wclk_IBUF_BUFG_inst/O
                         net (fo=72, routed)          1.634     4.646    wclk_IBUF_BUFG
    SLICE_X3Y12          FDRE                                         r  mem_reg[5][4]/C
                         clock pessimism              0.000     4.646    
                         clock uncertainty            0.135     4.781    
    SLICE_X3Y12          FDRE (Hold_fdre_C_CE)       -0.045     4.736    mem_reg[5][4]
  -------------------------------------------------------------------
                         required time                         -4.736    
                         arrival time                           4.884    
  -------------------------------------------------------------------
                         slack                                  0.148    

Slack (MET) :             0.162ns  (arrival time - required time)
  Source:                 wptr_reg[2]/C
                            (rising edge-triggered cell FDCE clocked by wclk  {rise@0.000ns fall@15.000ns period=30.000ns})
  Destination:            wptr_reg[3]/D
                            (rising edge-triggered cell FDCE clocked by wclk  {rise@0.000ns fall@15.000ns period=30.000ns})
  Path Group:             wclk
  Path Type:              Hold (Min at Fast Process Corner)
  Requirement:            0.000ns  (wclk rise@0.000ns - wclk rise@0.000ns)
  Data Path Delay:        0.369ns  (logic 0.192ns (51.995%)  route 0.177ns (48.005%))
  Logic Levels:           1  (LUT4=1)
  Clock Path Skew:        0.000ns (DCD - SCD - CPR)
    Destination Clock Delay (DCD):    1.941ns
    Source Clock Delay      (SCD):    1.425ns
    Clock Pessimism Removal (CPR):    0.516ns
  Clock Uncertainty:      0.100ns  ((TSJ^2 + TIJ^2)^1/2 + DJ) / 2 + PE + UU
    Total System Jitter     (TSJ):    0.000ns
    Total Input Jitter      (TIJ):    0.000ns
    Discrete Jitter          (DJ):    0.000ns
    Phase Error              (PE):    0.000ns
    User Uncertainty         (UU):    0.100ns

    Location             Delay type                Incr(ns)  Path(ns)    Netlist Resource(s)
  -------------------------------------------------------------------    -------------------
                         (clock wclk rise edge)       0.000     0.000 r  
    P18                                               0.000     0.000 r  wclk (IN)
                         net (fo=0)                   0.000     0.000    wclk
    P18                  IBUF (Prop_ibuf_I_O)         0.173     0.173 r  wclk_IBUF_inst/O
                         net (fo=1, routed)           0.634     0.807    wclk_IBUF
    BUFGCTRL_X0Y0        BUFG (Prop_bufg_I_O)         0.026     0.833 r  wclk_IBUF_BUFG_inst/O
                         net (fo=72, routed)          0.592     1.425    wclk_IBUF_BUFG
    SLICE_X1Y12          FDCE                                         r  wptr_reg[2]/C
  -------------------------------------------------------------------    -------------------
    SLICE_X1Y12          FDCE (Prop_fdce_C_Q)         0.141     1.566 r  wptr_reg[2]/Q
                         net (fo=6, routed)           0.177     1.743    wptr_reg[2]
    SLICE_X1Y12          LUT4 (Prop_lut4_I0_O)        0.051     1.794 r  wptr[3]_i_2/O
                         net (fo=1, routed)           0.000     1.794    p_0_in[3]
    SLICE_X1Y12          FDCE                                         r  wptr_reg[3]/D
  -------------------------------------------------------------------    -------------------

                         (clock wclk rise edge)       0.000     0.000 r  
    P18                                               0.000     0.000 r  wclk (IN)
                         net (fo=0)                   0.000     0.000    wclk
    P18                  IBUF (Prop_ibuf_I_O)         0.362     0.362 r  wclk_IBUF_inst/O
                         net (fo=1, routed)           0.689     1.051    wclk_IBUF
    BUFGCTRL_X0Y0        BUFG (Prop_bufg_I_O)         0.029     1.080 r  wclk_IBUF_BUFG_inst/O
                         net (fo=72, routed)          0.862     1.941    wclk_IBUF_BUFG
    SLICE_X1Y12          FDCE                                         r  wptr_reg[3]/C
                         clock pessimism             -0.516     1.425    
                         clock uncertainty            0.100     1.525    
    SLICE_X1Y12          FDCE (Hold_fdce_C_D)         0.107     1.632    wptr_reg[3]
  -------------------------------------------------------------------
                         required time                         -1.632    
                         arrival time                           1.794    
  -------------------------------------------------------------------
                         slack                                  0.162    

Slack (MET) :             0.171ns  (arrival time - required time)
  Source:                 wptr_reg[2]/C
                            (rising edge-triggered cell FDCE clocked by wclk  {rise@0.000ns fall@15.000ns period=30.000ns})
  Destination:            wptr_reg[2]/D
                            (rising edge-triggered cell FDCE clocked by wclk  {rise@0.000ns fall@15.000ns period=30.000ns})
  Path Group:             wclk
  Path Type:              Hold (Min at Fast Process Corner)
  Requirement:            0.000ns  (wclk rise@0.000ns - wclk rise@0.000ns)
  Data Path Delay:        0.363ns  (logic 0.186ns (51.202%)  route 0.177ns (48.798%))
  Logic Levels:           1  (LUT3=1)
  Clock Path Skew:        0.000ns (DCD - SCD - CPR)
    Destination Clock Delay (DCD):    1.941ns
    Source Clock Delay      (SCD):    1.425ns
    Clock Pessimism Removal (CPR):    0.516ns
  Clock Uncertainty:      0.100ns  ((TSJ^2 + TIJ^2)^1/2 + DJ) / 2 + PE + UU
    Total System Jitter     (TSJ):    0.000ns
    Total Input Jitter      (TIJ):    0.000ns
    Discrete Jitter          (DJ):    0.000ns
    Phase Error              (PE):    0.000ns
    User Uncertainty         (UU):    0.100ns

    Location             Delay type                Incr(ns)  Path(ns)    Netlist Resource(s)
  -------------------------------------------------------------------    -------------------
                         (clock wclk rise edge)       0.000     0.000 r  
    P18                                               0.000     0.000 r  wclk (IN)
                         net (fo=0)                   0.000     0.000    wclk
    P18                  IBUF (Prop_ibuf_I_O)         0.173     0.173 r  wclk_IBUF_inst/O
                         net (fo=1, routed)           0.634     0.807    wclk_IBUF
    BUFGCTRL_X0Y0        BUFG (Prop_bufg_I_O)         0.026     0.833 r  wclk_IBUF_BUFG_inst/O
                         net (fo=72, routed)          0.592     1.425    wclk_IBUF_BUFG
    SLICE_X1Y12          FDCE                                         r  wptr_reg[2]/C
  -------------------------------------------------------------------    -------------------
    SLICE_X1Y12          FDCE (Prop_fdce_C_Q)         0.141     1.566 r  wptr_reg[2]/Q
                         net (fo=6, routed)           0.177     1.743    wptr_reg[2]
    SLICE_X1Y12          LUT3 (Prop_lut3_I2_O)        0.045     1.788 r  wptr[2]_i_1/O
                         net (fo=1, routed)           0.000     1.788    p_0_in[2]
    SLICE_X1Y12          FDCE                                         r  wptr_reg[2]/D
  -------------------------------------------------------------------    -------------------

                         (clock wclk rise edge)       0.000     0.000 r  
    P18                                               0.000     0.000 r  wclk (IN)
                         net (fo=0)                   0.000     0.000    wclk
    P18                  IBUF (Prop_ibuf_I_O)         0.362     0.362 r  wclk_IBUF_inst/O
                         net (fo=1, routed)           0.689     1.051    wclk_IBUF
    BUFGCTRL_X0Y0        BUFG (Prop_bufg_I_O)         0.029     1.080 r  wclk_IBUF_BUFG_inst/O
                         net (fo=72, routed)          0.862     1.941    wclk_IBUF_BUFG
    SLICE_X1Y12          FDCE                                         r  wptr_reg[2]/C
                         clock pessimism             -0.516     1.425    
                         clock uncertainty            0.100     1.525    
    SLICE_X1Y12          FDCE (Hold_fdce_C_D)         0.092     1.617    wptr_reg[2]
  -------------------------------------------------------------------
                         required time                         -1.617    
                         arrival time                           1.788    
  -------------------------------------------------------------------
                         slack                                  0.171    

Slack (MET) :             0.174ns  (arrival time - required time)
  Source:                 wrst_n
                            (input port clocked by wclk  {rise@0.000ns fall@15.000ns period=30.000ns})
  Destination:            mem_reg[0][0]/CE
                            (rising edge-triggered cell FDRE clocked by wclk  {rise@0.000ns fall@15.000ns period=30.000ns})
  Path Group:             wclk
  Path Type:              Hold (Min at Slow Process Corner)
  Requirement:            0.000ns  (wclk rise@0.000ns - wclk rise@0.000ns)
  Data Path Delay:        2.912ns  (logic 1.155ns (39.674%)  route 1.757ns (60.326%))
  Logic Levels:           3  (IBUF=1 LUT3=1 LUT6=1)
  Input Delay:            2.000ns
  Clock Path Skew:        4.648ns (DCD - SCD - CPR)
    Destination Clock Delay (DCD):    4.648ns
    Source Clock Delay      (SCD):    0.000ns
    Clock Pessimism Removal (CPR):    -0.000ns
  Clock Uncertainty:      0.135ns  ((TSJ^2 + TIJ^2)^1/2 + DJ) / 2 + PE + UU
    Total System Jitter     (TSJ):    0.071ns
    Total Input Jitter      (TIJ):    0.000ns
    Discrete Jitter          (DJ):    0.000ns
    Phase Error              (PE):    0.000ns
    User Uncertainty         (UU):    0.100ns

    Location             Delay type                Incr(ns)  Path(ns)    Netlist Resource(s)
  -------------------------------------------------------------------    -------------------
                         (clock wclk rise edge)       0.000     0.000 r  
                         input delay                  2.000     2.000    
    R18                                               0.000     2.000 r  wrst_n (IN)
                         net (fo=0)                   0.000     2.000    wrst_n
    R18                  IBUF (Prop_ibuf_I_O)         0.797     2.797 r  wrst_n_IBUF_inst/O
                         net (fo=3, routed)           1.045     3.842    wrst_n_IBUF
    SLICE_X1Y12          LUT3 (Prop_lut3_I2_O)        0.095     3.937 r  mem[3][7]_i_2/O
                         net (fo=4, routed)           0.294     4.231    mem[3][7]_i_2_n_0
    SLICE_X2Y11          LUT6 (Prop_lut6_I5_O)        0.263     4.494 r  mem[0][7]_i_1/O
                         net (fo=8, routed)           0.419     4.912    mem[0][7]_i_1_n_0
    SLICE_X3Y9           FDRE                                         r  mem_reg[0][0]/CE
  -------------------------------------------------------------------    -------------------

                         (clock wclk rise edge)       0.000     0.000 r  
    P18                                               0.000     0.000 r  wclk (IN)
                         net (fo=0)                   0.000     0.000    wclk
    P18                  IBUF (Prop_ibuf_I_O)         0.944     0.944 r  wclk_IBUF_inst/O
                         net (fo=1, routed)           1.972     2.916    wclk_IBUF
    BUFGCTRL_X0Y0        BUFG (Prop_bufg_I_O)         0.096     3.012 r  wclk_IBUF_BUFG_inst/O
                         net (fo=72, routed)          1.636     4.648    wclk_IBUF_BUFG
    SLICE_X3Y9           FDRE                                         r  mem_reg[0][0]/C
                         clock pessimism              0.000     4.648    
                         clock uncertainty            0.135     4.783    
    SLICE_X3Y9           FDRE (Hold_fdre_C_CE)       -0.045     4.738    mem_reg[0][0]
  -------------------------------------------------------------------
                         required time                         -4.738    
                         arrival time                           4.912    
  -------------------------------------------------------------------
                         slack                                  0.174    

Slack (MET) :             0.174ns  (arrival time - required time)
  Source:                 wrst_n
                            (input port clocked by wclk  {rise@0.000ns fall@15.000ns period=30.000ns})
  Destination:            mem_reg[0][1]/CE
                            (rising edge-triggered cell FDRE clocked by wclk  {rise@0.000ns fall@15.000ns period=30.000ns})
  Path Group:             wclk
  Path Type:              Hold (Min at Slow Process Corner)
  Requirement:            0.000ns  (wclk rise@0.000ns - wclk rise@0.000ns)
  Data Path Delay:        2.912ns  (logic 1.155ns (39.674%)  route 1.757ns (60.326%))
  Logic Levels:           3  (IBUF=1 LUT3=1 LUT6=1)
  Input Delay:            2.000ns
  Clock Path Skew:        4.648ns (DCD - SCD - CPR)
    Destination Clock Delay (DCD):    4.648ns
    Source Clock Delay      (SCD):    0.000ns
    Clock Pessimism Removal (CPR):    -0.000ns
  Clock Uncertainty:      0.135ns  ((TSJ^2 + TIJ^2)^1/2 + DJ) / 2 + PE + UU
    Total System Jitter     (TSJ):    0.071ns
    Total Input Jitter      (TIJ):    0.000ns
    Discrete Jitter          (DJ):    0.000ns
    Phase Error              (PE):    0.000ns
    User Uncertainty         (UU):    0.100ns

    Location             Delay type                Incr(ns)  Path(ns)    Netlist Resource(s)
  -------------------------------------------------------------------    -------------------
                         (clock wclk rise edge)       0.000     0.000 r  
                         input delay                  2.000     2.000    
    R18                                               0.000     2.000 r  wrst_n (IN)
                         net (fo=0)                   0.000     2.000    wrst_n
    R18                  IBUF (Prop_ibuf_I_O)         0.797     2.797 r  wrst_n_IBUF_inst/O
                         net (fo=3, routed)           1.045     3.842    wrst_n_IBUF
    SLICE_X1Y12          LUT3 (Prop_lut3_I2_O)        0.095     3.937 r  mem[3][7]_i_2/O
                         net (fo=4, routed)           0.294     4.231    mem[3][7]_i_2_n_0
    SLICE_X2Y11          LUT6 (Prop_lut6_I5_O)        0.263     4.494 r  mem[0][7]_i_1/O
                         net (fo=8, routed)           0.419     4.912    mem[0][7]_i_1_n_0
    SLICE_X3Y9           FDRE                                         r  mem_reg[0][1]/CE
  -------------------------------------------------------------------    -------------------

                         (clock wclk rise edge)       0.000     0.000 r  
    P18                                               0.000     0.000 r  wclk (IN)
                         net (fo=0)                   0.000     0.000    wclk
    P18                  IBUF (Prop_ibuf_I_O)         0.944     0.944 r  wclk_IBUF_inst/O
                         net (fo=1, routed)           1.972     2.916    wclk_IBUF
    BUFGCTRL_X0Y0        BUFG (Prop_bufg_I_O)         0.096     3.012 r  wclk_IBUF_BUFG_inst/O
                         net (fo=72, routed)          1.636     4.648    wclk_IBUF_BUFG
    SLICE_X3Y9           FDRE                                         r  mem_reg[0][1]/C
                         clock pessimism              0.000     4.648    
                         clock uncertainty            0.135     4.783    
    SLICE_X3Y9           FDRE (Hold_fdre_C_CE)       -0.045     4.738    mem_reg[0][1]
  -------------------------------------------------------------------
                         required time                         -4.738    
                         arrival time                           4.912    
  -------------------------------------------------------------------
                         slack                                  0.174    

Slack (MET) :             0.174ns  (arrival time - required time)
  Source:                 wrst_n
                            (input port clocked by wclk  {rise@0.000ns fall@15.000ns period=30.000ns})
  Destination:            mem_reg[0][3]/CE
                            (rising edge-triggered cell FDRE clocked by wclk  {rise@0.000ns fall@15.000ns period=30.000ns})
  Path Group:             wclk
  Path Type:              Hold (Min at Slow Process Corner)
  Requirement:            0.000ns  (wclk rise@0.000ns - wclk rise@0.000ns)
  Data Path Delay:        2.912ns  (logic 1.155ns (39.674%)  route 1.757ns (60.326%))
  Logic Levels:           3  (IBUF=1 LUT3=1 LUT6=1)
  Input Delay:            2.000ns
  Clock Path Skew:        4.648ns (DCD - SCD - CPR)
    Destination Clock Delay (DCD):    4.648ns
    Source Clock Delay      (SCD):    0.000ns
    Clock Pessimism Removal (CPR):    -0.000ns
  Clock Uncertainty:      0.135ns  ((TSJ^2 + TIJ^2)^1/2 + DJ) / 2 + PE + UU
    Total System Jitter     (TSJ):    0.071ns
    Total Input Jitter      (TIJ):    0.000ns
    Discrete Jitter          (DJ):    0.000ns
    Phase Error              (PE):    0.000ns
    User Uncertainty         (UU):    0.100ns

    Location             Delay type                Incr(ns)  Path(ns)    Netlist Resource(s)
  -------------------------------------------------------------------    -------------------
                         (clock wclk rise edge)       0.000     0.000 r  
                         input delay                  2.000     2.000    
    R18                                               0.000     2.000 r  wrst_n (IN)
                         net (fo=0)                   0.000     2.000    wrst_n
    R18                  IBUF (Prop_ibuf_I_O)         0.797     2.797 r  wrst_n_IBUF_inst/O
                         net (fo=3, routed)           1.045     3.842    wrst_n_IBUF
    SLICE_X1Y12          LUT3 (Prop_lut3_I2_O)        0.095     3.937 r  mem[3][7]_i_2/O
                         net (fo=4, routed)           0.294     4.231    mem[3][7]_i_2_n_0
    SLICE_X2Y11          LUT6 (Prop_lut6_I5_O)        0.263     4.494 r  mem[0][7]_i_1/O
                         net (fo=8, routed)           0.419     4.912    mem[0][7]_i_1_n_0
    SLICE_X3Y9           FDRE                                         r  mem_reg[0][3]/CE
  -------------------------------------------------------------------    -------------------

                         (clock wclk rise edge)       0.000     0.000 r  
    P18                                               0.000     0.000 r  wclk (IN)
                         net (fo=0)                   0.000     0.000    wclk
    P18                  IBUF (Prop_ibuf_I_O)         0.944     0.944 r  wclk_IBUF_inst/O
                         net (fo=1, routed)           1.972     2.916    wclk_IBUF
    BUFGCTRL_X0Y0        BUFG (Prop_bufg_I_O)         0.096     3.012 r  wclk_IBUF_BUFG_inst/O
                         net (fo=72, routed)          1.636     4.648    wclk_IBUF_BUFG
    SLICE_X3Y9           FDRE                                         r  mem_reg[0][3]/C
                         clock pessimism              0.000     4.648    
                         clock uncertainty            0.135     4.783    
    SLICE_X3Y9           FDRE (Hold_fdre_C_CE)       -0.045     4.738    mem_reg[0][3]
  -------------------------------------------------------------------
                         required time                         -4.738    
                         arrival time                           4.912    
  -------------------------------------------------------------------
                         slack                                  0.174    

Slack (MET) :             0.174ns  (arrival time - required time)
  Source:                 wrst_n
                            (input port clocked by wclk  {rise@0.000ns fall@15.000ns period=30.000ns})
  Destination:            mem_reg[0][5]/CE
                            (rising edge-triggered cell FDRE clocked by wclk  {rise@0.000ns fall@15.000ns period=30.000ns})
  Path Group:             wclk
  Path Type:              Hold (Min at Slow Process Corner)
  Requirement:            0.000ns  (wclk rise@0.000ns - wclk rise@0.000ns)
  Data Path Delay:        2.912ns  (logic 1.155ns (39.674%)  route 1.757ns (60.326%))
  Logic Levels:           3  (IBUF=1 LUT3=1 LUT6=1)
  Input Delay:            2.000ns
  Clock Path Skew:        4.648ns (DCD - SCD - CPR)
    Destination Clock Delay (DCD):    4.648ns
    Source Clock Delay      (SCD):    0.000ns
    Clock Pessimism Removal (CPR):    -0.000ns
  Clock Uncertainty:      0.135ns  ((TSJ^2 + TIJ^2)^1/2 + DJ) / 2 + PE + UU
    Total System Jitter     (TSJ):    0.071ns
    Total Input Jitter      (TIJ):    0.000ns
    Discrete Jitter          (DJ):    0.000ns
    Phase Error              (PE):    0.000ns
    User Uncertainty         (UU):    0.100ns

    Location             Delay type                Incr(ns)  Path(ns)    Netlist Resource(s)
  -------------------------------------------------------------------    -------------------
                         (clock wclk rise edge)       0.000     0.000 r  
                         input delay                  2.000     2.000    
    R18                                               0.000     2.000 r  wrst_n (IN)
                         net (fo=0)                   0.000     2.000    wrst_n
    R18                  IBUF (Prop_ibuf_I_O)         0.797     2.797 r  wrst_n_IBUF_inst/O
                         net (fo=3, routed)           1.045     3.842    wrst_n_IBUF
    SLICE_X1Y12          LUT3 (Prop_lut3_I2_O)        0.095     3.937 r  mem[3][7]_i_2/O
                         net (fo=4, routed)           0.294     4.231    mem[3][7]_i_2_n_0
    SLICE_X2Y11          LUT6 (Prop_lut6_I5_O)        0.263     4.494 r  mem[0][7]_i_1/O
                         net (fo=8, routed)           0.419     4.912    mem[0][7]_i_1_n_0
    SLICE_X3Y9           FDRE                                         r  mem_reg[0][5]/CE
  -------------------------------------------------------------------    -------------------

                         (clock wclk rise edge)       0.000     0.000 r  
    P18                                               0.000     0.000 r  wclk (IN)
                         net (fo=0)                   0.000     0.000    wclk
    P18                  IBUF (Prop_ibuf_I_O)         0.944     0.944 r  wclk_IBUF_inst/O
                         net (fo=1, routed)           1.972     2.916    wclk_IBUF
    BUFGCTRL_X0Y0        BUFG (Prop_bufg_I_O)         0.096     3.012 r  wclk_IBUF_BUFG_inst/O
                         net (fo=72, routed)          1.636     4.648    wclk_IBUF_BUFG
    SLICE_X3Y9           FDRE                                         r  mem_reg[0][5]/C
                         clock pessimism              0.000     4.648    
                         clock uncertainty            0.135     4.783    
    SLICE_X3Y9           FDRE (Hold_fdre_C_CE)       -0.045     4.738    mem_reg[0][5]
  -------------------------------------------------------------------
                         required time                         -4.738    
                         arrival time                           4.912    
  -------------------------------------------------------------------
                         slack                                  0.174    

Slack (MET) :             0.174ns  (arrival time - required time)
  Source:                 wrst_n
                            (input port clocked by wclk  {rise@0.000ns fall@15.000ns period=30.000ns})
  Destination:            mem_reg[0][6]/CE
                            (rising edge-triggered cell FDRE clocked by wclk  {rise@0.000ns fall@15.000ns period=30.000ns})
  Path Group:             wclk
  Path Type:              Hold (Min at Slow Process Corner)
  Requirement:            0.000ns  (wclk rise@0.000ns - wclk rise@0.000ns)
  Data Path Delay:        2.912ns  (logic 1.155ns (39.674%)  route 1.757ns (60.326%))
  Logic Levels:           3  (IBUF=1 LUT3=1 LUT6=1)
  Input Delay:            2.000ns
  Clock Path Skew:        4.648ns (DCD - SCD - CPR)
    Destination Clock Delay (DCD):    4.648ns
    Source Clock Delay      (SCD):    0.000ns
    Clock Pessimism Removal (CPR):    -0.000ns
  Clock Uncertainty:      0.135ns  ((TSJ^2 + TIJ^2)^1/2 + DJ) / 2 + PE + UU
    Total System Jitter     (TSJ):    0.071ns
    Total Input Jitter      (TIJ):    0.000ns
    Discrete Jitter          (DJ):    0.000ns
    Phase Error              (PE):    0.000ns
    User Uncertainty         (UU):    0.100ns

    Location             Delay type                Incr(ns)  Path(ns)    Netlist Resource(s)
  -------------------------------------------------------------------    -------------------
                         (clock wclk rise edge)       0.000     0.000 r  
                         input delay                  2.000     2.000    
    R18                                               0.000     2.000 r  wrst_n (IN)
                         net (fo=0)                   0.000     2.000    wrst_n
    R18                  IBUF (Prop_ibuf_I_O)         0.797     2.797 r  wrst_n_IBUF_inst/O
                         net (fo=3, routed)           1.045     3.842    wrst_n_IBUF
    SLICE_X1Y12          LUT3 (Prop_lut3_I2_O)        0.095     3.937 r  mem[3][7]_i_2/O
                         net (fo=4, routed)           0.294     4.231    mem[3][7]_i_2_n_0
    SLICE_X2Y11          LUT6 (Prop_lut6_I5_O)        0.263     4.494 r  mem[0][7]_i_1/O
                         net (fo=8, routed)           0.419     4.912    mem[0][7]_i_1_n_0
    SLICE_X3Y9           FDRE                                         r  mem_reg[0][6]/CE
  -------------------------------------------------------------------    -------------------

                         (clock wclk rise edge)       0.000     0.000 r  
    P18                                               0.000     0.000 r  wclk (IN)
                         net (fo=0)                   0.000     0.000    wclk
    P18                  IBUF (Prop_ibuf_I_O)         0.944     0.944 r  wclk_IBUF_inst/O
                         net (fo=1, routed)           1.972     2.916    wclk_IBUF
    BUFGCTRL_X0Y0        BUFG (Prop_bufg_I_O)         0.096     3.012 r  wclk_IBUF_BUFG_inst/O
                         net (fo=72, routed)          1.636     4.648    wclk_IBUF_BUFG
    SLICE_X3Y9           FDRE                                         r  mem_reg[0][6]/C
                         clock pessimism              0.000     4.648    
                         clock uncertainty            0.135     4.783    
    SLICE_X3Y9           FDRE (Hold_fdre_C_CE)       -0.045     4.738    mem_reg[0][6]
  -------------------------------------------------------------------
                         required time                         -4.738    
                         arrival time                           4.912    
  -------------------------------------------------------------------
                         slack                                  0.174    

Slack (MET) :             0.175ns  (arrival time - required time)
  Source:                 wrst_n
                            (input port clocked by wclk  {rise@0.000ns fall@15.000ns period=30.000ns})
  Destination:            mem_reg[0][2]/CE
                            (rising edge-triggered cell FDRE clocked by wclk  {rise@0.000ns fall@15.000ns period=30.000ns})
  Path Group:             wclk
  Path Type:              Hold (Min at Slow Process Corner)
  Requirement:            0.000ns  (wclk rise@0.000ns - wclk rise@0.000ns)
  Data Path Delay:        2.913ns  (logic 1.155ns (39.658%)  route 1.758ns (60.342%))
  Logic Levels:           3  (IBUF=1 LUT3=1 LUT6=1)
  Input Delay:            2.000ns
  Clock Path Skew:        4.648ns (DCD - SCD - CPR)
    Destination Clock Delay (DCD):    4.648ns
    Source Clock Delay      (SCD):    0.000ns
    Clock Pessimism Removal (CPR):    -0.000ns
  Clock Uncertainty:      0.135ns  ((TSJ^2 + TIJ^2)^1/2 + DJ) / 2 + PE + UU
    Total System Jitter     (TSJ):    0.071ns
    Total Input Jitter      (TIJ):    0.000ns
    Discrete Jitter          (DJ):    0.000ns
    Phase Error              (PE):    0.000ns
    User Uncertainty         (UU):    0.100ns

    Location             Delay type                Incr(ns)  Path(ns)    Netlist Resource(s)
  -------------------------------------------------------------------    -------------------
                         (clock wclk rise edge)       0.000     0.000 r  
                         input delay                  2.000     2.000    
    R18                                               0.000     2.000 r  wrst_n (IN)
                         net (fo=0)                   0.000     2.000    wrst_n
    R18                  IBUF (Prop_ibuf_I_O)         0.797     2.797 r  wrst_n_IBUF_inst/O
                         net (fo=3, routed)           1.045     3.842    wrst_n_IBUF
    SLICE_X1Y12          LUT3 (Prop_lut3_I2_O)        0.095     3.937 r  mem[3][7]_i_2/O
                         net (fo=4, routed)           0.294     4.231    mem[3][7]_i_2_n_0
    SLICE_X2Y11          LUT6 (Prop_lut6_I5_O)        0.263     4.494 r  mem[0][7]_i_1/O
                         net (fo=8, routed)           0.420     4.913    mem[0][7]_i_1_n_0
    SLICE_X1Y9           FDRE                                         r  mem_reg[0][2]/CE
  -------------------------------------------------------------------    -------------------

                         (clock wclk rise edge)       0.000     0.000 r  
    P18                                               0.000     0.000 r  wclk (IN)
                         net (fo=0)                   0.000     0.000    wclk
    P18                  IBUF (Prop_ibuf_I_O)         0.944     0.944 r  wclk_IBUF_inst/O
                         net (fo=1, routed)           1.972     2.916    wclk_IBUF
    BUFGCTRL_X0Y0        BUFG (Prop_bufg_I_O)         0.096     3.012 r  wclk_IBUF_BUFG_inst/O
                         net (fo=72, routed)          1.636     4.648    wclk_IBUF_BUFG
    SLICE_X1Y9           FDRE                                         r  mem_reg[0][2]/C
                         clock pessimism              0.000     4.648    
                         clock uncertainty            0.135     4.783    
    SLICE_X1Y9           FDRE (Hold_fdre_C_CE)       -0.045     4.738    mem_reg[0][2]
  -------------------------------------------------------------------
                         required time                         -4.738    
                         arrival time                           4.913    
  -------------------------------------------------------------------
                         slack                                  0.175    

Slack (MET) :             0.175ns  (arrival time - required time)
  Source:                 wrst_n
                            (input port clocked by wclk  {rise@0.000ns fall@15.000ns period=30.000ns})
  Destination:            mem_reg[0][7]/CE
                            (rising edge-triggered cell FDRE clocked by wclk  {rise@0.000ns fall@15.000ns period=30.000ns})
  Path Group:             wclk
  Path Type:              Hold (Min at Slow Process Corner)
  Requirement:            0.000ns  (wclk rise@0.000ns - wclk rise@0.000ns)
  Data Path Delay:        2.913ns  (logic 1.155ns (39.658%)  route 1.758ns (60.342%))
  Logic Levels:           3  (IBUF=1 LUT3=1 LUT6=1)
  Input Delay:            2.000ns
  Clock Path Skew:        4.648ns (DCD - SCD - CPR)
    Destination Clock Delay (DCD):    4.648ns
    Source Clock Delay      (SCD):    0.000ns
    Clock Pessimism Removal (CPR):    -0.000ns
  Clock Uncertainty:      0.135ns  ((TSJ^2 + TIJ^2)^1/2 + DJ) / 2 + PE + UU
    Total System Jitter     (TSJ):    0.071ns
    Total Input Jitter      (TIJ):    0.000ns
    Discrete Jitter          (DJ):    0.000ns
    Phase Error              (PE):    0.000ns
    User Uncertainty         (UU):    0.100ns

    Location             Delay type                Incr(ns)  Path(ns)    Netlist Resource(s)
  -------------------------------------------------------------------    -------------------
                         (clock wclk rise edge)       0.000     0.000 r  
                         input delay                  2.000     2.000    
    R18                                               0.000     2.000 r  wrst_n (IN)
                         net (fo=0)                   0.000     2.000    wrst_n
    R18                  IBUF (Prop_ibuf_I_O)         0.797     2.797 r  wrst_n_IBUF_inst/O
                         net (fo=3, routed)           1.045     3.842    wrst_n_IBUF
    SLICE_X1Y12          LUT3 (Prop_lut3_I2_O)        0.095     3.937 r  mem[3][7]_i_2/O
                         net (fo=4, routed)           0.294     4.231    mem[3][7]_i_2_n_0
    SLICE_X2Y11          LUT6 (Prop_lut6_I5_O)        0.263     4.494 r  mem[0][7]_i_1/O
                         net (fo=8, routed)           0.420     4.913    mem[0][7]_i_1_n_0
    SLICE_X1Y9           FDRE                                         r  mem_reg[0][7]/CE
  -------------------------------------------------------------------    -------------------

                         (clock wclk rise edge)       0.000     0.000 r  
    P18                                               0.000     0.000 r  wclk (IN)
                         net (fo=0)                   0.000     0.000    wclk
    P18                  IBUF (Prop_ibuf_I_O)         0.944     0.944 r  wclk_IBUF_inst/O
                         net (fo=1, routed)           1.972     2.916    wclk_IBUF
    BUFGCTRL_X0Y0        BUFG (Prop_bufg_I_O)         0.096     3.012 r  wclk_IBUF_BUFG_inst/O
                         net (fo=72, routed)          1.636     4.648    wclk_IBUF_BUFG
    SLICE_X1Y9           FDRE                                         r  mem_reg[0][7]/C
                         clock pessimism              0.000     4.648    
                         clock uncertainty            0.135     4.783    
    SLICE_X1Y9           FDRE (Hold_fdre_C_CE)       -0.045     4.738    mem_reg[0][7]
  -------------------------------------------------------------------
                         required time                         -4.738    
                         arrival time                           4.913    
  -------------------------------------------------------------------
                         slack                                  0.175    





Pulse Width Checks
--------------------------------------------------------------------------------------
Clock Name:         wclk
Waveform(ns):       { 0.000 15.000 }
Period(ns):         30.000
Sources:            { wclk }

Check Type        Corner  Lib Pin  Reference Pin  Required(ns)  Actual(ns)  Slack(ns)  Location       Pin
Min Period        n/a     BUFG/I   n/a            2.155         30.000      27.845     BUFGCTRL_X0Y0  wclk_IBUF_BUFG_inst/I
Min Period        n/a     FDRE/C   n/a            1.000         30.000      29.000     SLICE_X3Y9     mem_reg[0][0]/C
Min Period        n/a     FDRE/C   n/a            1.000         30.000      29.000     SLICE_X3Y9     mem_reg[0][1]/C
Min Period        n/a     FDRE/C   n/a            1.000         30.000      29.000     SLICE_X1Y9     mem_reg[0][2]/C
Min Period        n/a     FDRE/C   n/a            1.000         30.000      29.000     SLICE_X3Y9     mem_reg[0][3]/C
Min Period        n/a     FDRE/C   n/a            1.000         30.000      29.000     SLICE_X3Y13    mem_reg[0][4]/C
Min Period        n/a     FDRE/C   n/a            1.000         30.000      29.000     SLICE_X3Y9     mem_reg[0][5]/C
Min Period        n/a     FDRE/C   n/a            1.000         30.000      29.000     SLICE_X3Y9     mem_reg[0][6]/C
Min Period        n/a     FDRE/C   n/a            1.000         30.000      29.000     SLICE_X1Y9     mem_reg[0][7]/C
Min Period        n/a     FDRE/C   n/a            1.000         30.000      29.000     SLICE_X4Y11    mem_reg[1][0]/C
Low Pulse Width   Fast    FDRE/C   n/a            0.500         15.000      14.500     SLICE_X3Y9     mem_reg[0][0]/C
Low Pulse Width   Fast    FDRE/C   n/a            0.500         15.000      14.500     SLICE_X3Y9     mem_reg[0][1]/C
Low Pulse Width   Fast    FDRE/C   n/a            0.500         15.000      14.500     SLICE_X1Y9     mem_reg[0][2]/C
Low Pulse Width   Fast    FDRE/C   n/a            0.500         15.000      14.500     SLICE_X3Y9     mem_reg[0][3]/C
Low Pulse Width   Fast    FDRE/C   n/a            0.500         15.000      14.500     SLICE_X3Y9     mem_reg[0][5]/C
Low Pulse Width   Fast    FDRE/C   n/a            0.500         15.000      14.500     SLICE_X3Y9     mem_reg[0][6]/C
Low Pulse Width   Fast    FDRE/C   n/a            0.500         15.000      14.500     SLICE_X1Y9     mem_reg[0][7]/C
Low Pulse Width   Fast    FDRE/C   n/a            0.500         15.000      14.500     SLICE_X2Y9     mem_reg[3][0]/C
Low Pulse Width   Fast    FDRE/C   n/a            0.500         15.000      14.500     SLICE_X2Y9     mem_reg[3][1]/C
Low Pulse Width   Fast    FDRE/C   n/a            0.500         15.000      14.500     SLICE_X2Y9     mem_reg[3][2]/C
High Pulse Width  Slow    FDRE/C   n/a            0.500         15.000      14.500     SLICE_X3Y9     mem_reg[0][0]/C
High Pulse Width  Slow    FDRE/C   n/a            0.500         15.000      14.500     SLICE_X3Y9     mem_reg[0][1]/C
High Pulse Width  Slow    FDRE/C   n/a            0.500         15.000      14.500     SLICE_X1Y9     mem_reg[0][2]/C
High Pulse Width  Slow    FDRE/C   n/a            0.500         15.000      14.500     SLICE_X3Y9     mem_reg[0][3]/C
High Pulse Width  Slow    FDRE/C   n/a            0.500         15.000      14.500     SLICE_X3Y13    mem_reg[0][4]/C
High Pulse Width  Slow    FDRE/C   n/a            0.500         15.000      14.500     SLICE_X3Y9     mem_reg[0][5]/C
High Pulse Width  Slow    FDRE/C   n/a            0.500         15.000      14.500     SLICE_X3Y9     mem_reg[0][6]/C
High Pulse Width  Slow    FDRE/C   n/a            0.500         15.000      14.500     SLICE_X1Y9     mem_reg[0][7]/C
High Pulse Width  Slow    FDRE/C   n/a            0.500         15.000      14.500     SLICE_X3Y11    mem_reg[2][0]/C
High Pulse Width  Slow    FDRE/C   n/a            0.500         15.000      14.500     SLICE_X3Y11    mem_reg[2][1]/C



---------------------------------------------------------------------------------------------------
Path Group:  **async_default**
From Clock:  rclk
  To Clock:  rclk

Setup :            0  Failing Endpoints,  Worst Slack       36.351ns,  Total Violation        0.000ns
Hold  :            0  Failing Endpoints,  Worst Slack        0.170ns,  Total Violation        0.000ns
---------------------------------------------------------------------------------------------------


Max Delay Paths
--------------------------------------------------------------------------------------
Slack (MET) :             36.351ns  (required time - arrival time)
  Source:                 rrst_n
                            (input port clocked by rclk  {rise@0.000ns fall@20.000ns period=40.000ns})
  Destination:            rdata_reg[5]/CLR
                            (recovery check against rising-edge clock rclk  {rise@0.000ns fall@20.000ns period=40.000ns})
  Path Group:             **async_default**
  Path Type:              Recovery (Max at Fast Process Corner)
  Requirement:            40.000ns  (rclk rise@40.000ns - rclk rise@0.000ns)
  Data Path Delay:        1.578ns  (logic 0.413ns (26.166%)  route 1.165ns (73.834%))
  Logic Levels:           2  (IBUF=1 LUT1=1)
  Input Delay:            3.000ns
  Clock Path Skew:        1.418ns (DCD - SCD + CPR)
    Destination Clock Delay (DCD):    1.418ns = ( 41.418 - 40.000 ) 
    Source Clock Delay      (SCD):    0.000ns
    Clock Pessimism Removal (CPR):    0.000ns
  Clock Uncertainty:      0.335ns  ((TSJ^2 + TIJ^2)^1/2 + DJ) / 2 + PE + UU
    Total System Jitter     (TSJ):    0.071ns
    Total Input Jitter      (TIJ):    0.000ns
    Discrete Jitter          (DJ):    0.000ns
    Phase Error              (PE):    0.000ns
    User Uncertainty         (UU):    0.300ns

    Location             Delay type                Incr(ns)  Path(ns)    Netlist Resource(s)
  -------------------------------------------------------------------    -------------------
                         (clock rclk rise edge)       0.000     0.000 r  
                         input delay                  3.000     3.000    
    V19                                               0.000     3.000 r  rrst_n (IN)
                         net (fo=0)                   0.000     3.000    rrst_n
    V19                  IBUF (Prop_ibuf_I_O)         0.357     3.357 r  rrst_n_IBUF_inst/O
                         net (fo=1, routed)           0.604     3.961    rrst_n_IBUF
    SLICE_X0Y17          LUT1 (Prop_lut1_I0_O)        0.056     4.017 f  wptr_sync[3]_i_1/O
                         net (fo=16, routed)          0.561     4.578    wptr_sync[3]_i_1_n_0
    SLICE_X4Y10          FDCE                                         f  rdata_reg[5]/CLR
  -------------------------------------------------------------------    -------------------

                         (clock rclk rise edge)      40.000    40.000 r  
    M18                                               0.000    40.000 r  rclk (IN)
                         net (fo=0)                   0.000    40.000    rclk
    M18                  IBUF (Prop_ibuf_I_O)         0.167    40.167 r  rclk_IBUF_inst/O
                         net (fo=1, routed)           0.634    40.801    rclk_IBUF
    BUFGCTRL_X0Y1        BUFG (Prop_bufg_I_O)         0.026    40.827 r  rclk_IBUF_BUFG_inst/O
                         net (fo=16, routed)          0.591    41.418    rclk_IBUF_BUFG
    SLICE_X4Y10          FDCE                                         r  rdata_reg[5]/C
                         clock pessimism              0.000    41.418    
                         clock uncertainty           -0.335    41.082    
    SLICE_X4Y10          FDCE (Recov_fdce_C_CLR)     -0.153    40.929    rdata_reg[5]
  -------------------------------------------------------------------
                         required time                         40.929    
                         arrival time                          -4.578    
  -------------------------------------------------------------------
                         slack                                 36.351    

Slack (MET) :             36.351ns  (required time - arrival time)
  Source:                 rrst_n
                            (input port clocked by rclk  {rise@0.000ns fall@20.000ns period=40.000ns})
  Destination:            rdata_reg[6]/CLR
                            (recovery check against rising-edge clock rclk  {rise@0.000ns fall@20.000ns period=40.000ns})
  Path Group:             **async_default**
  Path Type:              Recovery (Max at Fast Process Corner)
  Requirement:            40.000ns  (rclk rise@40.000ns - rclk rise@0.000ns)
  Data Path Delay:        1.578ns  (logic 0.413ns (26.166%)  route 1.165ns (73.834%))
  Logic Levels:           2  (IBUF=1 LUT1=1)
  Input Delay:            3.000ns
  Clock Path Skew:        1.418ns (DCD - SCD + CPR)
    Destination Clock Delay (DCD):    1.418ns = ( 41.418 - 40.000 ) 
    Source Clock Delay      (SCD):    0.000ns
    Clock Pessimism Removal (CPR):    0.000ns
  Clock Uncertainty:      0.335ns  ((TSJ^2 + TIJ^2)^1/2 + DJ) / 2 + PE + UU
    Total System Jitter     (TSJ):    0.071ns
    Total Input Jitter      (TIJ):    0.000ns
    Discrete Jitter          (DJ):    0.000ns
    Phase Error              (PE):    0.000ns
    User Uncertainty         (UU):    0.300ns

    Location             Delay type                Incr(ns)  Path(ns)    Netlist Resource(s)
  -------------------------------------------------------------------    -------------------
                         (clock rclk rise edge)       0.000     0.000 r  
                         input delay                  3.000     3.000    
    V19                                               0.000     3.000 r  rrst_n (IN)
                         net (fo=0)                   0.000     3.000    rrst_n
    V19                  IBUF (Prop_ibuf_I_O)         0.357     3.357 r  rrst_n_IBUF_inst/O
                         net (fo=1, routed)           0.604     3.961    rrst_n_IBUF
    SLICE_X0Y17          LUT1 (Prop_lut1_I0_O)        0.056     4.017 f  wptr_sync[3]_i_1/O
                         net (fo=16, routed)          0.561     4.578    wptr_sync[3]_i_1_n_0
    SLICE_X4Y10          FDCE                                         f  rdata_reg[6]/CLR
  -------------------------------------------------------------------    -------------------

                         (clock rclk rise edge)      40.000    40.000 r  
    M18                                               0.000    40.000 r  rclk (IN)
                         net (fo=0)                   0.000    40.000    rclk
    M18                  IBUF (Prop_ibuf_I_O)         0.167    40.167 r  rclk_IBUF_inst/O
                         net (fo=1, routed)           0.634    40.801    rclk_IBUF
    BUFGCTRL_X0Y1        BUFG (Prop_bufg_I_O)         0.026    40.827 r  rclk_IBUF_BUFG_inst/O
                         net (fo=16, routed)          0.591    41.418    rclk_IBUF_BUFG
    SLICE_X4Y10          FDCE                                         r  rdata_reg[6]/C
                         clock pessimism              0.000    41.418    
                         clock uncertainty           -0.335    41.082    
    SLICE_X4Y10          FDCE (Recov_fdce_C_CLR)     -0.153    40.929    rdata_reg[6]
  -------------------------------------------------------------------
                         required time                         40.929    
                         arrival time                          -4.578    
  -------------------------------------------------------------------
                         slack                                 36.351    

Slack (MET) :             36.352ns  (required time - arrival time)
  Source:                 rrst_n
                            (input port clocked by rclk  {rise@0.000ns fall@20.000ns period=40.000ns})
  Destination:            rdata_reg[0]/CLR
                            (recovery check against rising-edge clock rclk  {rise@0.000ns fall@20.000ns period=40.000ns})
  Path Group:             **async_default**
  Path Type:              Recovery (Max at Fast Process Corner)
  Requirement:            40.000ns  (rclk rise@40.000ns - rclk rise@0.000ns)
  Data Path Delay:        1.579ns  (logic 0.413ns (26.143%)  route 1.167ns (73.857%))
  Logic Levels:           2  (IBUF=1 LUT1=1)
  Input Delay:            3.000ns
  Clock Path Skew:        1.420ns (DCD - SCD + CPR)
    Destination Clock Delay (DCD):    1.420ns = ( 41.420 - 40.000 ) 
    Source Clock Delay      (SCD):    0.000ns
    Clock Pessimism Removal (CPR):    0.000ns
  Clock Uncertainty:      0.335ns  ((TSJ^2 + TIJ^2)^1/2 + DJ) / 2 + PE + UU
    Total System Jitter     (TSJ):    0.071ns
    Total Input Jitter      (TIJ):    0.000ns
    Discrete Jitter          (DJ):    0.000ns
    Phase Error              (PE):    0.000ns
    User Uncertainty         (UU):    0.300ns

    Location             Delay type                Incr(ns)  Path(ns)    Netlist Resource(s)
  -------------------------------------------------------------------    -------------------
                         (clock rclk rise edge)       0.000     0.000 r  
                         input delay                  3.000     3.000    
    V19                                               0.000     3.000 r  rrst_n (IN)
                         net (fo=0)                   0.000     3.000    rrst_n
    V19                  IBUF (Prop_ibuf_I_O)         0.357     3.357 r  rrst_n_IBUF_inst/O
                         net (fo=1, routed)           0.604     3.961    rrst_n_IBUF
    SLICE_X0Y17          LUT1 (Prop_lut1_I0_O)        0.056     4.017 f  wptr_sync[3]_i_1/O
                         net (fo=16, routed)          0.562     4.579    wptr_sync[3]_i_1_n_0
    SLICE_X3Y10          FDCE                                         f  rdata_reg[0]/CLR
  -------------------------------------------------------------------    -------------------

                         (clock rclk rise edge)      40.000    40.000 r  
    M18                                               0.000    40.000 r  rclk (IN)
                         net (fo=0)                   0.000    40.000    rclk
    M18                  IBUF (Prop_ibuf_I_O)         0.167    40.167 r  rclk_IBUF_inst/O
                         net (fo=1, routed)           0.634    40.801    rclk_IBUF
    BUFGCTRL_X0Y1        BUFG (Prop_bufg_I_O)         0.026    40.827 r  rclk_IBUF_BUFG_inst/O
                         net (fo=16, routed)          0.593    41.420    rclk_IBUF_BUFG
    SLICE_X3Y10          FDCE                                         r  rdata_reg[0]/C
                         clock pessimism              0.000    41.420    
                         clock uncertainty           -0.335    41.084    
    SLICE_X3Y10          FDCE (Recov_fdce_C_CLR)     -0.153    40.931    rdata_reg[0]
  -------------------------------------------------------------------
                         required time                         40.931    
                         arrival time                          -4.579    
  -------------------------------------------------------------------
                         slack                                 36.352    

Slack (MET) :             36.352ns  (required time - arrival time)
  Source:                 rrst_n
                            (input port clocked by rclk  {rise@0.000ns fall@20.000ns period=40.000ns})
  Destination:            rdata_reg[3]/CLR
                            (recovery check against rising-edge clock rclk  {rise@0.000ns fall@20.000ns period=40.000ns})
  Path Group:             **async_default**
  Path Type:              Recovery (Max at Fast Process Corner)
  Requirement:            40.000ns  (rclk rise@40.000ns - rclk rise@0.000ns)
  Data Path Delay:        1.579ns  (logic 0.413ns (26.143%)  route 1.167ns (73.857%))
  Logic Levels:           2  (IBUF=1 LUT1=1)
  Input Delay:            3.000ns
  Clock Path Skew:        1.420ns (DCD - SCD + CPR)
    Destination Clock Delay (DCD):    1.420ns = ( 41.420 - 40.000 ) 
    Source Clock Delay      (SCD):    0.000ns
    Clock Pessimism Removal (CPR):    0.000ns
  Clock Uncertainty:      0.335ns  ((TSJ^2 + TIJ^2)^1/2 + DJ) / 2 + PE + UU
    Total System Jitter     (TSJ):    0.071ns
    Total Input Jitter      (TIJ):    0.000ns
    Discrete Jitter          (DJ):    0.000ns
    Phase Error              (PE):    0.000ns
    User Uncertainty         (UU):    0.300ns

    Location             Delay type                Incr(ns)  Path(ns)    Netlist Resource(s)
  -------------------------------------------------------------------    -------------------
                         (clock rclk rise edge)       0.000     0.000 r  
                         input delay                  3.000     3.000    
    V19                                               0.000     3.000 r  rrst_n (IN)
                         net (fo=0)                   0.000     3.000    rrst_n
    V19                  IBUF (Prop_ibuf_I_O)         0.357     3.357 r  rrst_n_IBUF_inst/O
                         net (fo=1, routed)           0.604     3.961    rrst_n_IBUF
    SLICE_X0Y17          LUT1 (Prop_lut1_I0_O)        0.056     4.017 f  wptr_sync[3]_i_1/O
                         net (fo=16, routed)          0.562     4.579    wptr_sync[3]_i_1_n_0
    SLICE_X3Y10          FDCE                                         f  rdata_reg[3]/CLR
  -------------------------------------------------------------------    -------------------

                         (clock rclk rise edge)      40.000    40.000 r  
    M18                                               0.000    40.000 r  rclk (IN)
                         net (fo=0)                   0.000    40.000    rclk
    M18                  IBUF (Prop_ibuf_I_O)         0.167    40.167 r  rclk_IBUF_inst/O
                         net (fo=1, routed)           0.634    40.801    rclk_IBUF
    BUFGCTRL_X0Y1        BUFG (Prop_bufg_I_O)         0.026    40.827 r  rclk_IBUF_BUFG_inst/O
                         net (fo=16, routed)          0.593    41.420    rclk_IBUF_BUFG
    SLICE_X3Y10          FDCE                                         r  rdata_reg[3]/C
                         clock pessimism              0.000    41.420    
                         clock uncertainty           -0.335    41.084    
    SLICE_X3Y10          FDCE (Recov_fdce_C_CLR)     -0.153    40.931    rdata_reg[3]
  -------------------------------------------------------------------
                         required time                         40.931    
                         arrival time                          -4.579    
  -------------------------------------------------------------------
                         slack                                 36.352    

Slack (MET) :             36.400ns  (required time - arrival time)
  Source:                 rrst_n
                            (input port clocked by rclk  {rise@0.000ns fall@20.000ns period=40.000ns})
  Destination:            rdata_reg[1]/CLR
                            (recovery check against rising-edge clock rclk  {rise@0.000ns fall@20.000ns period=40.000ns})
  Path Group:             **async_default**
  Path Type:              Recovery (Max at Fast Process Corner)
  Requirement:            40.000ns  (rclk rise@40.000ns - rclk rise@0.000ns)
  Data Path Delay:        1.579ns  (logic 0.413ns (26.143%)  route 1.167ns (73.857%))
  Logic Levels:           2  (IBUF=1 LUT1=1)
  Input Delay:            3.000ns
  Clock Path Skew:        1.420ns (DCD - SCD + CPR)
    Destination Clock Delay (DCD):    1.420ns = ( 41.420 - 40.000 ) 
    Source Clock Delay      (SCD):    0.000ns
    Clock Pessimism Removal (CPR):    0.000ns
  Clock Uncertainty:      0.335ns  ((TSJ^2 + TIJ^2)^1/2 + DJ) / 2 + PE + UU
    Total System Jitter     (TSJ):    0.071ns
    Total Input Jitter      (TIJ):    0.000ns
    Discrete Jitter          (DJ):    0.000ns
    Phase Error              (PE):    0.000ns
    User Uncertainty         (UU):    0.300ns

    Location             Delay type                Incr(ns)  Path(ns)    Netlist Resource(s)
  -------------------------------------------------------------------    -------------------
                         (clock rclk rise edge)       0.000     0.000 r  
                         input delay                  3.000     3.000    
    V19                                               0.000     3.000 r  rrst_n (IN)
                         net (fo=0)                   0.000     3.000    rrst_n
    V19                  IBUF (Prop_ibuf_I_O)         0.357     3.357 r  rrst_n_IBUF_inst/O
                         net (fo=1, routed)           0.604     3.961    rrst_n_IBUF
    SLICE_X0Y17          LUT1 (Prop_lut1_I0_O)        0.056     4.017 f  wptr_sync[3]_i_1/O
                         net (fo=16, routed)          0.562     4.579    wptr_sync[3]_i_1_n_0
    SLICE_X2Y10          FDCE                                         f  rdata_reg[1]/CLR
  -------------------------------------------------------------------    -------------------

                         (clock rclk rise edge)      40.000    40.000 r  
    M18                                               0.000    40.000 r  rclk (IN)
                         net (fo=0)                   0.000    40.000    rclk
    M18                  IBUF (Prop_ibuf_I_O)         0.167    40.167 r  rclk_IBUF_inst/O
                         net (fo=1, routed)           0.634    40.801    rclk_IBUF
    BUFGCTRL_X0Y1        BUFG (Prop_bufg_I_O)         0.026    40.827 r  rclk_IBUF_BUFG_inst/O
                         net (fo=16, routed)          0.593    41.420    rclk_IBUF_BUFG
    SLICE_X2Y10          FDCE                                         r  rdata_reg[1]/C
                         clock pessimism              0.000    41.420    
                         clock uncertainty           -0.335    41.084    
    SLICE_X2Y10          FDCE (Recov_fdce_C_CLR)     -0.105    40.979    rdata_reg[1]
  -------------------------------------------------------------------
                         required time                         40.979    
                         arrival time                          -4.579    
  -------------------------------------------------------------------
                         slack                                 36.400    

Slack (MET) :             36.400ns  (required time - arrival time)
  Source:                 rrst_n
                            (input port clocked by rclk  {rise@0.000ns fall@20.000ns period=40.000ns})
  Destination:            rdata_reg[7]/CLR
                            (recovery check against rising-edge clock rclk  {rise@0.000ns fall@20.000ns period=40.000ns})
  Path Group:             **async_default**
  Path Type:              Recovery (Max at Fast Process Corner)
  Requirement:            40.000ns  (rclk rise@40.000ns - rclk rise@0.000ns)
  Data Path Delay:        1.579ns  (logic 0.413ns (26.143%)  route 1.167ns (73.857%))
  Logic Levels:           2  (IBUF=1 LUT1=1)
  Input Delay:            3.000ns
  Clock Path Skew:        1.420ns (DCD - SCD + CPR)
    Destination Clock Delay (DCD):    1.420ns = ( 41.420 - 40.000 ) 
    Source Clock Delay      (SCD):    0.000ns
    Clock Pessimism Removal (CPR):    0.000ns
  Clock Uncertainty:      0.335ns  ((TSJ^2 + TIJ^2)^1/2 + DJ) / 2 + PE + UU
    Total System Jitter     (TSJ):    0.071ns
    Total Input Jitter      (TIJ):    0.000ns
    Discrete Jitter          (DJ):    0.000ns
    Phase Error              (PE):    0.000ns
    User Uncertainty         (UU):    0.300ns

    Location             Delay type                Incr(ns)  Path(ns)    Netlist Resource(s)
  -------------------------------------------------------------------    -------------------
                         (clock rclk rise edge)       0.000     0.000 r  
                         input delay                  3.000     3.000    
    V19                                               0.000     3.000 r  rrst_n (IN)
                         net (fo=0)                   0.000     3.000    rrst_n
    V19                  IBUF (Prop_ibuf_I_O)         0.357     3.357 r  rrst_n_IBUF_inst/O
                         net (fo=1, routed)           0.604     3.961    rrst_n_IBUF
    SLICE_X0Y17          LUT1 (Prop_lut1_I0_O)        0.056     4.017 f  wptr_sync[3]_i_1/O
                         net (fo=16, routed)          0.562     4.579    wptr_sync[3]_i_1_n_0
    SLICE_X2Y10          FDCE                                         f  rdata_reg[7]/CLR
  -------------------------------------------------------------------    -------------------

                         (clock rclk rise edge)      40.000    40.000 r  
    M18                                               0.000    40.000 r  rclk (IN)
                         net (fo=0)                   0.000    40.000    rclk
    M18                  IBUF (Prop_ibuf_I_O)         0.167    40.167 r  rclk_IBUF_inst/O
                         net (fo=1, routed)           0.634    40.801    rclk_IBUF
    BUFGCTRL_X0Y1        BUFG (Prop_bufg_I_O)         0.026    40.827 r  rclk_IBUF_BUFG_inst/O
                         net (fo=16, routed)          0.593    41.420    rclk_IBUF_BUFG
    SLICE_X2Y10          FDCE                                         r  rdata_reg[7]/C
                         clock pessimism              0.000    41.420    
                         clock uncertainty           -0.335    41.084    
    SLICE_X2Y10          FDCE (Recov_fdce_C_CLR)     -0.105    40.979    rdata_reg[7]
  -------------------------------------------------------------------
                         required time                         40.979    
                         arrival time                          -4.579    
  -------------------------------------------------------------------
                         slack                                 36.400    

Slack (MET) :             36.406ns  (required time - arrival time)
  Source:                 rrst_n
                            (input port clocked by rclk  {rise@0.000ns fall@20.000ns period=40.000ns})
  Destination:            rdata_reg[2]/CLR
                            (recovery check against rising-edge clock rclk  {rise@0.000ns fall@20.000ns period=40.000ns})
  Path Group:             **async_default**
  Path Type:              Recovery (Max at Fast Process Corner)
  Requirement:            40.000ns  (rclk rise@40.000ns - rclk rise@0.000ns)
  Data Path Delay:        1.526ns  (logic 0.413ns (27.067%)  route 1.113ns (72.933%))
  Logic Levels:           2  (IBUF=1 LUT1=1)
  Input Delay:            3.000ns
  Clock Path Skew:        1.420ns (DCD - SCD + CPR)
    Destination Clock Delay (DCD):    1.420ns = ( 41.420 - 40.000 ) 
    Source Clock Delay      (SCD):    0.000ns
    Clock Pessimism Removal (CPR):    0.000ns
  Clock Uncertainty:      0.335ns  ((TSJ^2 + TIJ^2)^1/2 + DJ) / 2 + PE + UU
    Total System Jitter     (TSJ):    0.071ns
    Total Input Jitter      (TIJ):    0.000ns
    Discrete Jitter          (DJ):    0.000ns
    Phase Error              (PE):    0.000ns
    User Uncertainty         (UU):    0.300ns

    Location             Delay type                Incr(ns)  Path(ns)    Netlist Resource(s)
  -------------------------------------------------------------------    -------------------
                         (clock rclk rise edge)       0.000     0.000 r  
                         input delay                  3.000     3.000    
    V19                                               0.000     3.000 r  rrst_n (IN)
                         net (fo=0)                   0.000     3.000    rrst_n
    V19                  IBUF (Prop_ibuf_I_O)         0.357     3.357 r  rrst_n_IBUF_inst/O
                         net (fo=1, routed)           0.604     3.961    rrst_n_IBUF
    SLICE_X0Y17          LUT1 (Prop_lut1_I0_O)        0.056     4.017 f  wptr_sync[3]_i_1/O
                         net (fo=16, routed)          0.508     4.526    wptr_sync[3]_i_1_n_0
    SLICE_X0Y10          FDCE                                         f  rdata_reg[2]/CLR
  -------------------------------------------------------------------    -------------------

                         (clock rclk rise edge)      40.000    40.000 r  
    M18                                               0.000    40.000 r  rclk (IN)
                         net (fo=0)                   0.000    40.000    rclk
    M18                  IBUF (Prop_ibuf_I_O)         0.167    40.167 r  rclk_IBUF_inst/O
                         net (fo=1, routed)           0.634    40.801    rclk_IBUF
    BUFGCTRL_X0Y1        BUFG (Prop_bufg_I_O)         0.026    40.827 r  rclk_IBUF_BUFG_inst/O
                         net (fo=16, routed)          0.593    41.420    rclk_IBUF_BUFG
    SLICE_X0Y10          FDCE                                         r  rdata_reg[2]/C
                         clock pessimism              0.000    41.420    
                         clock uncertainty           -0.335    41.084    
    SLICE_X0Y10          FDCE (Recov_fdce_C_CLR)     -0.153    40.931    rdata_reg[2]
  -------------------------------------------------------------------
                         required time                         40.931    
                         arrival time                          -4.526    
  -------------------------------------------------------------------
                         slack                                 36.406    

Slack (MET) :             36.406ns  (required time - arrival time)
  Source:                 rrst_n
                            (input port clocked by rclk  {rise@0.000ns fall@20.000ns period=40.000ns})
  Destination:            rptr_reg[0]/CLR
                            (recovery check against rising-edge clock rclk  {rise@0.000ns fall@20.000ns period=40.000ns})
  Path Group:             **async_default**
  Path Type:              Recovery (Max at Fast Process Corner)
  Requirement:            40.000ns  (rclk rise@40.000ns - rclk rise@0.000ns)
  Data Path Delay:        1.526ns  (logic 0.413ns (27.067%)  route 1.113ns (72.933%))
  Logic Levels:           2  (IBUF=1 LUT1=1)
  Input Delay:            3.000ns
  Clock Path Skew:        1.420ns (DCD - SCD + CPR)
    Destination Clock Delay (DCD):    1.420ns = ( 41.420 - 40.000 ) 
    Source Clock Delay      (SCD):    0.000ns
    Clock Pessimism Removal (CPR):    0.000ns
  Clock Uncertainty:      0.335ns  ((TSJ^2 + TIJ^2)^1/2 + DJ) / 2 + PE + UU
    Total System Jitter     (TSJ):    0.071ns
    Total Input Jitter      (TIJ):    0.000ns
    Discrete Jitter          (DJ):    0.000ns
    Phase Error              (PE):    0.000ns
    User Uncertainty         (UU):    0.300ns

    Location             Delay type                Incr(ns)  Path(ns)    Netlist Resource(s)
  -------------------------------------------------------------------    -------------------
                         (clock rclk rise edge)       0.000     0.000 r  
                         input delay                  3.000     3.000    
    V19                                               0.000     3.000 r  rrst_n (IN)
                         net (fo=0)                   0.000     3.000    rrst_n
    V19                  IBUF (Prop_ibuf_I_O)         0.357     3.357 r  rrst_n_IBUF_inst/O
                         net (fo=1, routed)           0.604     3.961    rrst_n_IBUF
    SLICE_X0Y17          LUT1 (Prop_lut1_I0_O)        0.056     4.017 f  wptr_sync[3]_i_1/O
                         net (fo=16, routed)          0.508     4.526    wptr_sync[3]_i_1_n_0
    SLICE_X0Y10          FDCE                                         f  rptr_reg[0]/CLR
  -------------------------------------------------------------------    -------------------

                         (clock rclk rise edge)      40.000    40.000 r  
    M18                                               0.000    40.000 r  rclk (IN)
                         net (fo=0)                   0.000    40.000    rclk
    M18                  IBUF (Prop_ibuf_I_O)         0.167    40.167 r  rclk_IBUF_inst/O
                         net (fo=1, routed)           0.634    40.801    rclk_IBUF
    BUFGCTRL_X0Y1        BUFG (Prop_bufg_I_O)         0.026    40.827 r  rclk_IBUF_BUFG_inst/O
                         net (fo=16, routed)          0.593    41.420    rclk_IBUF_BUFG
    SLICE_X0Y10          FDCE                                         r  rptr_reg[0]/C
                         clock pessimism              0.000    41.420    
                         clock uncertainty           -0.335    41.084    
    SLICE_X0Y10          FDCE (Recov_fdce_C_CLR)     -0.153    40.931    rptr_reg[0]
  -------------------------------------------------------------------
                         required time                         40.931    
                         arrival time                          -4.526    
  -------------------------------------------------------------------
                         slack                                 36.406    

Slack (MET) :             36.406ns  (required time - arrival time)
  Source:                 rrst_n
                            (input port clocked by rclk  {rise@0.000ns fall@20.000ns period=40.000ns})
  Destination:            rptr_reg[1]/CLR
                            (recovery check against rising-edge clock rclk  {rise@0.000ns fall@20.000ns period=40.000ns})
  Path Group:             **async_default**
  Path Type:              Recovery (Max at Fast Process Corner)
  Requirement:            40.000ns  (rclk rise@40.000ns - rclk rise@0.000ns)
  Data Path Delay:        1.526ns  (logic 0.413ns (27.067%)  route 1.113ns (72.933%))
  Logic Levels:           2  (IBUF=1 LUT1=1)
  Input Delay:            3.000ns
  Clock Path Skew:        1.420ns (DCD - SCD + CPR)
    Destination Clock Delay (DCD):    1.420ns = ( 41.420 - 40.000 ) 
    Source Clock Delay      (SCD):    0.000ns
    Clock Pessimism Removal (CPR):    0.000ns
  Clock Uncertainty:      0.335ns  ((TSJ^2 + TIJ^2)^1/2 + DJ) / 2 + PE + UU
    Total System Jitter     (TSJ):    0.071ns
    Total Input Jitter      (TIJ):    0.000ns
    Discrete Jitter          (DJ):    0.000ns
    Phase Error              (PE):    0.000ns
    User Uncertainty         (UU):    0.300ns

    Location             Delay type                Incr(ns)  Path(ns)    Netlist Resource(s)
  -------------------------------------------------------------------    -------------------
                         (clock rclk rise edge)       0.000     0.000 r  
                         input delay                  3.000     3.000    
    V19                                               0.000     3.000 r  rrst_n (IN)
                         net (fo=0)                   0.000     3.000    rrst_n
    V19                  IBUF (Prop_ibuf_I_O)         0.357     3.357 r  rrst_n_IBUF_inst/O
                         net (fo=1, routed)           0.604     3.961    rrst_n_IBUF
    SLICE_X0Y17          LUT1 (Prop_lut1_I0_O)        0.056     4.017 f  wptr_sync[3]_i_1/O
                         net (fo=16, routed)          0.508     4.526    wptr_sync[3]_i_1_n_0
    SLICE_X0Y10          FDCE                                         f  rptr_reg[1]/CLR
  -------------------------------------------------------------------    -------------------

                         (clock rclk rise edge)      40.000    40.000 r  
    M18                                               0.000    40.000 r  rclk (IN)
                         net (fo=0)                   0.000    40.000    rclk
    M18                  IBUF (Prop_ibuf_I_O)         0.167    40.167 r  rclk_IBUF_inst/O
                         net (fo=1, routed)           0.634    40.801    rclk_IBUF
    BUFGCTRL_X0Y1        BUFG (Prop_bufg_I_O)         0.026    40.827 r  rclk_IBUF_BUFG_inst/O
                         net (fo=16, routed)          0.593    41.420    rclk_IBUF_BUFG
    SLICE_X0Y10          FDCE                                         r  rptr_reg[1]/C
                         clock pessimism              0.000    41.420    
                         clock uncertainty           -0.335    41.084    
    SLICE_X0Y10          FDCE (Recov_fdce_C_CLR)     -0.153    40.931    rptr_reg[1]
  -------------------------------------------------------------------
                         required time                         40.931    
                         arrival time                          -4.526    
  -------------------------------------------------------------------
                         slack                                 36.406    

Slack (MET) :             36.472ns  (required time - arrival time)
  Source:                 rrst_n
                            (input port clocked by rclk  {rise@0.000ns fall@20.000ns period=40.000ns})
  Destination:            rptr_reg[2]/CLR
                            (recovery check against rising-edge clock rclk  {rise@0.000ns fall@20.000ns period=40.000ns})
  Path Group:             **async_default**
  Path Type:              Recovery (Max at Fast Process Corner)
  Requirement:            40.000ns  (rclk rise@40.000ns - rclk rise@0.000ns)
  Data Path Delay:        1.459ns  (logic 0.413ns (28.298%)  route 1.046ns (71.702%))
  Logic Levels:           2  (IBUF=1 LUT1=1)
  Input Delay:            3.000ns
  Clock Path Skew:        1.420ns (DCD - SCD + CPR)
    Destination Clock Delay (DCD):    1.420ns = ( 41.420 - 40.000 ) 
    Source Clock Delay      (SCD):    0.000ns
    Clock Pessimism Removal (CPR):    0.000ns
  Clock Uncertainty:      0.335ns  ((TSJ^2 + TIJ^2)^1/2 + DJ) / 2 + PE + UU
    Total System Jitter     (TSJ):    0.071ns
    Total Input Jitter      (TIJ):    0.000ns
    Discrete Jitter          (DJ):    0.000ns
    Phase Error              (PE):    0.000ns
    User Uncertainty         (UU):    0.300ns

    Location             Delay type                Incr(ns)  Path(ns)    Netlist Resource(s)
  -------------------------------------------------------------------    -------------------
                         (clock rclk rise edge)       0.000     0.000 r  
                         input delay                  3.000     3.000    
    V19                                               0.000     3.000 r  rrst_n (IN)
                         net (fo=0)                   0.000     3.000    rrst_n
    V19                  IBUF (Prop_ibuf_I_O)         0.357     3.357 r  rrst_n_IBUF_inst/O
                         net (fo=1, routed)           0.604     3.961    rrst_n_IBUF
    SLICE_X0Y17          LUT1 (Prop_lut1_I0_O)        0.056     4.017 f  wptr_sync[3]_i_1/O
                         net (fo=16, routed)          0.442     4.459    wptr_sync[3]_i_1_n_0
    SLICE_X0Y11          FDCE                                         f  rptr_reg[2]/CLR
  -------------------------------------------------------------------    -------------------

                         (clock rclk rise edge)      40.000    40.000 r  
    M18                                               0.000    40.000 r  rclk (IN)
                         net (fo=0)                   0.000    40.000    rclk
    M18                  IBUF (Prop_ibuf_I_O)         0.167    40.167 r  rclk_IBUF_inst/O
                         net (fo=1, routed)           0.634    40.801    rclk_IBUF
    BUFGCTRL_X0Y1        BUFG (Prop_bufg_I_O)         0.026    40.827 r  rclk_IBUF_BUFG_inst/O
                         net (fo=16, routed)          0.593    41.420    rclk_IBUF_BUFG
    SLICE_X0Y11          FDCE                                         r  rptr_reg[2]/C
                         clock pessimism              0.000    41.420    
                         clock uncertainty           -0.335    41.084    
    SLICE_X0Y11          FDCE (Recov_fdce_C_CLR)     -0.153    40.931    rptr_reg[2]
  -------------------------------------------------------------------
                         required time                         40.931    
                         arrival time                          -4.459    
  -------------------------------------------------------------------
                         slack                                 36.472    





Min Delay Paths
--------------------------------------------------------------------------------------
Slack (MET) :             0.170ns  (arrival time - required time)
  Source:                 rrst_n
                            (input port clocked by rclk  {rise@0.000ns fall@20.000ns period=40.000ns})
  Destination:            wptr_sync_reg[2]/CLR
                            (removal check against rising-edge clock rclk  {rise@0.000ns fall@20.000ns period=40.000ns})
  Path Group:             **async_default**
  Path Type:              Removal (Min at Slow Process Corner)
  Requirement:            0.000ns  (rclk rise@0.000ns - rclk rise@0.000ns)
  Data Path Delay:        2.737ns  (logic 0.906ns (33.099%)  route 1.831ns (66.901%))
  Logic Levels:           2  (IBUF=1 LUT1=1)
  Input Delay:            2.000ns
  Clock Path Skew:        4.640ns (DCD - SCD - CPR)
    Destination Clock Delay (DCD):    4.640ns
    Source Clock Delay      (SCD):    0.000ns
    Clock Pessimism Removal (CPR):    -0.000ns
  Clock Uncertainty:      0.135ns  ((TSJ^2 + TIJ^2)^1/2 + DJ) / 2 + PE + UU
    Total System Jitter     (TSJ):    0.071ns
    Total Input Jitter      (TIJ):    0.000ns
    Discrete Jitter          (DJ):    0.000ns
    Phase Error              (PE):    0.000ns
    User Uncertainty         (UU):    0.100ns

    Location             Delay type                Incr(ns)  Path(ns)    Netlist Resource(s)
  -------------------------------------------------------------------    -------------------
                         (clock rclk rise edge)       0.000     0.000 r  
                         input delay                  2.000     2.000    
    V19                                               0.000     2.000 r  rrst_n (IN)
                         net (fo=0)                   0.000     2.000    rrst_n
    V19                  IBUF (Prop_ibuf_I_O)         0.806     2.806 r  rrst_n_IBUF_inst/O
                         net (fo=1, routed)           1.158     3.964    rrst_n_IBUF
    SLICE_X0Y17          LUT1 (Prop_lut1_I0_O)        0.100     4.064 f  wptr_sync[3]_i_1/O
                         net (fo=16, routed)          0.673     4.737    wptr_sync[3]_i_1_n_0
    SLICE_X0Y12          FDCE                                         f  wptr_sync_reg[2]/CLR
  -------------------------------------------------------------------    -------------------

                         (clock rclk rise edge)       0.000     0.000 r  
    M18                                               0.000     0.000 r  rclk (IN)
                         net (fo=0)                   0.000     0.000    rclk
    M18                  IBUF (Prop_ibuf_I_O)         0.938     0.938 r  rclk_IBUF_inst/O
                         net (fo=1, routed)           1.972     2.910    rclk_IBUF
    BUFGCTRL_X0Y1        BUFG (Prop_bufg_I_O)         0.096     3.006 r  rclk_IBUF_BUFG_inst/O
                         net (fo=16, routed)          1.634     4.640    rclk_IBUF_BUFG
    SLICE_X0Y12          FDCE                                         r  wptr_sync_reg[2]/C
                         clock pessimism              0.000     4.640    
                         clock uncertainty            0.135     4.775    
    SLICE_X0Y12          FDCE (Remov_fdce_C_CLR)     -0.208     4.567    wptr_sync_reg[2]
  -------------------------------------------------------------------
                         required time                         -4.567    
                         arrival time                           4.737    
  -------------------------------------------------------------------
                         slack                                  0.170    

Slack (MET) :             0.300ns  (arrival time - required time)
  Source:                 rrst_n
                            (input port clocked by rclk  {rise@0.000ns fall@20.000ns period=40.000ns})
  Destination:            wptr_sync_reg[0]/CLR
                            (removal check against rising-edge clock rclk  {rise@0.000ns fall@20.000ns period=40.000ns})
  Path Group:             **async_default**
  Path Type:              Removal (Min at Slow Process Corner)
  Requirement:            0.000ns  (rclk rise@0.000ns - rclk rise@0.000ns)
  Data Path Delay:        2.868ns  (logic 0.906ns (31.589%)  route 1.962ns (68.411%))
  Logic Levels:           2  (IBUF=1 LUT1=1)
  Input Delay:            2.000ns
  Clock Path Skew:        4.641ns (DCD - SCD - CPR)
    Destination Clock Delay (DCD):    4.641ns
    Source Clock Delay      (SCD):    0.000ns
    Clock Pessimism Removal (CPR):    -0.000ns
  Clock Uncertainty:      0.135ns  ((TSJ^2 + TIJ^2)^1/2 + DJ) / 2 + PE + UU
    Total System Jitter     (TSJ):    0.071ns
    Total Input Jitter      (TIJ):    0.000ns
    Discrete Jitter          (DJ):    0.000ns
    Phase Error              (PE):    0.000ns
    User Uncertainty         (UU):    0.100ns

    Location             Delay type                Incr(ns)  Path(ns)    Netlist Resource(s)
  -------------------------------------------------------------------    -------------------
                         (clock rclk rise edge)       0.000     0.000 r  
                         input delay                  2.000     2.000    
    V19                                               0.000     2.000 r  rrst_n (IN)
                         net (fo=0)                   0.000     2.000    rrst_n
    V19                  IBUF (Prop_ibuf_I_O)         0.806     2.806 r  rrst_n_IBUF_inst/O
                         net (fo=1, routed)           1.158     3.964    rrst_n_IBUF
    SLICE_X0Y17          LUT1 (Prop_lut1_I0_O)        0.100     4.064 f  wptr_sync[3]_i_1/O
                         net (fo=16, routed)          0.804     4.868    wptr_sync[3]_i_1_n_0
    SLICE_X1Y11          FDCE                                         f  wptr_sync_reg[0]/CLR
  -------------------------------------------------------------------    -------------------

                         (clock rclk rise edge)       0.000     0.000 r  
    M18                                               0.000     0.000 r  rclk (IN)
                         net (fo=0)                   0.000     0.000    rclk
    M18                  IBUF (Prop_ibuf_I_O)         0.938     0.938 r  rclk_IBUF_inst/O
                         net (fo=1, routed)           1.972     2.910    rclk_IBUF
    BUFGCTRL_X0Y1        BUFG (Prop_bufg_I_O)         0.096     3.006 r  rclk_IBUF_BUFG_inst/O
                         net (fo=16, routed)          1.635     4.641    rclk_IBUF_BUFG
    SLICE_X1Y11          FDCE                                         r  wptr_sync_reg[0]/C
                         clock pessimism              0.000     4.641    
                         clock uncertainty            0.135     4.776    
    SLICE_X1Y11          FDCE (Remov_fdce_C_CLR)     -0.208     4.568    wptr_sync_reg[0]
  -------------------------------------------------------------------
                         required time                         -4.568    
                         arrival time                           4.868    
  -------------------------------------------------------------------
                         slack                                  0.300    

Slack (MET) :             0.300ns  (arrival time - required time)
  Source:                 rrst_n
                            (input port clocked by rclk  {rise@0.000ns fall@20.000ns period=40.000ns})
  Destination:            wptr_sync_reg[1]/CLR
                            (removal check against rising-edge clock rclk  {rise@0.000ns fall@20.000ns period=40.000ns})
  Path Group:             **async_default**
  Path Type:              Removal (Min at Slow Process Corner)
  Requirement:            0.000ns  (rclk rise@0.000ns - rclk rise@0.000ns)
  Data Path Delay:        2.868ns  (logic 0.906ns (31.589%)  route 1.962ns (68.411%))
  Logic Levels:           2  (IBUF=1 LUT1=1)
  Input Delay:            2.000ns
  Clock Path Skew:        4.641ns (DCD - SCD - CPR)
    Destination Clock Delay (DCD):    4.641ns
    Source Clock Delay      (SCD):    0.000ns
    Clock Pessimism Removal (CPR):    -0.000ns
  Clock Uncertainty:      0.135ns  ((TSJ^2 + TIJ^2)^1/2 + DJ) / 2 + PE + UU
    Total System Jitter     (TSJ):    0.071ns
    Total Input Jitter      (TIJ):    0.000ns
    Discrete Jitter          (DJ):    0.000ns
    Phase Error              (PE):    0.000ns
    User Uncertainty         (UU):    0.100ns

    Location             Delay type                Incr(ns)  Path(ns)    Netlist Resource(s)
  -------------------------------------------------------------------    -------------------
                         (clock rclk rise edge)       0.000     0.000 r  
                         input delay                  2.000     2.000    
    V19                                               0.000     2.000 r  rrst_n (IN)
                         net (fo=0)                   0.000     2.000    rrst_n
    V19                  IBUF (Prop_ibuf_I_O)         0.806     2.806 r  rrst_n_IBUF_inst/O
                         net (fo=1, routed)           1.158     3.964    rrst_n_IBUF
    SLICE_X0Y17          LUT1 (Prop_lut1_I0_O)        0.100     4.064 f  wptr_sync[3]_i_1/O
                         net (fo=16, routed)          0.804     4.868    wptr_sync[3]_i_1_n_0
    SLICE_X1Y11          FDCE                                         f  wptr_sync_reg[1]/CLR
  -------------------------------------------------------------------    -------------------

                         (clock rclk rise edge)       0.000     0.000 r  
    M18                                               0.000     0.000 r  rclk (IN)
                         net (fo=0)                   0.000     0.000    rclk
    M18                  IBUF (Prop_ibuf_I_O)         0.938     0.938 r  rclk_IBUF_inst/O
                         net (fo=1, routed)           1.972     2.910    rclk_IBUF
    BUFGCTRL_X0Y1        BUFG (Prop_bufg_I_O)         0.096     3.006 r  rclk_IBUF_BUFG_inst/O
                         net (fo=16, routed)          1.635     4.641    rclk_IBUF_BUFG
    SLICE_X1Y11          FDCE                                         r  wptr_sync_reg[1]/C
                         clock pessimism              0.000     4.641    
                         clock uncertainty            0.135     4.776    
    SLICE_X1Y11          FDCE (Remov_fdce_C_CLR)     -0.208     4.568    wptr_sync_reg[1]
  -------------------------------------------------------------------
                         required time                         -4.568    
                         arrival time                           4.868    
  -------------------------------------------------------------------
                         slack                                  0.300    

Slack (MET) :             0.300ns  (arrival time - required time)
  Source:                 rrst_n
                            (input port clocked by rclk  {rise@0.000ns fall@20.000ns period=40.000ns})
  Destination:            wptr_sync_reg[3]/CLR
                            (removal check against rising-edge clock rclk  {rise@0.000ns fall@20.000ns period=40.000ns})
  Path Group:             **async_default**
  Path Type:              Removal (Min at Slow Process Corner)
  Requirement:            0.000ns  (rclk rise@0.000ns - rclk rise@0.000ns)
  Data Path Delay:        2.868ns  (logic 0.906ns (31.589%)  route 1.962ns (68.411%))
  Logic Levels:           2  (IBUF=1 LUT1=1)
  Input Delay:            2.000ns
  Clock Path Skew:        4.641ns (DCD - SCD - CPR)
    Destination Clock Delay (DCD):    4.641ns
    Source Clock Delay      (SCD):    0.000ns
    Clock Pessimism Removal (CPR):    -0.000ns
  Clock Uncertainty:      0.135ns  ((TSJ^2 + TIJ^2)^1/2 + DJ) / 2 + PE + UU
    Total System Jitter     (TSJ):    0.071ns
    Total Input Jitter      (TIJ):    0.000ns
    Discrete Jitter          (DJ):    0.000ns
    Phase Error              (PE):    0.000ns
    User Uncertainty         (UU):    0.100ns

    Location             Delay type                Incr(ns)  Path(ns)    Netlist Resource(s)
  -------------------------------------------------------------------    -------------------
                         (clock rclk rise edge)       0.000     0.000 r  
                         input delay                  2.000     2.000    
    V19                                               0.000     2.000 r  rrst_n (IN)
                         net (fo=0)                   0.000     2.000    rrst_n
    V19                  IBUF (Prop_ibuf_I_O)         0.806     2.806 r  rrst_n_IBUF_inst/O
                         net (fo=1, routed)           1.158     3.964    rrst_n_IBUF
    SLICE_X0Y17          LUT1 (Prop_lut1_I0_O)        0.100     4.064 f  wptr_sync[3]_i_1/O
                         net (fo=16, routed)          0.804     4.868    wptr_sync[3]_i_1_n_0
    SLICE_X1Y11          FDCE                                         f  wptr_sync_reg[3]/CLR
  -------------------------------------------------------------------    -------------------

                         (clock rclk rise edge)       0.000     0.000 r  
    M18                                               0.000     0.000 r  rclk (IN)
                         net (fo=0)                   0.000     0.000    rclk
    M18                  IBUF (Prop_ibuf_I_O)         0.938     0.938 r  rclk_IBUF_inst/O
                         net (fo=1, routed)           1.972     2.910    rclk_IBUF
    BUFGCTRL_X0Y1        BUFG (Prop_bufg_I_O)         0.096     3.006 r  rclk_IBUF_BUFG_inst/O
                         net (fo=16, routed)          1.635     4.641    rclk_IBUF_BUFG
    SLICE_X1Y11          FDCE                                         r  wptr_sync_reg[3]/C
                         clock pessimism              0.000     4.641    
                         clock uncertainty            0.135     4.776    
    SLICE_X1Y11          FDCE (Remov_fdce_C_CLR)     -0.208     4.568    wptr_sync_reg[3]
  -------------------------------------------------------------------
                         required time                         -4.568    
                         arrival time                           4.868    
  -------------------------------------------------------------------
                         slack                                  0.300    

Slack (MET) :             0.304ns  (arrival time - required time)
  Source:                 rrst_n
                            (input port clocked by rclk  {rise@0.000ns fall@20.000ns period=40.000ns})
  Destination:            rptr_reg[2]/CLR
                            (removal check against rising-edge clock rclk  {rise@0.000ns fall@20.000ns period=40.000ns})
  Path Group:             **async_default**
  Path Type:              Removal (Min at Slow Process Corner)
  Requirement:            0.000ns  (rclk rise@0.000ns - rclk rise@0.000ns)
  Data Path Delay:        2.872ns  (logic 0.906ns (31.541%)  route 1.966ns (68.459%))
  Logic Levels:           2  (IBUF=1 LUT1=1)
  Input Delay:            2.000ns
  Clock Path Skew:        4.641ns (DCD - SCD - CPR)
    Destination Clock Delay (DCD):    4.641ns
    Source Clock Delay      (SCD):    0.000ns
    Clock Pessimism Removal (CPR):    -0.000ns
  Clock Uncertainty:      0.135ns  ((TSJ^2 + TIJ^2)^1/2 + DJ) / 2 + PE + UU
    Total System Jitter     (TSJ):    0.071ns
    Total Input Jitter      (TIJ):    0.000ns
    Discrete Jitter          (DJ):    0.000ns
    Phase Error              (PE):    0.000ns
    User Uncertainty         (UU):    0.100ns

    Location             Delay type                Incr(ns)  Path(ns)    Netlist Resource(s)
  -------------------------------------------------------------------    -------------------
                         (clock rclk rise edge)       0.000     0.000 r  
                         input delay                  2.000     2.000    
    V19                                               0.000     2.000 r  rrst_n (IN)
                         net (fo=0)                   0.000     2.000    rrst_n
    V19                  IBUF (Prop_ibuf_I_O)         0.806     2.806 r  rrst_n_IBUF_inst/O
                         net (fo=1, routed)           1.158     3.964    rrst_n_IBUF
    SLICE_X0Y17          LUT1 (Prop_lut1_I0_O)        0.100     4.064 f  wptr_sync[3]_i_1/O
                         net (fo=16, routed)          0.808     4.872    wptr_sync[3]_i_1_n_0
    SLICE_X0Y11          FDCE                                         f  rptr_reg[2]/CLR
  -------------------------------------------------------------------    -------------------

                         (clock rclk rise edge)       0.000     0.000 r  
    M18                                               0.000     0.000 r  rclk (IN)
                         net (fo=0)                   0.000     0.000    rclk
    M18                  IBUF (Prop_ibuf_I_O)         0.938     0.938 r  rclk_IBUF_inst/O
                         net (fo=1, routed)           1.972     2.910    rclk_IBUF
    BUFGCTRL_X0Y1        BUFG (Prop_bufg_I_O)         0.096     3.006 r  rclk_IBUF_BUFG_inst/O
                         net (fo=16, routed)          1.635     4.641    rclk_IBUF_BUFG
    SLICE_X0Y11          FDCE                                         r  rptr_reg[2]/C
                         clock pessimism              0.000     4.641    
                         clock uncertainty            0.135     4.776    
    SLICE_X0Y11          FDCE (Remov_fdce_C_CLR)     -0.208     4.568    rptr_reg[2]
  -------------------------------------------------------------------
                         required time                         -4.568    
                         arrival time                           4.872    
  -------------------------------------------------------------------
                         slack                                  0.304    

Slack (MET) :             0.304ns  (arrival time - required time)
  Source:                 rrst_n
                            (input port clocked by rclk  {rise@0.000ns fall@20.000ns period=40.000ns})
  Destination:            rptr_reg[3]/CLR
                            (removal check against rising-edge clock rclk  {rise@0.000ns fall@20.000ns period=40.000ns})
  Path Group:             **async_default**
  Path Type:              Removal (Min at Slow Process Corner)
  Requirement:            0.000ns  (rclk rise@0.000ns - rclk rise@0.000ns)
  Data Path Delay:        2.872ns  (logic 0.906ns (31.541%)  route 1.966ns (68.459%))
  Logic Levels:           2  (IBUF=1 LUT1=1)
  Input Delay:            2.000ns
  Clock Path Skew:        4.641ns (DCD - SCD - CPR)
    Destination Clock Delay (DCD):    4.641ns
    Source Clock Delay      (SCD):    0.000ns
    Clock Pessimism Removal (CPR):    -0.000ns
  Clock Uncertainty:      0.135ns  ((TSJ^2 + TIJ^2)^1/2 + DJ) / 2 + PE + UU
    Total System Jitter     (TSJ):    0.071ns
    Total Input Jitter      (TIJ):    0.000ns
    Discrete Jitter          (DJ):    0.000ns
    Phase Error              (PE):    0.000ns
    User Uncertainty         (UU):    0.100ns

    Location             Delay type                Incr(ns)  Path(ns)    Netlist Resource(s)
  -------------------------------------------------------------------    -------------------
                         (clock rclk rise edge)       0.000     0.000 r  
                         input delay                  2.000     2.000    
    V19                                               0.000     2.000 r  rrst_n (IN)
                         net (fo=0)                   0.000     2.000    rrst_n
    V19                  IBUF (Prop_ibuf_I_O)         0.806     2.806 r  rrst_n_IBUF_inst/O
                         net (fo=1, routed)           1.158     3.964    rrst_n_IBUF
    SLICE_X0Y17          LUT1 (Prop_lut1_I0_O)        0.100     4.064 f  wptr_sync[3]_i_1/O
                         net (fo=16, routed)          0.808     4.872    wptr_sync[3]_i_1_n_0
    SLICE_X0Y11          FDCE                                         f  rptr_reg[3]/CLR
  -------------------------------------------------------------------    -------------------

                         (clock rclk rise edge)       0.000     0.000 r  
    M18                                               0.000     0.000 r  rclk (IN)
                         net (fo=0)                   0.000     0.000    rclk
    M18                  IBUF (Prop_ibuf_I_O)         0.938     0.938 r  rclk_IBUF_inst/O
                         net (fo=1, routed)           1.972     2.910    rclk_IBUF
    BUFGCTRL_X0Y1        BUFG (Prop_bufg_I_O)         0.096     3.006 r  rclk_IBUF_BUFG_inst/O
                         net (fo=16, routed)          1.635     4.641    rclk_IBUF_BUFG
    SLICE_X0Y11          FDCE                                         r  rptr_reg[3]/C
                         clock pessimism              0.000     4.641    
                         clock uncertainty            0.135     4.776    
    SLICE_X0Y11          FDCE (Remov_fdce_C_CLR)     -0.208     4.568    rptr_reg[3]
  -------------------------------------------------------------------
                         required time                         -4.568    
                         arrival time                           4.872    
  -------------------------------------------------------------------
                         slack                                  0.304    

Slack (MET) :             0.307ns  (arrival time - required time)
  Source:                 rrst_n
                            (input port clocked by rclk  {rise@0.000ns fall@20.000ns period=40.000ns})
  Destination:            rdata_reg[4]/CLR
                            (removal check against rising-edge clock rclk  {rise@0.000ns fall@20.000ns period=40.000ns})
  Path Group:             **async_default**
  Path Type:              Removal (Min at Slow Process Corner)
  Requirement:            0.000ns  (rclk rise@0.000ns - rclk rise@0.000ns)
  Data Path Delay:        2.872ns  (logic 0.906ns (31.547%)  route 1.966ns (68.453%))
  Logic Levels:           2  (IBUF=1 LUT1=1)
  Input Delay:            2.000ns
  Clock Path Skew:        4.637ns (DCD - SCD - CPR)
    Destination Clock Delay (DCD):    4.637ns
    Source Clock Delay      (SCD):    0.000ns
    Clock Pessimism Removal (CPR):    -0.000ns
  Clock Uncertainty:      0.135ns  ((TSJ^2 + TIJ^2)^1/2 + DJ) / 2 + PE + UU
    Total System Jitter     (TSJ):    0.071ns
    Total Input Jitter      (TIJ):    0.000ns
    Discrete Jitter          (DJ):    0.000ns
    Phase Error              (PE):    0.000ns
    User Uncertainty         (UU):    0.100ns

    Location             Delay type                Incr(ns)  Path(ns)    Netlist Resource(s)
  -------------------------------------------------------------------    -------------------
                         (clock rclk rise edge)       0.000     0.000 r  
                         input delay                  2.000     2.000    
    V19                                               0.000     2.000 r  rrst_n (IN)
                         net (fo=0)                   0.000     2.000    rrst_n
    V19                  IBUF (Prop_ibuf_I_O)         0.806     2.806 r  rrst_n_IBUF_inst/O
                         net (fo=1, routed)           1.158     3.964    rrst_n_IBUF
    SLICE_X0Y17          LUT1 (Prop_lut1_I0_O)        0.100     4.064 f  wptr_sync[3]_i_1/O
                         net (fo=16, routed)          0.807     4.872    wptr_sync[3]_i_1_n_0
    SLICE_X4Y12          FDCE                                         f  rdata_reg[4]/CLR
  -------------------------------------------------------------------    -------------------

                         (clock rclk rise edge)       0.000     0.000 r  
    M18                                               0.000     0.000 r  rclk (IN)
                         net (fo=0)                   0.000     0.000    rclk
    M18                  IBUF (Prop_ibuf_I_O)         0.938     0.938 r  rclk_IBUF_inst/O
                         net (fo=1, routed)           1.972     2.910    rclk_IBUF
    BUFGCTRL_X0Y1        BUFG (Prop_bufg_I_O)         0.096     3.006 r  rclk_IBUF_BUFG_inst/O
                         net (fo=16, routed)          1.631     4.637    rclk_IBUF_BUFG
    SLICE_X4Y12          FDCE                                         r  rdata_reg[4]/C
                         clock pessimism              0.000     4.637    
                         clock uncertainty            0.135     4.772    
    SLICE_X4Y12          FDCE (Remov_fdce_C_CLR)     -0.208     4.564    rdata_reg[4]
  -------------------------------------------------------------------
                         required time                         -4.564    
                         arrival time                           4.872    
  -------------------------------------------------------------------
                         slack                                  0.307    

Slack (MET) :             0.423ns  (arrival time - required time)
  Source:                 rrst_n
                            (input port clocked by rclk  {rise@0.000ns fall@20.000ns period=40.000ns})
  Destination:            rdata_reg[2]/CLR
                            (removal check against rising-edge clock rclk  {rise@0.000ns fall@20.000ns period=40.000ns})
  Path Group:             **async_default**
  Path Type:              Removal (Min at Slow Process Corner)
  Requirement:            0.000ns  (rclk rise@0.000ns - rclk rise@0.000ns)
  Data Path Delay:        2.993ns  (logic 0.906ns (30.273%)  route 2.087ns (69.727%))
  Logic Levels:           2  (IBUF=1 LUT1=1)
  Input Delay:            2.000ns
  Clock Path Skew:        4.642ns (DCD - SCD - CPR)
    Destination Clock Delay (DCD):    4.642ns
    Source Clock Delay      (SCD):    0.000ns
    Clock Pessimism Removal (CPR):    -0.000ns
  Clock Uncertainty:      0.135ns  ((TSJ^2 + TIJ^2)^1/2 + DJ) / 2 + PE + UU
    Total System Jitter     (TSJ):    0.071ns
    Total Input Jitter      (TIJ):    0.000ns
    Discrete Jitter          (DJ):    0.000ns
    Phase Error              (PE):    0.000ns
    User Uncertainty         (UU):    0.100ns

    Location             Delay type                Incr(ns)  Path(ns)    Netlist Resource(s)
  -------------------------------------------------------------------    -------------------
                         (clock rclk rise edge)       0.000     0.000 r  
                         input delay                  2.000     2.000    
    V19                                               0.000     2.000 r  rrst_n (IN)
                         net (fo=0)                   0.000     2.000    rrst_n
    V19                  IBUF (Prop_ibuf_I_O)         0.806     2.806 r  rrst_n_IBUF_inst/O
                         net (fo=1, routed)           1.158     3.964    rrst_n_IBUF
    SLICE_X0Y17          LUT1 (Prop_lut1_I0_O)        0.100     4.064 f  wptr_sync[3]_i_1/O
                         net (fo=16, routed)          0.928     4.993    wptr_sync[3]_i_1_n_0
    SLICE_X0Y10          FDCE                                         f  rdata_reg[2]/CLR
  -------------------------------------------------------------------    -------------------

                         (clock rclk rise edge)       0.000     0.000 r  
    M18                                               0.000     0.000 r  rclk (IN)
                         net (fo=0)                   0.000     0.000    rclk
    M18                  IBUF (Prop_ibuf_I_O)         0.938     0.938 r  rclk_IBUF_inst/O
                         net (fo=1, routed)           1.972     2.910    rclk_IBUF
    BUFGCTRL_X0Y1        BUFG (Prop_bufg_I_O)         0.096     3.006 r  rclk_IBUF_BUFG_inst/O
                         net (fo=16, routed)          1.636     4.642    rclk_IBUF_BUFG
    SLICE_X0Y10          FDCE                                         r  rdata_reg[2]/C
                         clock pessimism              0.000     4.642    
                         clock uncertainty            0.135     4.777    
    SLICE_X0Y10          FDCE (Remov_fdce_C_CLR)     -0.208     4.569    rdata_reg[2]
  -------------------------------------------------------------------
                         required time                         -4.569    
                         arrival time                           4.993    
  -------------------------------------------------------------------
                         slack                                  0.423    

Slack (MET) :             0.423ns  (arrival time - required time)
  Source:                 rrst_n
                            (input port clocked by rclk  {rise@0.000ns fall@20.000ns period=40.000ns})
  Destination:            rptr_reg[0]/CLR
                            (removal check against rising-edge clock rclk  {rise@0.000ns fall@20.000ns period=40.000ns})
  Path Group:             **async_default**
  Path Type:              Removal (Min at Slow Process Corner)
  Requirement:            0.000ns  (rclk rise@0.000ns - rclk rise@0.000ns)
  Data Path Delay:        2.993ns  (logic 0.906ns (30.273%)  route 2.087ns (69.727%))
  Logic Levels:           2  (IBUF=1 LUT1=1)
  Input Delay:            2.000ns
  Clock Path Skew:        4.642ns (DCD - SCD - CPR)
    Destination Clock Delay (DCD):    4.642ns
    Source Clock Delay      (SCD):    0.000ns
    Clock Pessimism Removal (CPR):    -0.000ns
  Clock Uncertainty:      0.135ns  ((TSJ^2 + TIJ^2)^1/2 + DJ) / 2 + PE + UU
    Total System Jitter     (TSJ):    0.071ns
    Total Input Jitter      (TIJ):    0.000ns
    Discrete Jitter          (DJ):    0.000ns
    Phase Error              (PE):    0.000ns
    User Uncertainty         (UU):    0.100ns

    Location             Delay type                Incr(ns)  Path(ns)    Netlist Resource(s)
  -------------------------------------------------------------------    -------------------
                         (clock rclk rise edge)       0.000     0.000 r  
                         input delay                  2.000     2.000    
    V19                                               0.000     2.000 r  rrst_n (IN)
                         net (fo=0)                   0.000     2.000    rrst_n
    V19                  IBUF (Prop_ibuf_I_O)         0.806     2.806 r  rrst_n_IBUF_inst/O
                         net (fo=1, routed)           1.158     3.964    rrst_n_IBUF
    SLICE_X0Y17          LUT1 (Prop_lut1_I0_O)        0.100     4.064 f  wptr_sync[3]_i_1/O
                         net (fo=16, routed)          0.928     4.993    wptr_sync[3]_i_1_n_0
    SLICE_X0Y10          FDCE                                         f  rptr_reg[0]/CLR
  -------------------------------------------------------------------    -------------------

                         (clock rclk rise edge)       0.000     0.000 r  
    M18                                               0.000     0.000 r  rclk (IN)
                         net (fo=0)                   0.000     0.000    rclk
    M18                  IBUF (Prop_ibuf_I_O)         0.938     0.938 r  rclk_IBUF_inst/O
                         net (fo=1, routed)           1.972     2.910    rclk_IBUF
    BUFGCTRL_X0Y1        BUFG (Prop_bufg_I_O)         0.096     3.006 r  rclk_IBUF_BUFG_inst/O
                         net (fo=16, routed)          1.636     4.642    rclk_IBUF_BUFG
    SLICE_X0Y10          FDCE                                         r  rptr_reg[0]/C
                         clock pessimism              0.000     4.642    
                         clock uncertainty            0.135     4.777    
    SLICE_X0Y10          FDCE (Remov_fdce_C_CLR)     -0.208     4.569    rptr_reg[0]
  -------------------------------------------------------------------
                         required time                         -4.569    
                         arrival time                           4.993    
  -------------------------------------------------------------------
                         slack                                  0.423    

Slack (MET) :             0.423ns  (arrival time - required time)
  Source:                 rrst_n
                            (input port clocked by rclk  {rise@0.000ns fall@20.000ns period=40.000ns})
  Destination:            rptr_reg[1]/CLR
                            (removal check against rising-edge clock rclk  {rise@0.000ns fall@20.000ns period=40.000ns})
  Path Group:             **async_default**
  Path Type:              Removal (Min at Slow Process Corner)
  Requirement:            0.000ns  (rclk rise@0.000ns - rclk rise@0.000ns)
  Data Path Delay:        2.993ns  (logic 0.906ns (30.273%)  route 2.087ns (69.727%))
  Logic Levels:           2  (IBUF=1 LUT1=1)
  Input Delay:            2.000ns
  Clock Path Skew:        4.642ns (DCD - SCD - CPR)
    Destination Clock Delay (DCD):    4.642ns
    Source Clock Delay      (SCD):    0.000ns
    Clock Pessimism Removal (CPR):    -0.000ns
  Clock Uncertainty:      0.135ns  ((TSJ^2 + TIJ^2)^1/2 + DJ) / 2 + PE + UU
    Total System Jitter     (TSJ):    0.071ns
    Total Input Jitter      (TIJ):    0.000ns
    Discrete Jitter          (DJ):    0.000ns
    Phase Error              (PE):    0.000ns
    User Uncertainty         (UU):    0.100ns

    Location             Delay type                Incr(ns)  Path(ns)    Netlist Resource(s)
  -------------------------------------------------------------------    -------------------
                         (clock rclk rise edge)       0.000     0.000 r  
                         input delay                  2.000     2.000    
    V19                                               0.000     2.000 r  rrst_n (IN)
                         net (fo=0)                   0.000     2.000    rrst_n
    V19                  IBUF (Prop_ibuf_I_O)         0.806     2.806 r  rrst_n_IBUF_inst/O
                         net (fo=1, routed)           1.158     3.964    rrst_n_IBUF
    SLICE_X0Y17          LUT1 (Prop_lut1_I0_O)        0.100     4.064 f  wptr_sync[3]_i_1/O
                         net (fo=16, routed)          0.928     4.993    wptr_sync[3]_i_1_n_0
    SLICE_X0Y10          FDCE                                         f  rptr_reg[1]/CLR
  -------------------------------------------------------------------    -------------------

                         (clock rclk rise edge)       0.000     0.000 r  
    M18                                               0.000     0.000 r  rclk (IN)
                         net (fo=0)                   0.000     0.000    rclk
    M18                  IBUF (Prop_ibuf_I_O)         0.938     0.938 r  rclk_IBUF_inst/O
                         net (fo=1, routed)           1.972     2.910    rclk_IBUF
    BUFGCTRL_X0Y1        BUFG (Prop_bufg_I_O)         0.096     3.006 r  rclk_IBUF_BUFG_inst/O
                         net (fo=16, routed)          1.636     4.642    rclk_IBUF_BUFG
    SLICE_X0Y10          FDCE                                         r  rptr_reg[1]/C
                         clock pessimism              0.000     4.642    
                         clock uncertainty            0.135     4.777    
    SLICE_X0Y10          FDCE (Remov_fdce_C_CLR)     -0.208     4.569    rptr_reg[1]
  -------------------------------------------------------------------
                         required time                         -4.569    
                         arrival time                           4.993    
  -------------------------------------------------------------------
                         slack                                  0.423    





---------------------------------------------------------------------------------------------------
Path Group:  **async_default**
From Clock:  wclk
  To Clock:  wclk

Setup :            0  Failing Endpoints,  Worst Slack       25.926ns,  Total Violation        0.000ns
Hold  :            0  Failing Endpoints,  Worst Slack        0.110ns,  Total Violation        0.000ns
---------------------------------------------------------------------------------------------------


Max Delay Paths
--------------------------------------------------------------------------------------
Slack (MET) :             25.926ns  (required time - arrival time)
  Source:                 wrst_n
                            (input port clocked by wclk  {rise@0.000ns fall@15.000ns period=30.000ns})
  Destination:            wptr_reg[0]/CLR
                            (recovery check against rising-edge clock wclk  {rise@0.000ns fall@15.000ns period=30.000ns})
  Path Group:             **async_default**
  Path Type:              Recovery (Max at Fast Process Corner)
  Requirement:            30.000ns  (wclk rise@30.000ns - wclk rise@0.000ns)
  Data Path Delay:        1.510ns  (logic 0.404ns (26.777%)  route 1.106ns (73.223%))
  Logic Levels:           2  (IBUF=1 LUT1=1)
  Input Delay:            3.500ns
  Clock Path Skew:        1.424ns (DCD - SCD + CPR)
    Destination Clock Delay (DCD):    1.424ns = ( 31.424 - 30.000 ) 
    Source Clock Delay      (SCD):    0.000ns
    Clock Pessimism Removal (CPR):    0.000ns
  Clock Uncertainty:      0.335ns  ((TSJ^2 + TIJ^2)^1/2 + DJ) / 2 + PE + UU
    Total System Jitter     (TSJ):    0.071ns
    Total Input Jitter      (TIJ):    0.000ns
    Discrete Jitter          (DJ):    0.000ns
    Phase Error              (PE):    0.000ns
    User Uncertainty         (UU):    0.300ns

    Location             Delay type                Incr(ns)  Path(ns)    Netlist Resource(s)
  -------------------------------------------------------------------    -------------------
                         (clock wclk rise edge)       0.000     0.000 r  
                         input delay                  3.500     3.500    
    R18                                               0.000     3.500 r  wrst_n (IN)
                         net (fo=0)                   0.000     3.500    wrst_n
    R18                  IBUF (Prop_ibuf_I_O)         0.348     3.848 r  wrst_n_IBUF_inst/O
                         net (fo=3, routed)           0.686     4.534    wrst_n_IBUF
    SLICE_X0Y12          LUT1 (Prop_lut1_I0_O)        0.056     4.590 f  rptr_sync[3]_i_1/O
                         net (fo=8, routed)           0.420     5.010    rptr_sync[3]_i_1_n_0
    SLICE_X1Y13          FDCE                                         f  wptr_reg[0]/CLR
  -------------------------------------------------------------------    -------------------

                         (clock wclk rise edge)      30.000    30.000 r  
    P18                                               0.000    30.000 r  wclk (IN)
                         net (fo=0)                   0.000    30.000    wclk
    P18                  IBUF (Prop_ibuf_I_O)         0.173    30.173 r  wclk_IBUF_inst/O
                         net (fo=1, routed)           0.634    30.807    wclk_IBUF
    BUFGCTRL_X0Y0        BUFG (Prop_bufg_I_O)         0.026    30.833 r  wclk_IBUF_BUFG_inst/O
                         net (fo=72, routed)          0.591    31.424    wclk_IBUF_BUFG
    SLICE_X1Y13          FDCE                                         r  wptr_reg[0]/C
                         clock pessimism              0.000    31.424    
                         clock uncertainty           -0.335    31.089    
    SLICE_X1Y13          FDCE (Recov_fdce_C_CLR)     -0.153    30.936    wptr_reg[0]
  -------------------------------------------------------------------
                         required time                         30.936    
                         arrival time                          -5.010    
  -------------------------------------------------------------------
                         slack                                 25.926    

Slack (MET) :             25.962ns  (required time - arrival time)
  Source:                 wrst_n
                            (input port clocked by wclk  {rise@0.000ns fall@15.000ns period=30.000ns})
  Destination:            rptr_sync_reg[0]/CLR
                            (recovery check against rising-edge clock wclk  {rise@0.000ns fall@15.000ns period=30.000ns})
  Path Group:             **async_default**
  Path Type:              Recovery (Max at Fast Process Corner)
  Requirement:            30.000ns  (wclk rise@30.000ns - wclk rise@0.000ns)
  Data Path Delay:        1.523ns  (logic 0.404ns (26.549%)  route 1.119ns (73.451%))
  Logic Levels:           2  (IBUF=1 LUT1=1)
  Input Delay:            3.500ns
  Clock Path Skew:        1.425ns (DCD - SCD + CPR)
    Destination Clock Delay (DCD):    1.425ns = ( 31.425 - 30.000 ) 
    Source Clock Delay      (SCD):    0.000ns
    Clock Pessimism Removal (CPR):    0.000ns
  Clock Uncertainty:      0.335ns  ((TSJ^2 + TIJ^2)^1/2 + DJ) / 2 + PE + UU
    Total System Jitter     (TSJ):    0.071ns
    Total Input Jitter      (TIJ):    0.000ns
    Discrete Jitter          (DJ):    0.000ns
    Phase Error              (PE):    0.000ns
    User Uncertainty         (UU):    0.300ns

    Location             Delay type                Incr(ns)  Path(ns)    Netlist Resource(s)
  -------------------------------------------------------------------    -------------------
                         (clock wclk rise edge)       0.000     0.000 r  
                         input delay                  3.500     3.500    
    R18                                               0.000     3.500 r  wrst_n (IN)
                         net (fo=0)                   0.000     3.500    wrst_n
    R18                  IBUF (Prop_ibuf_I_O)         0.348     3.848 r  wrst_n_IBUF_inst/O
                         net (fo=3, routed)           0.686     4.534    wrst_n_IBUF
    SLICE_X0Y12          LUT1 (Prop_lut1_I0_O)        0.056     4.590 f  rptr_sync[3]_i_1/O
                         net (fo=8, routed)           0.433     5.023    rptr_sync[3]_i_1_n_0
    SLICE_X2Y12          FDCE                                         f  rptr_sync_reg[0]/CLR
  -------------------------------------------------------------------    -------------------

                         (clock wclk rise edge)      30.000    30.000 r  
    P18                                               0.000    30.000 r  wclk (IN)
                         net (fo=0)                   0.000    30.000    wclk
    P18                  IBUF (Prop_ibuf_I_O)         0.173    30.173 r  wclk_IBUF_inst/O
                         net (fo=1, routed)           0.634    30.807    wclk_IBUF
    BUFGCTRL_X0Y0        BUFG (Prop_bufg_I_O)         0.026    30.833 r  wclk_IBUF_BUFG_inst/O
                         net (fo=72, routed)          0.592    31.425    wclk_IBUF_BUFG
    SLICE_X2Y12          FDCE                                         r  rptr_sync_reg[0]/C
                         clock pessimism              0.000    31.425    
                         clock uncertainty           -0.335    31.090    
    SLICE_X2Y12          FDCE (Recov_fdce_C_CLR)     -0.105    30.985    rptr_sync_reg[0]
  -------------------------------------------------------------------
                         required time                         30.985    
                         arrival time                          -5.023    
  -------------------------------------------------------------------
                         slack                                 25.962    

Slack (MET) :             25.962ns  (required time - arrival time)
  Source:                 wrst_n
                            (input port clocked by wclk  {rise@0.000ns fall@15.000ns period=30.000ns})
  Destination:            rptr_sync_reg[1]/CLR
                            (recovery check against rising-edge clock wclk  {rise@0.000ns fall@15.000ns period=30.000ns})
  Path Group:             **async_default**
  Path Type:              Recovery (Max at Fast Process Corner)
  Requirement:            30.000ns  (wclk rise@30.000ns - wclk rise@0.000ns)
  Data Path Delay:        1.523ns  (logic 0.404ns (26.549%)  route 1.119ns (73.451%))
  Logic Levels:           2  (IBUF=1 LUT1=1)
  Input Delay:            3.500ns
  Clock Path Skew:        1.425ns (DCD - SCD + CPR)
    Destination Clock Delay (DCD):    1.425ns = ( 31.425 - 30.000 ) 
    Source Clock Delay      (SCD):    0.000ns
    Clock Pessimism Removal (CPR):    0.000ns
  Clock Uncertainty:      0.335ns  ((TSJ^2 + TIJ^2)^1/2 + DJ) / 2 + PE + UU
    Total System Jitter     (TSJ):    0.071ns
    Total Input Jitter      (TIJ):    0.000ns
    Discrete Jitter          (DJ):    0.000ns
    Phase Error              (PE):    0.000ns
    User Uncertainty         (UU):    0.300ns

    Location             Delay type                Incr(ns)  Path(ns)    Netlist Resource(s)
  -------------------------------------------------------------------    -------------------
                         (clock wclk rise edge)       0.000     0.000 r  
                         input delay                  3.500     3.500    
    R18                                               0.000     3.500 r  wrst_n (IN)
                         net (fo=0)                   0.000     3.500    wrst_n
    R18                  IBUF (Prop_ibuf_I_O)         0.348     3.848 r  wrst_n_IBUF_inst/O
                         net (fo=3, routed)           0.686     4.534    wrst_n_IBUF
    SLICE_X0Y12          LUT1 (Prop_lut1_I0_O)        0.056     4.590 f  rptr_sync[3]_i_1/O
                         net (fo=8, routed)           0.433     5.023    rptr_sync[3]_i_1_n_0
    SLICE_X2Y12          FDCE                                         f  rptr_sync_reg[1]/CLR
  -------------------------------------------------------------------    -------------------

                         (clock wclk rise edge)      30.000    30.000 r  
    P18                                               0.000    30.000 r  wclk (IN)
                         net (fo=0)                   0.000    30.000    wclk
    P18                  IBUF (Prop_ibuf_I_O)         0.173    30.173 r  wclk_IBUF_inst/O
                         net (fo=1, routed)           0.634    30.807    wclk_IBUF
    BUFGCTRL_X0Y0        BUFG (Prop_bufg_I_O)         0.026    30.833 r  wclk_IBUF_BUFG_inst/O
                         net (fo=72, routed)          0.592    31.425    wclk_IBUF_BUFG
    SLICE_X2Y12          FDCE                                         r  rptr_sync_reg[1]/C
                         clock pessimism              0.000    31.425    
                         clock uncertainty           -0.335    31.090    
    SLICE_X2Y12          FDCE (Recov_fdce_C_CLR)     -0.105    30.985    rptr_sync_reg[1]
  -------------------------------------------------------------------
                         required time                         30.985    
                         arrival time                          -5.023    
  -------------------------------------------------------------------
                         slack                                 25.962    

Slack (MET) :             25.962ns  (required time - arrival time)
  Source:                 wrst_n
                            (input port clocked by wclk  {rise@0.000ns fall@15.000ns period=30.000ns})
  Destination:            rptr_sync_reg[2]/CLR
                            (recovery check against rising-edge clock wclk  {rise@0.000ns fall@15.000ns period=30.000ns})
  Path Group:             **async_default**
  Path Type:              Recovery (Max at Fast Process Corner)
  Requirement:            30.000ns  (wclk rise@30.000ns - wclk rise@0.000ns)
  Data Path Delay:        1.523ns  (logic 0.404ns (26.549%)  route 1.119ns (73.451%))
  Logic Levels:           2  (IBUF=1 LUT1=1)
  Input Delay:            3.500ns
  Clock Path Skew:        1.425ns (DCD - SCD + CPR)
    Destination Clock Delay (DCD):    1.425ns = ( 31.425 - 30.000 ) 
    Source Clock Delay      (SCD):    0.000ns
    Clock Pessimism Removal (CPR):    0.000ns
  Clock Uncertainty:      0.335ns  ((TSJ^2 + TIJ^2)^1/2 + DJ) / 2 + PE + UU
    Total System Jitter     (TSJ):    0.071ns
    Total Input Jitter      (TIJ):    0.000ns
    Discrete Jitter          (DJ):    0.000ns
    Phase Error              (PE):    0.000ns
    User Uncertainty         (UU):    0.300ns

    Location             Delay type                Incr(ns)  Path(ns)    Netlist Resource(s)
  -------------------------------------------------------------------    -------------------
                         (clock wclk rise edge)       0.000     0.000 r  
                         input delay                  3.500     3.500    
    R18                                               0.000     3.500 r  wrst_n (IN)
                         net (fo=0)                   0.000     3.500    wrst_n
    R18                  IBUF (Prop_ibuf_I_O)         0.348     3.848 r  wrst_n_IBUF_inst/O
                         net (fo=3, routed)           0.686     4.534    wrst_n_IBUF
    SLICE_X0Y12          LUT1 (Prop_lut1_I0_O)        0.056     4.590 f  rptr_sync[3]_i_1/O
                         net (fo=8, routed)           0.433     5.023    rptr_sync[3]_i_1_n_0
    SLICE_X2Y12          FDCE                                         f  rptr_sync_reg[2]/CLR
  -------------------------------------------------------------------    -------------------

                         (clock wclk rise edge)      30.000    30.000 r  
    P18                                               0.000    30.000 r  wclk (IN)
                         net (fo=0)                   0.000    30.000    wclk
    P18                  IBUF (Prop_ibuf_I_O)         0.173    30.173 r  wclk_IBUF_inst/O
                         net (fo=1, routed)           0.634    30.807    wclk_IBUF
    BUFGCTRL_X0Y0        BUFG (Prop_bufg_I_O)         0.026    30.833 r  wclk_IBUF_BUFG_inst/O
                         net (fo=72, routed)          0.592    31.425    wclk_IBUF_BUFG
    SLICE_X2Y12          FDCE                                         r  rptr_sync_reg[2]/C
                         clock pessimism              0.000    31.425    
                         clock uncertainty           -0.335    31.090    
    SLICE_X2Y12          FDCE (Recov_fdce_C_CLR)     -0.105    30.985    rptr_sync_reg[2]
  -------------------------------------------------------------------
                         required time                         30.985    
                         arrival time                          -5.023    
  -------------------------------------------------------------------
                         slack                                 25.962    

Slack (MET) :             25.962ns  (required time - arrival time)
  Source:                 wrst_n
                            (input port clocked by wclk  {rise@0.000ns fall@15.000ns period=30.000ns})
  Destination:            rptr_sync_reg[3]/CLR
                            (recovery check against rising-edge clock wclk  {rise@0.000ns fall@15.000ns period=30.000ns})
  Path Group:             **async_default**
  Path Type:              Recovery (Max at Fast Process Corner)
  Requirement:            30.000ns  (wclk rise@30.000ns - wclk rise@0.000ns)
  Data Path Delay:        1.523ns  (logic 0.404ns (26.549%)  route 1.119ns (73.451%))
  Logic Levels:           2  (IBUF=1 LUT1=1)
  Input Delay:            3.500ns
  Clock Path Skew:        1.425ns (DCD - SCD + CPR)
    Destination Clock Delay (DCD):    1.425ns = ( 31.425 - 30.000 ) 
    Source Clock Delay      (SCD):    0.000ns
    Clock Pessimism Removal (CPR):    0.000ns
  Clock Uncertainty:      0.335ns  ((TSJ^2 + TIJ^2)^1/2 + DJ) / 2 + PE + UU
    Total System Jitter     (TSJ):    0.071ns
    Total Input Jitter      (TIJ):    0.000ns
    Discrete Jitter          (DJ):    0.000ns
    Phase Error              (PE):    0.000ns
    User Uncertainty         (UU):    0.300ns

    Location             Delay type                Incr(ns)  Path(ns)    Netlist Resource(s)
  -------------------------------------------------------------------    -------------------
                         (clock wclk rise edge)       0.000     0.000 r  
                         input delay                  3.500     3.500    
    R18                                               0.000     3.500 r  wrst_n (IN)
                         net (fo=0)                   0.000     3.500    wrst_n
    R18                  IBUF (Prop_ibuf_I_O)         0.348     3.848 r  wrst_n_IBUF_inst/O
                         net (fo=3, routed)           0.686     4.534    wrst_n_IBUF
    SLICE_X0Y12          LUT1 (Prop_lut1_I0_O)        0.056     4.590 f  rptr_sync[3]_i_1/O
                         net (fo=8, routed)           0.433     5.023    rptr_sync[3]_i_1_n_0
    SLICE_X2Y12          FDCE                                         f  rptr_sync_reg[3]/CLR
  -------------------------------------------------------------------    -------------------

                         (clock wclk rise edge)      30.000    30.000 r  
    P18                                               0.000    30.000 r  wclk (IN)
                         net (fo=0)                   0.000    30.000    wclk
    P18                  IBUF (Prop_ibuf_I_O)         0.173    30.173 r  wclk_IBUF_inst/O
                         net (fo=1, routed)           0.634    30.807    wclk_IBUF
    BUFGCTRL_X0Y0        BUFG (Prop_bufg_I_O)         0.026    30.833 r  wclk_IBUF_BUFG_inst/O
                         net (fo=72, routed)          0.592    31.425    wclk_IBUF_BUFG
    SLICE_X2Y12          FDCE                                         r  rptr_sync_reg[3]/C
                         clock pessimism              0.000    31.425    
                         clock uncertainty           -0.335    31.090    
    SLICE_X2Y12          FDCE (Recov_fdce_C_CLR)     -0.105    30.985    rptr_sync_reg[3]
  -------------------------------------------------------------------
                         required time                         30.985    
                         arrival time                          -5.023    
  -------------------------------------------------------------------
                         slack                                 25.962    

Slack (MET) :             26.074ns  (required time - arrival time)
  Source:                 wrst_n
                            (input port clocked by wclk  {rise@0.000ns fall@15.000ns period=30.000ns})
  Destination:            wptr_reg[1]/CLR
                            (recovery check against rising-edge clock wclk  {rise@0.000ns fall@15.000ns period=30.000ns})
  Path Group:             **async_default**
  Path Type:              Recovery (Max at Fast Process Corner)
  Requirement:            30.000ns  (wclk rise@30.000ns - wclk rise@0.000ns)
  Data Path Delay:        1.363ns  (logic 0.404ns (29.666%)  route 0.959ns (70.334%))
  Logic Levels:           2  (IBUF=1 LUT1=1)
  Input Delay:            3.500ns
  Clock Path Skew:        1.425ns (DCD - SCD + CPR)
    Destination Clock Delay (DCD):    1.425ns = ( 31.425 - 30.000 ) 
    Source Clock Delay      (SCD):    0.000ns
    Clock Pessimism Removal (CPR):    0.000ns
  Clock Uncertainty:      0.335ns  ((TSJ^2 + TIJ^2)^1/2 + DJ) / 2 + PE + UU
    Total System Jitter     (TSJ):    0.071ns
    Total Input Jitter      (TIJ):    0.000ns
    Discrete Jitter          (DJ):    0.000ns
    Phase Error              (PE):    0.000ns
    User Uncertainty         (UU):    0.300ns

    Location             Delay type                Incr(ns)  Path(ns)    Netlist Resource(s)
  -------------------------------------------------------------------    -------------------
                         (clock wclk rise edge)       0.000     0.000 r  
                         input delay                  3.500     3.500    
    R18                                               0.000     3.500 r  wrst_n (IN)
                         net (fo=0)                   0.000     3.500    wrst_n
    R18                  IBUF (Prop_ibuf_I_O)         0.348     3.848 r  wrst_n_IBUF_inst/O
                         net (fo=3, routed)           0.686     4.534    wrst_n_IBUF
    SLICE_X0Y12          LUT1 (Prop_lut1_I0_O)        0.056     4.590 f  rptr_sync[3]_i_1/O
                         net (fo=8, routed)           0.273     4.863    rptr_sync[3]_i_1_n_0
    SLICE_X1Y12          FDCE                                         f  wptr_reg[1]/CLR
  -------------------------------------------------------------------    -------------------

                         (clock wclk rise edge)      30.000    30.000 r  
    P18                                               0.000    30.000 r  wclk (IN)
                         net (fo=0)                   0.000    30.000    wclk
    P18                  IBUF (Prop_ibuf_I_O)         0.173    30.173 r  wclk_IBUF_inst/O
                         net (fo=1, routed)           0.634    30.807    wclk_IBUF
    BUFGCTRL_X0Y0        BUFG (Prop_bufg_I_O)         0.026    30.833 r  wclk_IBUF_BUFG_inst/O
                         net (fo=72, routed)          0.592    31.425    wclk_IBUF_BUFG
    SLICE_X1Y12          FDCE                                         r  wptr_reg[1]/C
                         clock pessimism              0.000    31.425    
                         clock uncertainty           -0.335    31.090    
    SLICE_X1Y12          FDCE (Recov_fdce_C_CLR)     -0.153    30.937    wptr_reg[1]
  -------------------------------------------------------------------
                         required time                         30.937    
                         arrival time                          -4.863    
  -------------------------------------------------------------------
                         slack                                 26.074    

Slack (MET) :             26.074ns  (required time - arrival time)
  Source:                 wrst_n
                            (input port clocked by wclk  {rise@0.000ns fall@15.000ns period=30.000ns})
  Destination:            wptr_reg[2]/CLR
                            (recovery check against rising-edge clock wclk  {rise@0.000ns fall@15.000ns period=30.000ns})
  Path Group:             **async_default**
  Path Type:              Recovery (Max at Fast Process Corner)
  Requirement:            30.000ns  (wclk rise@30.000ns - wclk rise@0.000ns)
  Data Path Delay:        1.363ns  (logic 0.404ns (29.666%)  route 0.959ns (70.334%))
  Logic Levels:           2  (IBUF=1 LUT1=1)
  Input Delay:            3.500ns
  Clock Path Skew:        1.425ns (DCD - SCD + CPR)
    Destination Clock Delay (DCD):    1.425ns = ( 31.425 - 30.000 ) 
    Source Clock Delay      (SCD):    0.000ns
    Clock Pessimism Removal (CPR):    0.000ns
  Clock Uncertainty:      0.335ns  ((TSJ^2 + TIJ^2)^1/2 + DJ) / 2 + PE + UU
    Total System Jitter     (TSJ):    0.071ns
    Total Input Jitter      (TIJ):    0.000ns
    Discrete Jitter          (DJ):    0.000ns
    Phase Error              (PE):    0.000ns
    User Uncertainty         (UU):    0.300ns

    Location             Delay type                Incr(ns)  Path(ns)    Netlist Resource(s)
  -------------------------------------------------------------------    -------------------
                         (clock wclk rise edge)       0.000     0.000 r  
                         input delay                  3.500     3.500    
    R18                                               0.000     3.500 r  wrst_n (IN)
                         net (fo=0)                   0.000     3.500    wrst_n
    R18                  IBUF (Prop_ibuf_I_O)         0.348     3.848 r  wrst_n_IBUF_inst/O
                         net (fo=3, routed)           0.686     4.534    wrst_n_IBUF
    SLICE_X0Y12          LUT1 (Prop_lut1_I0_O)        0.056     4.590 f  rptr_sync[3]_i_1/O
                         net (fo=8, routed)           0.273     4.863    rptr_sync[3]_i_1_n_0
    SLICE_X1Y12          FDCE                                         f  wptr_reg[2]/CLR
  -------------------------------------------------------------------    -------------------

                         (clock wclk rise edge)      30.000    30.000 r  
    P18                                               0.000    30.000 r  wclk (IN)
                         net (fo=0)                   0.000    30.000    wclk
    P18                  IBUF (Prop_ibuf_I_O)         0.173    30.173 r  wclk_IBUF_inst/O
                         net (fo=1, routed)           0.634    30.807    wclk_IBUF
    BUFGCTRL_X0Y0        BUFG (Prop_bufg_I_O)         0.026    30.833 r  wclk_IBUF_BUFG_inst/O
                         net (fo=72, routed)          0.592    31.425    wclk_IBUF_BUFG
    SLICE_X1Y12          FDCE                                         r  wptr_reg[2]/C
                         clock pessimism              0.000    31.425    
                         clock uncertainty           -0.335    31.090    
    SLICE_X1Y12          FDCE (Recov_fdce_C_CLR)     -0.153    30.937    wptr_reg[2]
  -------------------------------------------------------------------
                         required time                         30.937    
                         arrival time                          -4.863    
  -------------------------------------------------------------------
                         slack                                 26.074    

Slack (MET) :             26.074ns  (required time - arrival time)
  Source:                 wrst_n
                            (input port clocked by wclk  {rise@0.000ns fall@15.000ns period=30.000ns})
  Destination:            wptr_reg[3]/CLR
                            (recovery check against rising-edge clock wclk  {rise@0.000ns fall@15.000ns period=30.000ns})
  Path Group:             **async_default**
  Path Type:              Recovery (Max at Fast Process Corner)
  Requirement:            30.000ns  (wclk rise@30.000ns - wclk rise@0.000ns)
  Data Path Delay:        1.363ns  (logic 0.404ns (29.666%)  route 0.959ns (70.334%))
  Logic Levels:           2  (IBUF=1 LUT1=1)
  Input Delay:            3.500ns
  Clock Path Skew:        1.425ns (DCD - SCD + CPR)
    Destination Clock Delay (DCD):    1.425ns = ( 31.425 - 30.000 ) 
    Source Clock Delay      (SCD):    0.000ns
    Clock Pessimism Removal (CPR):    0.000ns
  Clock Uncertainty:      0.335ns  ((TSJ^2 + TIJ^2)^1/2 + DJ) / 2 + PE + UU
    Total System Jitter     (TSJ):    0.071ns
    Total Input Jitter      (TIJ):    0.000ns
    Discrete Jitter          (DJ):    0.000ns
    Phase Error              (PE):    0.000ns
    User Uncertainty         (UU):    0.300ns

    Location             Delay type                Incr(ns)  Path(ns)    Netlist Resource(s)
  -------------------------------------------------------------------    -------------------
                         (clock wclk rise edge)       0.000     0.000 r  
                         input delay                  3.500     3.500    
    R18                                               0.000     3.500 r  wrst_n (IN)
                         net (fo=0)                   0.000     3.500    wrst_n
    R18                  IBUF (Prop_ibuf_I_O)         0.348     3.848 r  wrst_n_IBUF_inst/O
                         net (fo=3, routed)           0.686     4.534    wrst_n_IBUF
    SLICE_X0Y12          LUT1 (Prop_lut1_I0_O)        0.056     4.590 f  rptr_sync[3]_i_1/O
                         net (fo=8, routed)           0.273     4.863    rptr_sync[3]_i_1_n_0
    SLICE_X1Y12          FDCE                                         f  wptr_reg[3]/CLR
  -------------------------------------------------------------------    -------------------

                         (clock wclk rise edge)      30.000    30.000 r  
    P18                                               0.000    30.000 r  wclk (IN)
                         net (fo=0)                   0.000    30.000    wclk
    P18                  IBUF (Prop_ibuf_I_O)         0.173    30.173 r  wclk_IBUF_inst/O
                         net (fo=1, routed)           0.634    30.807    wclk_IBUF
    BUFGCTRL_X0Y0        BUFG (Prop_bufg_I_O)         0.026    30.833 r  wclk_IBUF_BUFG_inst/O
                         net (fo=72, routed)          0.592    31.425    wclk_IBUF_BUFG
    SLICE_X1Y12          FDCE                                         r  wptr_reg[3]/C
                         clock pessimism              0.000    31.425    
                         clock uncertainty           -0.335    31.090    
    SLICE_X1Y12          FDCE (Recov_fdce_C_CLR)     -0.153    30.937    wptr_reg[3]
  -------------------------------------------------------------------
                         required time                         30.937    
                         arrival time                          -4.863    
  -------------------------------------------------------------------
                         slack                                 26.074    





Min Delay Paths
--------------------------------------------------------------------------------------
Slack (MET) :             0.110ns  (arrival time - required time)
  Source:                 wrst_n
                            (input port clocked by wclk  {rise@0.000ns fall@15.000ns period=30.000ns})
  Destination:            wptr_reg[1]/CLR
                            (removal check against rising-edge clock wclk  {rise@0.000ns fall@15.000ns period=30.000ns})
  Path Group:             **async_default**
  Path Type:              Removal (Min at Slow Process Corner)
  Requirement:            0.000ns  (wclk rise@0.000ns - wclk rise@0.000ns)
  Data Path Delay:        2.683ns  (logic 0.897ns (33.448%)  route 1.786ns (66.552%))
  Logic Levels:           2  (IBUF=1 LUT1=1)
  Input Delay:            2.000ns
  Clock Path Skew:        4.646ns (DCD - SCD - CPR)
    Destination Clock Delay (DCD):    4.646ns
    Source Clock Delay      (SCD):    0.000ns
    Clock Pessimism Removal (CPR):    -0.000ns
  Clock Uncertainty:      0.135ns  ((TSJ^2 + TIJ^2)^1/2 + DJ) / 2 + PE + UU
    Total System Jitter     (TSJ):    0.071ns
    Total Input Jitter      (TIJ):    0.000ns
    Discrete Jitter          (DJ):    0.000ns
    Phase Error              (PE):    0.000ns
    User Uncertainty         (UU):    0.100ns

    Location             Delay type                Incr(ns)  Path(ns)    Netlist Resource(s)
  -------------------------------------------------------------------    -------------------
                         (clock wclk rise edge)       0.000     0.000 r  
                         input delay                  2.000     2.000    
    R18                                               0.000     2.000 r  wrst_n (IN)
                         net (fo=0)                   0.000     2.000    wrst_n
    R18                  IBUF (Prop_ibuf_I_O)         0.797     2.797 r  wrst_n_IBUF_inst/O
                         net (fo=3, routed)           1.245     4.042    wrst_n_IBUF
    SLICE_X0Y12          LUT1 (Prop_lut1_I0_O)        0.100     4.142 f  rptr_sync[3]_i_1/O
                         net (fo=8, routed)           0.541     4.683    rptr_sync[3]_i_1_n_0
    SLICE_X1Y12          FDCE                                         f  wptr_reg[1]/CLR
  -------------------------------------------------------------------    -------------------

                         (clock wclk rise edge)       0.000     0.000 r  
    P18                                               0.000     0.000 r  wclk (IN)
                         net (fo=0)                   0.000     0.000    wclk
    P18                  IBUF (Prop_ibuf_I_O)         0.944     0.944 r  wclk_IBUF_inst/O
                         net (fo=1, routed)           1.972     2.916    wclk_IBUF
    BUFGCTRL_X0Y0        BUFG (Prop_bufg_I_O)         0.096     3.012 r  wclk_IBUF_BUFG_inst/O
                         net (fo=72, routed)          1.634     4.646    wclk_IBUF_BUFG
    SLICE_X1Y12          FDCE                                         r  wptr_reg[1]/C
                         clock pessimism              0.000     4.646    
                         clock uncertainty            0.135     4.781    
    SLICE_X1Y12          FDCE (Remov_fdce_C_CLR)     -0.208     4.573    wptr_reg[1]
  -------------------------------------------------------------------
                         required time                         -4.573    
                         arrival time                           4.683    
  -------------------------------------------------------------------
                         slack                                  0.110    

Slack (MET) :             0.110ns  (arrival time - required time)
  Source:                 wrst_n
                            (input port clocked by wclk  {rise@0.000ns fall@15.000ns period=30.000ns})
  Destination:            wptr_reg[2]/CLR
                            (removal check against rising-edge clock wclk  {rise@0.000ns fall@15.000ns period=30.000ns})
  Path Group:             **async_default**
  Path Type:              Removal (Min at Slow Process Corner)
  Requirement:            0.000ns  (wclk rise@0.000ns - wclk rise@0.000ns)
  Data Path Delay:        2.683ns  (logic 0.897ns (33.448%)  route 1.786ns (66.552%))
  Logic Levels:           2  (IBUF=1 LUT1=1)
  Input Delay:            2.000ns
  Clock Path Skew:        4.646ns (DCD - SCD - CPR)
    Destination Clock Delay (DCD):    4.646ns
    Source Clock Delay      (SCD):    0.000ns
    Clock Pessimism Removal (CPR):    -0.000ns
  Clock Uncertainty:      0.135ns  ((TSJ^2 + TIJ^2)^1/2 + DJ) / 2 + PE + UU
    Total System Jitter     (TSJ):    0.071ns
    Total Input Jitter      (TIJ):    0.000ns
    Discrete Jitter          (DJ):    0.000ns
    Phase Error              (PE):    0.000ns
    User Uncertainty         (UU):    0.100ns

    Location             Delay type                Incr(ns)  Path(ns)    Netlist Resource(s)
  -------------------------------------------------------------------    -------------------
                         (clock wclk rise edge)       0.000     0.000 r  
                         input delay                  2.000     2.000    
    R18                                               0.000     2.000 r  wrst_n (IN)
                         net (fo=0)                   0.000     2.000    wrst_n
    R18                  IBUF (Prop_ibuf_I_O)         0.797     2.797 r  wrst_n_IBUF_inst/O
                         net (fo=3, routed)           1.245     4.042    wrst_n_IBUF
    SLICE_X0Y12          LUT1 (Prop_lut1_I0_O)        0.100     4.142 f  rptr_sync[3]_i_1/O
                         net (fo=8, routed)           0.541     4.683    rptr_sync[3]_i_1_n_0
    SLICE_X1Y12          FDCE                                         f  wptr_reg[2]/CLR
  -------------------------------------------------------------------    -------------------

                         (clock wclk rise edge)       0.000     0.000 r  
    P18                                               0.000     0.000 r  wclk (IN)
                         net (fo=0)                   0.000     0.000    wclk
    P18                  IBUF (Prop_ibuf_I_O)         0.944     0.944 r  wclk_IBUF_inst/O
                         net (fo=1, routed)           1.972     2.916    wclk_IBUF
    BUFGCTRL_X0Y0        BUFG (Prop_bufg_I_O)         0.096     3.012 r  wclk_IBUF_BUFG_inst/O
                         net (fo=72, routed)          1.634     4.646    wclk_IBUF_BUFG
    SLICE_X1Y12          FDCE                                         r  wptr_reg[2]/C
                         clock pessimism              0.000     4.646    
                         clock uncertainty            0.135     4.781    
    SLICE_X1Y12          FDCE (Remov_fdce_C_CLR)     -0.208     4.573    wptr_reg[2]
  -------------------------------------------------------------------
                         required time                         -4.573    
                         arrival time                           4.683    
  -------------------------------------------------------------------
                         slack                                  0.110    

Slack (MET) :             0.110ns  (arrival time - required time)
  Source:                 wrst_n
                            (input port clocked by wclk  {rise@0.000ns fall@15.000ns period=30.000ns})
  Destination:            wptr_reg[3]/CLR
                            (removal check against rising-edge clock wclk  {rise@0.000ns fall@15.000ns period=30.000ns})
  Path Group:             **async_default**
  Path Type:              Removal (Min at Slow Process Corner)
  Requirement:            0.000ns  (wclk rise@0.000ns - wclk rise@0.000ns)
  Data Path Delay:        2.683ns  (logic 0.897ns (33.448%)  route 1.786ns (66.552%))
  Logic Levels:           2  (IBUF=1 LUT1=1)
  Input Delay:            2.000ns
  Clock Path Skew:        4.646ns (DCD - SCD - CPR)
    Destination Clock Delay (DCD):    4.646ns
    Source Clock Delay      (SCD):    0.000ns
    Clock Pessimism Removal (CPR):    -0.000ns
  Clock Uncertainty:      0.135ns  ((TSJ^2 + TIJ^2)^1/2 + DJ) / 2 + PE + UU
    Total System Jitter     (TSJ):    0.071ns
    Total Input Jitter      (TIJ):    0.000ns
    Discrete Jitter          (DJ):    0.000ns
    Phase Error              (PE):    0.000ns
    User Uncertainty         (UU):    0.100ns

    Location             Delay type                Incr(ns)  Path(ns)    Netlist Resource(s)
  -------------------------------------------------------------------    -------------------
                         (clock wclk rise edge)       0.000     0.000 r  
                         input delay                  2.000     2.000    
    R18                                               0.000     2.000 r  wrst_n (IN)
                         net (fo=0)                   0.000     2.000    wrst_n
    R18                  IBUF (Prop_ibuf_I_O)         0.797     2.797 r  wrst_n_IBUF_inst/O
                         net (fo=3, routed)           1.245     4.042    wrst_n_IBUF
    SLICE_X0Y12          LUT1 (Prop_lut1_I0_O)        0.100     4.142 f  rptr_sync[3]_i_1/O
                         net (fo=8, routed)           0.541     4.683    rptr_sync[3]_i_1_n_0
    SLICE_X1Y12          FDCE                                         f  wptr_reg[3]/CLR
  -------------------------------------------------------------------    -------------------

                         (clock wclk rise edge)       0.000     0.000 r  
    P18                                               0.000     0.000 r  wclk (IN)
                         net (fo=0)                   0.000     0.000    wclk
    P18                  IBUF (Prop_ibuf_I_O)         0.944     0.944 r  wclk_IBUF_inst/O
                         net (fo=1, routed)           1.972     2.916    wclk_IBUF
    BUFGCTRL_X0Y0        BUFG (Prop_bufg_I_O)         0.096     3.012 r  wclk_IBUF_BUFG_inst/O
                         net (fo=72, routed)          1.634     4.646    wclk_IBUF_BUFG
    SLICE_X1Y12          FDCE                                         r  wptr_reg[3]/C
                         clock pessimism              0.000     4.646    
                         clock uncertainty            0.135     4.781    
    SLICE_X1Y12          FDCE (Remov_fdce_C_CLR)     -0.208     4.573    wptr_reg[3]
  -------------------------------------------------------------------
                         required time                         -4.573    
                         arrival time                           4.683    
  -------------------------------------------------------------------
                         slack                                  0.110    

Slack (MET) :             0.319ns  (arrival time - required time)
  Source:                 wrst_n
                            (input port clocked by wclk  {rise@0.000ns fall@15.000ns period=30.000ns})
  Destination:            rptr_sync_reg[0]/CLR
                            (removal check against rising-edge clock wclk  {rise@0.000ns fall@15.000ns period=30.000ns})
  Path Group:             **async_default**
  Path Type:              Removal (Min at Slow Process Corner)
  Requirement:            0.000ns  (wclk rise@0.000ns - wclk rise@0.000ns)
  Data Path Delay:        2.945ns  (logic 0.897ns (30.472%)  route 2.048ns (69.528%))
  Logic Levels:           2  (IBUF=1 LUT1=1)
  Input Delay:            2.000ns
  Clock Path Skew:        4.646ns (DCD - SCD - CPR)
    Destination Clock Delay (DCD):    4.646ns
    Source Clock Delay      (SCD):    0.000ns
    Clock Pessimism Removal (CPR):    -0.000ns
  Clock Uncertainty:      0.135ns  ((TSJ^2 + TIJ^2)^1/2 + DJ) / 2 + PE + UU
    Total System Jitter     (TSJ):    0.071ns
    Total Input Jitter      (TIJ):    0.000ns
    Discrete Jitter          (DJ):    0.000ns
    Phase Error              (PE):    0.000ns
    User Uncertainty         (UU):    0.100ns

    Location             Delay type                Incr(ns)  Path(ns)    Netlist Resource(s)
  -------------------------------------------------------------------    -------------------
                         (clock wclk rise edge)       0.000     0.000 r  
                         input delay                  2.000     2.000    
    R18                                               0.000     2.000 r  wrst_n (IN)
                         net (fo=0)                   0.000     2.000    wrst_n
    R18                  IBUF (Prop_ibuf_I_O)         0.797     2.797 r  wrst_n_IBUF_inst/O
                         net (fo=3, routed)           1.245     4.042    wrst_n_IBUF
    SLICE_X0Y12          LUT1 (Prop_lut1_I0_O)        0.100     4.142 f  rptr_sync[3]_i_1/O
                         net (fo=8, routed)           0.803     4.945    rptr_sync[3]_i_1_n_0
    SLICE_X2Y12          FDCE                                         f  rptr_sync_reg[0]/CLR
  -------------------------------------------------------------------    -------------------

                         (clock wclk rise edge)       0.000     0.000 r  
    P18                                               0.000     0.000 r  wclk (IN)
                         net (fo=0)                   0.000     0.000    wclk
    P18                  IBUF (Prop_ibuf_I_O)         0.944     0.944 r  wclk_IBUF_inst/O
                         net (fo=1, routed)           1.972     2.916    wclk_IBUF
    BUFGCTRL_X0Y0        BUFG (Prop_bufg_I_O)         0.096     3.012 r  wclk_IBUF_BUFG_inst/O
                         net (fo=72, routed)          1.634     4.646    wclk_IBUF_BUFG
    SLICE_X2Y12          FDCE                                         r  rptr_sync_reg[0]/C
                         clock pessimism              0.000     4.646    
                         clock uncertainty            0.135     4.781    
    SLICE_X2Y12          FDCE (Remov_fdce_C_CLR)     -0.155     4.626    rptr_sync_reg[0]
  -------------------------------------------------------------------
                         required time                         -4.626    
                         arrival time                           4.945    
  -------------------------------------------------------------------
                         slack                                  0.319    

Slack (MET) :             0.319ns  (arrival time - required time)
  Source:                 wrst_n
                            (input port clocked by wclk  {rise@0.000ns fall@15.000ns period=30.000ns})
  Destination:            rptr_sync_reg[1]/CLR
                            (removal check against rising-edge clock wclk  {rise@0.000ns fall@15.000ns period=30.000ns})
  Path Group:             **async_default**
  Path Type:              Removal (Min at Slow Process Corner)
  Requirement:            0.000ns  (wclk rise@0.000ns - wclk rise@0.000ns)
  Data Path Delay:        2.945ns  (logic 0.897ns (30.472%)  route 2.048ns (69.528%))
  Logic Levels:           2  (IBUF=1 LUT1=1)
  Input Delay:            2.000ns
  Clock Path Skew:        4.646ns (DCD - SCD - CPR)
    Destination Clock Delay (DCD):    4.646ns
    Source Clock Delay      (SCD):    0.000ns
    Clock Pessimism Removal (CPR):    -0.000ns
  Clock Uncertainty:      0.135ns  ((TSJ^2 + TIJ^2)^1/2 + DJ) / 2 + PE + UU
    Total System Jitter     (TSJ):    0.071ns
    Total Input Jitter      (TIJ):    0.000ns
    Discrete Jitter          (DJ):    0.000ns
    Phase Error              (PE):    0.000ns
    User Uncertainty         (UU):    0.100ns

    Location             Delay type                Incr(ns)  Path(ns)    Netlist Resource(s)
  -------------------------------------------------------------------    -------------------
                         (clock wclk rise edge)       0.000     0.000 r  
                         input delay                  2.000     2.000    
    R18                                               0.000     2.000 r  wrst_n (IN)
                         net (fo=0)                   0.000     2.000    wrst_n
    R18                  IBUF (Prop_ibuf_I_O)         0.797     2.797 r  wrst_n_IBUF_inst/O
                         net (fo=3, routed)           1.245     4.042    wrst_n_IBUF
    SLICE_X0Y12          LUT1 (Prop_lut1_I0_O)        0.100     4.142 f  rptr_sync[3]_i_1/O
                         net (fo=8, routed)           0.803     4.945    rptr_sync[3]_i_1_n_0
    SLICE_X2Y12          FDCE                                         f  rptr_sync_reg[1]/CLR
  -------------------------------------------------------------------    -------------------

                         (clock wclk rise edge)       0.000     0.000 r  
    P18                                               0.000     0.000 r  wclk (IN)
                         net (fo=0)                   0.000     0.000    wclk
    P18                  IBUF (Prop_ibuf_I_O)         0.944     0.944 r  wclk_IBUF_inst/O
                         net (fo=1, routed)           1.972     2.916    wclk_IBUF
    BUFGCTRL_X0Y0        BUFG (Prop_bufg_I_O)         0.096     3.012 r  wclk_IBUF_BUFG_inst/O
                         net (fo=72, routed)          1.634     4.646    wclk_IBUF_BUFG
    SLICE_X2Y12          FDCE                                         r  rptr_sync_reg[1]/C
                         clock pessimism              0.000     4.646    
                         clock uncertainty            0.135     4.781    
    SLICE_X2Y12          FDCE (Remov_fdce_C_CLR)     -0.155     4.626    rptr_sync_reg[1]
  -------------------------------------------------------------------
                         required time                         -4.626    
                         arrival time                           4.945    
  -------------------------------------------------------------------
                         slack                                  0.319    

Slack (MET) :             0.319ns  (arrival time - required time)
  Source:                 wrst_n
                            (input port clocked by wclk  {rise@0.000ns fall@15.000ns period=30.000ns})
  Destination:            rptr_sync_reg[2]/CLR
                            (removal check against rising-edge clock wclk  {rise@0.000ns fall@15.000ns period=30.000ns})
  Path Group:             **async_default**
  Path Type:              Removal (Min at Slow Process Corner)
  Requirement:            0.000ns  (wclk rise@0.000ns - wclk rise@0.000ns)
  Data Path Delay:        2.945ns  (logic 0.897ns (30.472%)  route 2.048ns (69.528%))
  Logic Levels:           2  (IBUF=1 LUT1=1)
  Input Delay:            2.000ns
  Clock Path Skew:        4.646ns (DCD - SCD - CPR)
    Destination Clock Delay (DCD):    4.646ns
    Source Clock Delay      (SCD):    0.000ns
    Clock Pessimism Removal (CPR):    -0.000ns
  Clock Uncertainty:      0.135ns  ((TSJ^2 + TIJ^2)^1/2 + DJ) / 2 + PE + UU
    Total System Jitter     (TSJ):    0.071ns
    Total Input Jitter      (TIJ):    0.000ns
    Discrete Jitter          (DJ):    0.000ns
    Phase Error              (PE):    0.000ns
    User Uncertainty         (UU):    0.100ns

    Location             Delay type                Incr(ns)  Path(ns)    Netlist Resource(s)
  -------------------------------------------------------------------    -------------------
                         (clock wclk rise edge)       0.000     0.000 r  
                         input delay                  2.000     2.000    
    R18                                               0.000     2.000 r  wrst_n (IN)
                         net (fo=0)                   0.000     2.000    wrst_n
    R18                  IBUF (Prop_ibuf_I_O)         0.797     2.797 r  wrst_n_IBUF_inst/O
                         net (fo=3, routed)           1.245     4.042    wrst_n_IBUF
    SLICE_X0Y12          LUT1 (Prop_lut1_I0_O)        0.100     4.142 f  rptr_sync[3]_i_1/O
                         net (fo=8, routed)           0.803     4.945    rptr_sync[3]_i_1_n_0
    SLICE_X2Y12          FDCE                                         f  rptr_sync_reg[2]/CLR
  -------------------------------------------------------------------    -------------------

                         (clock wclk rise edge)       0.000     0.000 r  
    P18                                               0.000     0.000 r  wclk (IN)
                         net (fo=0)                   0.000     0.000    wclk
    P18                  IBUF (Prop_ibuf_I_O)         0.944     0.944 r  wclk_IBUF_inst/O
                         net (fo=1, routed)           1.972     2.916    wclk_IBUF
    BUFGCTRL_X0Y0        BUFG (Prop_bufg_I_O)         0.096     3.012 r  wclk_IBUF_BUFG_inst/O
                         net (fo=72, routed)          1.634     4.646    wclk_IBUF_BUFG
    SLICE_X2Y12          FDCE                                         r  rptr_sync_reg[2]/C
                         clock pessimism              0.000     4.646    
                         clock uncertainty            0.135     4.781    
    SLICE_X2Y12          FDCE (Remov_fdce_C_CLR)     -0.155     4.626    rptr_sync_reg[2]
  -------------------------------------------------------------------
                         required time                         -4.626    
                         arrival time                           4.945    
  -------------------------------------------------------------------
                         slack                                  0.319    

Slack (MET) :             0.319ns  (arrival time - required time)
  Source:                 wrst_n
                            (input port clocked by wclk  {rise@0.000ns fall@15.000ns period=30.000ns})
  Destination:            rptr_sync_reg[3]/CLR
                            (removal check against rising-edge clock wclk  {rise@0.000ns fall@15.000ns period=30.000ns})
  Path Group:             **async_default**
  Path Type:              Removal (Min at Slow Process Corner)
  Requirement:            0.000ns  (wclk rise@0.000ns - wclk rise@0.000ns)
  Data Path Delay:        2.945ns  (logic 0.897ns (30.472%)  route 2.048ns (69.528%))
  Logic Levels:           2  (IBUF=1 LUT1=1)
  Input Delay:            2.000ns
  Clock Path Skew:        4.646ns (DCD - SCD - CPR)
    Destination Clock Delay (DCD):    4.646ns
    Source Clock Delay      (SCD):    0.000ns
    Clock Pessimism Removal (CPR):    -0.000ns
  Clock Uncertainty:      0.135ns  ((TSJ^2 + TIJ^2)^1/2 + DJ) / 2 + PE + UU
    Total System Jitter     (TSJ):    0.071ns
    Total Input Jitter      (TIJ):    0.000ns
    Discrete Jitter          (DJ):    0.000ns
    Phase Error              (PE):    0.000ns
    User Uncertainty         (UU):    0.100ns

    Location             Delay type                Incr(ns)  Path(ns)    Netlist Resource(s)
  -------------------------------------------------------------------    -------------------
                         (clock wclk rise edge)       0.000     0.000 r  
                         input delay                  2.000     2.000    
    R18                                               0.000     2.000 r  wrst_n (IN)
                         net (fo=0)                   0.000     2.000    wrst_n
    R18                  IBUF (Prop_ibuf_I_O)         0.797     2.797 r  wrst_n_IBUF_inst/O
                         net (fo=3, routed)           1.245     4.042    wrst_n_IBUF
    SLICE_X0Y12          LUT1 (Prop_lut1_I0_O)        0.100     4.142 f  rptr_sync[3]_i_1/O
                         net (fo=8, routed)           0.803     4.945    rptr_sync[3]_i_1_n_0
    SLICE_X2Y12          FDCE                                         f  rptr_sync_reg[3]/CLR
  -------------------------------------------------------------------    -------------------

                         (clock wclk rise edge)       0.000     0.000 r  
    P18                                               0.000     0.000 r  wclk (IN)
                         net (fo=0)                   0.000     0.000    wclk
    P18                  IBUF (Prop_ibuf_I_O)         0.944     0.944 r  wclk_IBUF_inst/O
                         net (fo=1, routed)           1.972     2.916    wclk_IBUF
    BUFGCTRL_X0Y0        BUFG (Prop_bufg_I_O)         0.096     3.012 r  wclk_IBUF_BUFG_inst/O
                         net (fo=72, routed)          1.634     4.646    wclk_IBUF_BUFG
    SLICE_X2Y12          FDCE                                         r  rptr_sync_reg[3]/C
                         clock pessimism              0.000     4.646    
                         clock uncertainty            0.135     4.781    
    SLICE_X2Y12          FDCE (Remov_fdce_C_CLR)     -0.155     4.626    rptr_sync_reg[3]
  -------------------------------------------------------------------
                         required time                         -4.626    
                         arrival time                           4.945    
  -------------------------------------------------------------------
                         slack                                  0.319    

Slack (MET) :             0.366ns  (arrival time - required time)
  Source:                 wrst_n
                            (input port clocked by wclk  {rise@0.000ns fall@15.000ns period=30.000ns})
  Destination:            wptr_reg[0]/CLR
                            (removal check against rising-edge clock wclk  {rise@0.000ns fall@15.000ns period=30.000ns})
  Path Group:             **async_default**
  Path Type:              Removal (Min at Slow Process Corner)
  Requirement:            0.000ns  (wclk rise@0.000ns - wclk rise@0.000ns)
  Data Path Delay:        2.938ns  (logic 0.897ns (30.544%)  route 2.041ns (69.456%))
  Logic Levels:           2  (IBUF=1 LUT1=1)
  Input Delay:            2.000ns
  Clock Path Skew:        4.645ns (DCD - SCD - CPR)
    Destination Clock Delay (DCD):    4.645ns
    Source Clock Delay      (SCD):    0.000ns
    Clock Pessimism Removal (CPR):    -0.000ns
  Clock Uncertainty:      0.135ns  ((TSJ^2 + TIJ^2)^1/2 + DJ) / 2 + PE + UU
    Total System Jitter     (TSJ):    0.071ns
    Total Input Jitter      (TIJ):    0.000ns
    Discrete Jitter          (DJ):    0.000ns
    Phase Error              (PE):    0.000ns
    User Uncertainty         (UU):    0.100ns

    Location             Delay type                Incr(ns)  Path(ns)    Netlist Resource(s)
  -------------------------------------------------------------------    -------------------
                         (clock wclk rise edge)       0.000     0.000 r  
                         input delay                  2.000     2.000    
    R18                                               0.000     2.000 r  wrst_n (IN)
                         net (fo=0)                   0.000     2.000    wrst_n
    R18                  IBUF (Prop_ibuf_I_O)         0.797     2.797 r  wrst_n_IBUF_inst/O
                         net (fo=3, routed)           1.245     4.042    wrst_n_IBUF
    SLICE_X0Y12          LUT1 (Prop_lut1_I0_O)        0.100     4.142 f  rptr_sync[3]_i_1/O
                         net (fo=8, routed)           0.796     4.938    rptr_sync[3]_i_1_n_0
    SLICE_X1Y13          FDCE                                         f  wptr_reg[0]/CLR
  -------------------------------------------------------------------    -------------------

                         (clock wclk rise edge)       0.000     0.000 r  
    P18                                               0.000     0.000 r  wclk (IN)
                         net (fo=0)                   0.000     0.000    wclk
    P18                  IBUF (Prop_ibuf_I_O)         0.944     0.944 r  wclk_IBUF_inst/O
                         net (fo=1, routed)           1.972     2.916    wclk_IBUF
    BUFGCTRL_X0Y0        BUFG (Prop_bufg_I_O)         0.096     3.012 r  wclk_IBUF_BUFG_inst/O
                         net (fo=72, routed)          1.633     4.645    wclk_IBUF_BUFG
    SLICE_X1Y13          FDCE                                         r  wptr_reg[0]/C
                         clock pessimism              0.000     4.645    
                         clock uncertainty            0.135     4.780    
    SLICE_X1Y13          FDCE (Remov_fdce_C_CLR)     -0.208     4.572    wptr_reg[0]
  -------------------------------------------------------------------
                         required time                         -4.572    
                         arrival time                           4.938    
  -------------------------------------------------------------------
                         slack                                  0.366    





